Account ID,Account Name,State,Entity Type,Owner,Population,Account Status,Tier,SQO Points,Lat,Lng,Starbridge Buyer ID,Opp Status,Stage,Funnel Position,Sourced By,Discovery Call Date,Created Date,ARR,Previously Lost,Total Calls,Last Call Date,Calls - Ali Cohen,Calls - Quinzel Perry,Calls - Jenny Allison,Calls - Alicia Gopal,Salesforce ID
001Hr000028Zbnl,"Town Of Dumfries, VA",Virginia,Municipality,Ali Cohen,5687,,Tier 3,0.75,38.5676,-77.328,f90007c9-ab51-45e0-88a7-2a951b7b74f6,,,,,,,,,5,2026-04-27,5,,,,
001Hr000028Zbp1,"City Of Lexington, VA",Virginia,Municipality,Ali Cohen,7456,,Tier 3,0.75,37.784,-79.4428,d6cdaca5-a42b-4416-bbc7-9606ebe2a211,,,,,,,,,,,,,,,
001Hr000028ZbpY,"City Of Buena Vista, VA",Virginia,Municipality,Ali Cohen,6601,Open Opportunity,Tier 3,0.75,37.7343,-79.3539,fb1f963f-40a6-4103-a1bf-298ee7dc0345,Open,Proposal,Mid Funnel,Ali Cohen,3/16/2026,3/12/2026,"$20,000",,3,2026-03-12,2,1,,,
001Hr000028Zbps,"Arlington County, VA",Virginia,County,Ali Cohen,239807,,Tier S,2.0,38.8816,-77.091,11469001-c72f-4194-a702-8afc5fb3f1a0,,,,,,,,,6,2025-11-03,,6,,,
001Hr000028Zbsh,"Town Of Purcellville, VA",Virginia,Municipality,Ali Cohen,9040,Open Opportunity,Tier 3,0.75,39.1367,-77.7145,9dd0b17a-0724-41bd-b97f-029447ef8550,Open,Initial Interest,Top of Funnel,Shane Lieberman,7/23/2024,1/5/2025,,,9,2026-02-20,9,,,,
001Hr000028Zbt0,"City Of Charlottesville, VA",Virginia,Municipality,Ali Cohen,45672,Open Opportunity,Tier 1,1.5,38.0302,-78.4769,69c902d9-543b-4ccf-b814-c95902c86006,Open,Demo,Mid Funnel,Ali Cohen,5/8/2026,2/12/2026,,,49,2026-05-07,49,,,,
001Hr000028Zbt6,"City Of Fredericksburg, VA",Virginia,Municipality,Ali Cohen,28367,Open Opportunity,Tier 1,1.5,38.3004,-77.4588,a5f1f866-16d9-4675-825d-3d993358cdf8,Open,Initial Interest,Top of Funnel,Ali Cohen,3/4/2026,2/11/2026,,,14,2026-04-20,14,,,,
001Hr000028Zc2P,"City Of Staunton, VA",Virginia,Municipality,Ali Cohen,25661,,Tier 1,1.5,38.1494,-79.0737,a8710357-8416-4ce8-9001-c521567c82a1,,,,,,,,,5,2026-04-21,3,2,,,
001Hr000028Zc3L,"Town Of Vienna, VA",Virginia,Municipality,Ali Cohen,16329,,Tier 2,1.0,38.9012,-77.2653,59354b2d-6de2-4bc1-bd01-1d34dc8307c7,,,,,,,,,5,2026-02-24,5,,,,
001Hr000028Zc4i,"Town Of Wytheville, VA",Virginia,Municipality,Ali Cohen,8241,Open Opportunity,Tier 3,0.75,36.9485,-81.0848,8e52e407-a7db-4d2a-80c3-bc4fc09147f9,Open,Initial Interest,Top of Funnel,Ali Cohen,,3/26/2026,,,,,,,,,
001Hr000028Zc6w,"City Of Winchester, VA",Virginia,Municipality,Ali Cohen,28136,Recent Competitor Purchase,Tier 1,1.5,39.1857,-78.1633,84f243d0-05de-4dd6-9012-237db5150b56,,,,,,,,,10,2026-02-19,10,,,,
001Hr000028Zc73,"Town Of Abingdon, VA",Virginia,Municipality,Ali Cohen,8321,,Tier 3,0.75,36.7098,-81.9773,11865252-0a20-445f-959a-4ce02f85078f,,,,,,,,,1,2026-04-08,,,1,,
001Hr000028Zc9I,"Town Of Pulaski, VA",Virginia,Municipality,Ali Cohen,8961,Nurture,Tier 3,0.75,37.0479,-80.7798,55b709a0-8249-4dfc-a1a4-7289a83ce1eb,Closed Lost,,,Asher Rosenfeld,4/18/2024,1/5/2025,"$22,000",,5,2026-04-09,4,1,,,
001Hr000028ZcCw,"Town Of Smithfield, VA",Virginia,Municipality,Ali Cohen,8693,,Tier 3,0.75,36.9824,-76.6311,634088b4-74da-4aaa-b0d5-92e608e8192a,,,,,,,,,9,2026-02-19,9,,,,
001Hr000028ZcDz,"Town Of Warrenton, VA",Virginia,Municipality,Ali Cohen,10109,,Tier 2,1.0,38.7135,-77.7953,af025290-c68a-4a53-88ed-3fe9922119ea,,,,,,,,,1,2026-02-19,1,,,,
001Hr000028ZcGR,"Town Of Woodstock, VA",Virginia,Municipality,Ali Cohen,5861,Nurture,Tier 3,0.75,38.8818,-78.5058,94cadf02-7ae2-4b0c-bf0b-2bdb3add220b,Closed Lost,,,Ali Cohen,2/20/2026,2/19/2026,,,4,2026-02-20,3,,1,,
001Hr000028ZcId,"Town Of Blacksburg, VA",Virginia,Municipality,Ali Cohen,44949,,Tier 1,1.5,37.2301,-80.4151,988dad87-93bb-4b0f-a94e-5dada443d491,,,,,,,,,1,2026-02-13,1,,,,
001Hr000028ZcIe,"Town Of Vinton, VA",Virginia,Municipality,Ali Cohen,8021,,Tier 3,0.75,37.281,-79.897,39fd6ff6-22fe-48bb-93c0-556b0ecea1ec,,,,,,,,,,,,,,,
001Hr000028ZcJ8,"City Of Salem, VA",Virginia,Municipality,Ali Cohen,25373,Nurture,Tier 1,1.5,37.2935,-80.0548,5d992abb-eedd-4b73-9e52-a6306151a073,Open,Initial Interest,Top of Funnel,Asher Rosenfeld,,1/5/2025,,Yes,7,2026-04-29,7,,,,
001Hr000028ZcJg,"Town Of Herndon, VA",Virginia,Municipality,Ali Cohen,24339,,Tier 2,1.0,38.9696,-77.3861,83cc989e-ea64-45e3-a67c-4f711f538da3,,,,,,,,,8,2025-11-03,,8,,,
001Hr000028ZcLo,"City Of Danville, VA",Virginia,Municipality,Ali Cohen,42215,Nurture,Tier 1,1.5,36.586,-79.395,1302d5e5-d670-4a78-867b-dfa8048af897,Closed Lost,,,Emily Murnane,,3/27/2026,,,26,2026-02-26,26,,,,
001Hr000028ZcMg,"Town Of Bluefield, VA",Virginia,Municipality,Ali Cohen,5018,Nurture,Tier 3,0.75,37.2526,-81.2712,5cfc1495-3cd6-44cc-a5a8-ec772354bb0a,Closed Lost,,,Asher Rosenfeld,,1/5/2025,,,7,2026-03-20,2,,5,,
001Hr000028ZcNm,"City Of Poquoson, VA",Virginia,Municipality,Ali Cohen,12574,,Tier 2,1.0,37.1224,-76.3458,e0d3525a-51a3-4456-91bd-1a24b31b0243,,,,,,,,,2,2026-04-21,2,,,,
001Hr000028ZcOG,"Town Of Leesburg, VA",Virginia,Municipality,Ali Cohen,48908,,Tier 1,1.5,39.1155,-77.5645,88740619-0b43-448b-8e85-e1a75e47dd2c,,,,,,,,,10,2026-02-23,10,,,,
001Hr000028ZcOS,"Town Of Farmville, VA",Virginia,Municipality,Ali Cohen,7202,Open Opportunity,Tier 3,0.75,37.3021,-78.3919,a255b464-3ed7-4b4a-b0f5-58b894c4610d,Open,Demo,Mid Funnel,Ali Cohen,4/10/2026,4/7/2026,,,16,2026-04-17,13,1,2,,
001Hr000028ZcPY,"City Of Fairfax, VA",Virginia,Municipality,Ali Cohen,24276,,Tier 2,1.0,38.846,-77.3053,32c125ff-d546-411b-ac12-a592a2181db4,,,,,,,,,1,2026-02-12,1,,,,
001Hr000028ZcSy,"Town Of Strasburg, VA",Virginia,Municipality,Ali Cohen,7191,,Tier 3,0.75,38.9887,-78.3586,e3a01ee0-2e9d-4226-b3d3-d05f86c6b024,,,,,,,,,,,,,,,
001Hr000028ZcTi,"City Of Bristol, VA",Virginia,Municipality,Ali Cohen,17054,,Tier 2,1.0,36.6159,-82.1659,a8982f70-ca81-4c45-837f-c78770826ee3,,,,,,,,,,,,,,,
001Hr000028ZcU0,"City Of Emporia, VA",Virginia,Municipality,Ali Cohen,5667,,Tier 3,0.75,36.686,-77.5425,630a2225-20bd-4e08-9fee-ec261539a414,,,,,,,,,,,,,,,
001Hr000028ZcUG,"Town Of Ashland, VA",Virginia,Municipality,Ali Cohen,7573,,Tier 3,0.75,37.759,-77.48,838b407a-09ea-4649-ace7-2f0f4aaf1659,,,,,,,,,,,,,,,
001Hr000028ZcUj,"Town Of Christiansburg, VA",Virginia,Municipality,Ali Cohen,22615,,Tier 2,1.0,37.1299,-80.4089,76c9127b-2fc3-4de7-a0a4-f6922abc5f89,,,,,,,,,3,2026-04-09,3,,,,
001Hr000028ZcXF,"Town Of Bridgewater, VA",Virginia,Municipality,Ali Cohen,6177,Nurture,Tier 3,0.75,38.3821,-78.9767,fa6a1187-5002-4f35-9f17-95743b0b7407,Closed Lost,,,Shane Lieberman,7/31/2024,1/5/2025,,,8,2026-05-15,8,,,,
001Hr000028ZcXX,"City Of Radford, VA",Virginia,Municipality,Ali Cohen,16499,,Tier 2,1.0,37.1318,-80.5764,bdf23ebe-2e05-4ca1-b914-a6bc5810d01a,,,,,,,,,12,2025-11-03,,12,,,
001Hr000028ZcYQ,"City Of Petersburg, VA",Virginia,Municipality,Ali Cohen,33429,Open Opportunity,Tier 1,1.5,37.2279,-77.4019,341e16cb-11bf-41c8-991f-26f8e86dff55,Open,Initial Interest,Top of Funnel,Ali Cohen,4/1/2026,2/27/2026,,,11,2026-05-20,11,,,,
001Hr000028ZcYv,"City Of Manassas Park, VA",Virginia,Municipality,Ali Cohen,17002,Open Opportunity,Tier 2,1.0,38.784,-77.4697,57ba7ff6-ab92-4824-bc98-370924b57a85,Open,Initial Interest,Top of Funnel,Ali Cohen,,2/20/2026,,,29,2026-04-27,29,,,,
001Hr000028ZcZF,"City Of Martinsville, VA",Virginia,Municipality,Ali Cohen,13517,Open Opportunity,Tier 2,1.0,36.6915,-79.8725,a589cf1a-89e1-4272-95c8-7bead4449e7e,Open,Initial Interest,Top of Funnel,Quinzel Perry,,4/1/2025,,,12,2026-04-29,11,1,,,
001Hr000028ZcaS,"City Of Waynesboro, VA",Virginia,Municipality,Ali Cohen,22550,,Tier 2,1.0,38.0685,-78.8895,8565b6b1-8c7a-44b9-9aa5-b2ac7f5561fd,,,,,,,,,,,,,,,
001Hr000028Zcam,"City Of Manassas, VA",Virginia,Municipality,Ali Cohen,42708,,Tier 1,1.5,38.7513,-77.4707,ef1227c5-6f26-4193-86f8-d53adf8eef17,,,,,,,,,8,2026-02-12,8,,,,
001Hr000028Zcaq,"City Of Colonial Heights, VA",Virginia,Municipality,Ali Cohen,18273,Open Opportunity,Tier 2,1.0,37.244,-77.4103,5f18947c-7817-406e-a315-925953dc3b91,Open,Sales Qualified,Mid Funnel,Ali Cohen,,4/21/2026,,,16,2026-05-21,8,8,,,
001Hr000028ZcbF,"Town Of Big Stone Gap, VA",Virginia,Municipality,Ali Cohen,5206,,Tier 3,0.75,36.8586,-82.7832,88687544-6b9b-43d1-b2bf-908492eb2f9b,,,,,,,,,1,2025-08-06,,1,,,
001Hr000028ZcbV,"Town Of Culpeper, VA",Virginia,Municipality,Ali Cohen,20493,,Tier 2,1.0,38.4733,-77.9961,cf4e085b-a74f-4d0c-a359-b004b38edbff,,,,,,,,,,,,,,,
001Hr000028Zcbu,"Town Of Marion, VA",Virginia,Municipality,Ali Cohen,5762,,Tier 3,0.75,36.8348,-81.5148,e3cb18db-9252-4a46-853c-61ed96ca4581,,,,,,,,,4,2026-04-20,4,,,,
001Hr000028Zcc8,"City Of Covington, VA",Virginia,Municipality,Ali Cohen,5717,Open Opportunity,Tier 3,0.75,37.7935,-79.9939,de2da3d1-b817-437b-b834-e63b3977fbf8,Open,Initial Interest,Top of Funnel,Ali Cohen,,2/20/2026,,,1,2026-02-19,1,,,,
001Hr000028ZccN,"City Of Hopewell, VA",Virginia,Municipality,Ali Cohen,23140,,Tier 2,1.0,37.3043,-77.2872,f1fd50a3-d145-41d1-8329-e305274e6878,,,,,,,,,,,,,,,
001Hr000028Zccr,"Town Of Front Royal, VA",Virginia,Municipality,Ali Cohen,15155,,Tier 2,1.0,38.9182,-78.1944,634ba4f3-33a2-4384-b937-25ef9752aabf,,,,,,,,,5,2026-04-21,5,,,,
001Hr000028ZcdK,"City Of Williamsburg, VA",Virginia,Municipality,Ali Cohen,15590,Open Opportunity,Tier 2,1.0,37.2757,-76.7098,a8a7dd0b-1f9a-4a5b-bcd3-7f2d384abcba,Open,Initial Interest,Top of Funnel,Ali Cohen,4/9/2026,2/27/2026,,Yes,11,2026-04-22,11,,,,
001Hr000028ZcdP,"City Of Falls Church, VA",Virginia,Municipality,Ali Cohen,14493,Nurture,Tier 2,1.0,38.8823,-77.1711,9276a1f0-b8cb-4075-8b4f-ad8515d6ce6b,Closed Lost,,,Quinzel Perry,1/30/2025,1/5/2025,"$43,000",,3,2026-04-29,3,,,,
001Hr000028ZcdU,"City Of Franklin, VA",Virginia,Municipality,Ali Cohen,8217,Open Opportunity,Tier 3,0.75,36.6777,-76.9225,addab5db-c6f2-4b6c-92b4-83640e0150c5,Open,Initial Interest,Top of Funnel,Asher Rosenfeld,,1/5/2025,,,8,2026-02-18,8,,,,
001Hr000028ZcdZ,"Town Of South Boston, VA",Virginia,Municipality,Ali Cohen,7932,,Tier 3,0.75,36.6987,-78.9014,9b19a9cc-09c4-4a1b-9689-e25e96737dff,,,,,,,,,,,,,,,
001Hr000028Zcde,"Town Of Bedford, VA",Virginia,Municipality,Ali Cohen,6642,Open Opportunity,Tier 3,0.75,37.3343,-79.5231,17e90fd7-2c03-4084-9c13-9df143392ac0,Open,Initial Interest,Top of Funnel,Ali Cohen,4/10/2026,4/9/2026,,,14,2026-04-17,9,5,,,
001Hr000028Zcdj,"City Of Galax, VA",Virginia,Municipality,Ali Cohen,6660,Open Opportunity,Tier 3,0.75,36.6612,-80.924,1e64d55d-9999-4217-b1be-ef49a4915c6c,Open,Initial Interest,Top of Funnel,Ali Cohen,2/27/2026,2/25/2026,,,14,2026-03-18,12,,2,,
001Hr000028Zcdo,"Town Of Orange, VA",Virginia,Municipality,Ali Cohen,5157,,Tier 3,0.75,38.2454,-78.1108,6b39d043-18da-4411-93ef-99eeee959929,,,,,,,,,,,,,,,
001Hr000028ZdGA,"Mecklenburg County, VA",Virginia,County,Ali Cohen,30648,Open Opportunity,Tier 1,1.5,36.6422,-78.3842,3a560281-d1b9-4406-8ad7-b4af70409eb5,Open,Proposal,Mid Funnel,Quinzel Perry,10/24/2024,1/5/2025,"$49,000",,,,,,,,
001Hr000028ZdGB,"Campbell County, VA",Virginia,County,Ali Cohen,55342,,Tier S,2.0,37.221,-79.1097,5f441d50-0188-45ce-ad79-b7576dc91e56,,,,,,,,,4,2026-05-15,3,1,,,
001Hr000028ZdKq,"Isle Of Wight County, VA",Virginia,County,Ali Cohen,39278,,Tier 1,1.5,36.9289,-76.6875,ce4af51e-5eec-45a0-8f5b-eff1b2c96d9d,,,,,,,,,2,2025-06-10,,2,,,
001Hr000028ZdMt,"Town Of Richlands, VA",Virginia,Municipality,Ali Cohen,5213,,Tier 3,0.75,37.0932,-81.7937,44a00ea5-9d2a-439a-8c55-c91a955cccda,,,,,,,,,3,2025-10-21,,3,,,
001Hr000028ZdN6,"City Of Portsmouth, VA",Virginia,Municipality,Ali Cohen,97840,Recent Competitor Purchase,Tier S,2.0,36.8354,-76.2983,aa44269d-7aac-44b9-a412-8c589b802537,,,,,,,,,4,2026-03-16,3,1,,,
001Hr000028ZdNK,"City Of Suffolk, VA",Virginia,Municipality,Ali Cohen,96194,,Tier S,2.0,36.7282,-76.5836,f1cb82e1-fbe1-47a8-a6f7-787cf557ad5d,,,,,,,,,1,2026-02-26,1,,,,
001Hr000028ZdUh,"James City County, VA",Virginia,County,Ali Cohen,82797,Nurture,Tier S,2.0,37.3002,-76.8029,83e32ac2-c9da-45a3-918e-1538d7ada6d1,Closed Lost,,,Ali Cohen,4/8/2026,3/23/2026,,,8,2026-04-07,8,,,,
001Hr000028ZdbV,"Shenandoah County, VA",Virginia,County,Ali Cohen,45411,,Tier 1,1.5,38.8414,-78.5661,c8d2e74f-f7fb-4132-b5bd-0351cb60dcd7,,,,,,,,,8,2026-02-24,4,4,,,
001Hr000028Zdbz,"City Of Lynchburg, VA",Virginia,Municipality,Ali Cohen,79009,,Tier S,2.0,37.4149,-79.1422,c871c609-ba0a-4806-8e1a-63fc55bb0067,,,,,,,,,11,2026-05-15,11,,,,
001Hr000028Zdci,"City Of Harrisonburg, VA",Virginia,Municipality,Ali Cohen,51430,,Tier S,2.0,38.446,-78.8698,e43fb3fa-ae3c-4d71-b86b-afee5e64778b,,,,,,,,,1,2025-08-06,,1,,,
001Hr000028Zdcu,"Wise County, VA",Virginia,County,Ali Cohen,34973,,Tier 1,1.5,37.0241,-82.6051,537ff0ec-0358-4be4-9e7e-0277e7bb4789,,,,,,,,,1,2025-10-21,,1,,,
001Hr000028Zddb,Roanoke County,Virginia,County,Ali Cohen,96589,,Tier S,2.0,37.2467,-80.1205,8332a63a-8bf5-403e-9131-37d0fbe23f44,,,,,,,,,,,,,,,
001Hr000028ZdgG,"Augusta County, VA",Virginia,County,Ali Cohen,78862,,Tier S,2.0,38.2005,-79.2451,25e126c1-acd2-4255-80e8-8c60d97dd422,,,,,,,,,2,2026-02-02,2,,,,
001Hr000028ZdjR,"Montgomery County, VA",Virginia,County,Ali Cohen,98998,,Tier S,2.0,37.207,-80.4104,08c38639-48f2-45d9-973f-e5a91de67577,,,,,,,,,1,2025-09-10,,1,,,
001Hr000028Zdk3,"Amherst County, VA",Virginia,County,Ali Cohen,31650,,Tier 1,1.5,37.5588,-79.1097,7f866527-fd56-42a9-8972-49b1a57af7b7,,,,,,,,,5,2025-11-03,,5,,,
001Hr000028Zdkh,"Hanover County, VA",Virginia,County,Ali Cohen,115309,,Tier S,2.0,37.7772,-77.5161,4f5fb3e9-ab21-49b5-9b9a-5326e7113d02,,,,,,,,,3,2025-11-03,,3,,,
001Hr000028ZdmO,"Spotsylvania County, VA",Virginia,County,Ali Cohen,152021,,Tier S,2.0,38.2042,-77.6078,99fd74ff-de87-4f93-9865-57bd0c53d432,,,,,,,,,1,2025-10-21,,1,,,
001Hr000028Zdnm,"Albemarle County, VA",Virginia,County,Ali Cohen,117313,Open Opportunity,Tier S,2.0,38.0567,-78.6115,02d3e60f-75c3-4be3-be6c-7dfb737ac03b,Open,Sales Qualified,Mid Funnel,Ali Cohen,3/5/2026,2/18/2026,,,13,2026-03-04,13,,,,
001Hr000028Zdnq,"Washington County, VA",Virginia,County,Ali Cohen,54098,,Tier S,2.0,36.7678,-81.9535,fe27c87b-0657-4b58-b5e6-c5669a693be6,,,,,,,,,,,,,,,
001Hr000028Zdos,"Gloucester County, VA",Virginia,County,Ali Cohen,40154,Open Opportunity,Tier 1,1.5,37.4128,-76.5026,4627ec9d-28fe-44b0-8704-d9cca8f710fa,Open,Initial Interest,Top of Funnel,Ali Cohen,,2/9/2026,,,6,2026-04-28,6,,,,
001Hr000028ZdpC,"Henry County, VA",Virginia,County,Ali Cohen,69385,,Tier S,2.0,36.6589,-79.964,5c1f18c2-9763-4d95-a187-b278b5e9cab4,,,,,,,,,1,2025-10-21,,1,,,
001Hr000028ZdpM,"Frederick County, VA",Virginia,County,Ali Cohen,98109,,Tier S,2.0,39.1799,-78.2476,b34b247c-90b0-453d-9b1d-7e37cd7d0be0,,,,,,,,,4,2026-02-24,3,1,,,
001Hr000028ZdqP,"Stafford County, VA",Virginia,County,Ali Cohen,168919,,Tier S,2.0,38.4335,-77.4243,edd59341-4ac6-484a-99ad-1f4f20c1c55e,,,,,,,,,4,2026-05-07,3,1,,,
001Hr000028ZjNQ,"County Of Prince Edward, VA",Virginia,County,Ali Cohen,21932,Nurture,Tier 2,1.0,37.1983,-78.4297,3da0bac7-7041-4d91-a69b-f24c2f061747,Closed Lost,,,Asher Rosenfeld,3/27/2024,1/5/2025,,,7,2025-08-21,,7,,,
001cv00000AuWPK,"Town Of Gate City, VA",Virginia,Municipality,Ali Cohen,2030,,Tier 3,0.75,36.6379,-82.581,46894ad1-3827-49b5-acd6-3d6a220df521,,,,,,,,,,,,,,,
001cv00000AuWQg,"Town Of Chase City, VA",Virginia,Municipality,Ali Cohen,2047,,Tier 3,0.75,36.7993,-78.4583,7baf17bc-7793-4a94-80b3-38c25b6f62fa,,,,,,,,,,,,,,,
001cv00000AuWXs,"Town Of Narrows, VA",Virginia,Municipality,Ali Cohen,2063,,Tier 3,0.75,37.3315,-80.8112,e15c4c19-0481-4a70-9659-0d97ebe7545a,,,,,,,,,,,,,,,
001cv00000AuWY3,"Town Of Louisa, VA",Virginia,Municipality,Ali Cohen,2066,,Tier 3,0.75,38.0251,-78.0042,46b59cb3-cf54-4671-998b-dfd1905173d3,,,,,,,,,,,,,,,
001cv00000AuWY7,"Town Of Stephens City, VA",Virginia,Municipality,Ali Cohen,2067,,Tier 3,0.75,39.0834,-78.2181,9c8b25e2-842e-4dc2-ae7c-2f22eecb86ff,,,,,,,,,,,,,,,
001cv00000AuWcf,"Town Of Amherst, VA",Virginia,Municipality,Ali Cohen,2152,Open Opportunity,Tier 3,0.75,37.5851,-79.0514,a9e43abb-0c71-48c8-9e4d-05b24b5b1aec,Open,Initial Interest,Top of Funnel,Ali Cohen,,3/26/2026,,,,,,,,,
001cv00000AuWcy,"Town Of New Market, VA",Virginia,Municipality,Ali Cohen,2158,,Tier 3,0.75,38.6479,-78.6714,736267e3-96ef-4930-9ba2-c43010e9fba8,,,,,,,,,,,,,,,
001cv00000AuWrf,"County Of Highland, VA",Virginia,County,Ali Cohen,2348,Open Opportunity,Tier 3,0.75,38.4,-79.6053,a0746339-d0ca-4158-9fef-6955b4fa5c8b,Open,Proposal,Mid Funnel,Ali Cohen,4/2/2026,3/23/2026,"$8,000",,11,2026-04-15,11,,,,
001cv00000AuWvI,"Town Of Tappahannock, VA",Virginia,Municipality,Ali Cohen,2241,,Tier 3,0.75,37.9254,-76.8591,487d0b58-b753-4b4d-b92f-ad1ae9d49613,,,,,,,,,,,,,,,
001cv00000AuX6D,"Town Of Crewe, VA",Virginia,Municipality,Ali Cohen,2264,,Tier 3,0.75,37.1732,-78.1233,516f55c2-47d5-4a9c-922b-4e5951f91b69,,,,,,,,,,,,,,,
001cv00000AuXP1,"Town Of Shenandoah, VA",Virginia,Municipality,Ali Cohen,2499,,Tier 3,0.75,38.4851,-78.625,86b75396-2b7c-49d7-b762-852cd72d1302,,,,,,,,,,,,,,,
001cv00000AuXfy,"Town Of Lovettsville, VA",Virginia,Municipality,Ali Cohen,2735,,Tier 3,0.75,39.2748,-77.6386,484bc3ba-eab3-462f-9f7d-77145d41f356,,,,,,,,,,,,,,,
001cv00000AuXjY,"Town Of Windsor, VA",Virginia,Municipality,Ali Cohen,2826,,Tier 3,0.75,36.8085,-76.7441,a2d73440-0de8-4a79-8b7e-aac7713f10bc,,,,,,,,,,,,,,,
001cv00000AuXki,"Town Of Pearisburg, VA",Virginia,Municipality,Ali Cohen,2860,,Tier 3,0.75,37.3265,-80.7351,4ad3c0a8-6279-4808-8f33-1be90bfa26a2,,,,,,,,,,,,,,,
001cv00000AuXlU,"Town Of Hillsville, VA",Virginia,Municipality,Ali Cohen,2876,,Tier 3,0.75,36.7626,-80.7348,ac551972-9e30-4144-9dd1-be61fc0e7970,,,,,,,,,6,2026-05-21,6,,,,
001cv00000AuXms,"Town Of Wise, VA",Virginia,Municipality,Ali Cohen,2921,,Tier 3,0.75,36.9759,-82.5757,6c2d301c-91da-49d1-a4c9-6902790f0c56,,,,,,,,,,,,,,,
001cv00000AuXnK,"Town Of Grottoes, VA",Virginia,Municipality,Ali Cohen,2943,,Tier 3,0.75,38.2674,-78.8259,2d0f6e60-87d9-4498-bc6a-3d0037340244,,,,,,,,,,,,,,,
001cv00000AuYCF,"Town Of Lebanon, VA",Virginia,Municipality,Ali Cohen,3122,,Tier 3,0.75,36.9009,-82.0801,c950a860-4f64-4a91-b853-4967a83000c2,,,,,,,,,,,,,,,
001cv00000AuYEQ,"Town Of Elkton, VA",Virginia,Municipality,Ali Cohen,2989,,Tier 3,0.75,38.4079,-78.6236,096251f0-fad8-4abb-9bcf-40a89db97470,,,,,,,,,,,,,,,
001cv00000AuYEc,"Town Of Timberville, VA",Virginia,Municipality,Ali Cohen,2993,,Tier 3,0.75,38.639,-78.7739,c0939f75-a09b-4c4e-841a-818862d15260,,,,,,,,,,,,,,,
001cv00000AuYHu,"Town Of Chincoteague, VA",Virginia,Municipality,Ali Cohen,3306,,Tier 3,0.75,37.9332,-75.3788,b36cd155-1c9f-4de6-981a-b73013c59974,,,,,,,,,7,2026-04-27,7,,,,
001cv00000AuYJB,"Town Of Blackstone, VA",Virginia,Municipality,Ali Cohen,3354,,Tier 3,0.75,37.0804,-77.9972,d2417e25-f642-4571-877c-d8a6094d378a,,,,,,,,,,,,,,,
001cv00000AuYJP,"Town Of Altavista, VA",Virginia,Municipality,Ali Cohen,3364,,Tier 3,0.75,37.1118,-79.2856,314e7b28-21f4-4032-9168-4d2e08214a21,,,,,,,,,,,,,,,
001cv00000AuYL1,"Town Of West Point, VA",Virginia,Municipality,Ali Cohen,3419,,Tier 3,0.75,37.5315,-76.7964,6d346f6c-ceff-4566-b30a-eb58a5931134,,,,,,,,,,,,,,,
001cv00000AuYMK,"Town Of Clifton Forge, VA",Virginia,Municipality,Ali Cohen,3478,,Tier 3,0.75,37.8162,-79.8245,b489a4ff-e6b6-4c74-a6bf-b22f7e264df9,,,,,,,,,,,,,,,
001cv00000AuYdp,"City Of Norton, VA",Virginia,Municipality,Ali Cohen,3666,,Tier 3,0.75,36.9334,-82.629,3156b1d0-79d1-4ae8-943e-7827a79e1196,,,,,,,,,,,,,,,
001cv00000AuYfP,"Town Of Broadway, VA",Virginia,Municipality,Ali Cohen,4235,,Tier 3,0.75,38.6132,-78.7989,66728bee-a8f5-467f-a170-fde440cc0b21,,,,,,,,,,,,,,,
001cv00000AuYkQ,"Town Of Colonial Beach, VA",Virginia,Municipality,Ali Cohen,3937,,Tier 3,0.75,38.2546,-76.9636,8488645d-4df7-4466-acb4-1cf05dc68015,,,,,,,,,,,,,,,
001cv00000AuYo8,"County Of Bath, VA",Virginia,County,Ali Cohen,4114,,Tier 3,0.75,38.1117,-79.6502,9d91fac6-ed67-4e61-891e-ff8ba40c397d,,,,,,,,,,,,,,,
001cv00000AuYxw,"Town Of Tazewell, VA",Virginia,Municipality,Ali Cohen,4423,,Tier 3,0.75,37.1148,-81.5196,3e13a95b-1e5a-41da-a890-f846b098e1df,,,,,,,,,,,,,,,
001cv00000AuZ05,"Town Of Berryville, VA",Virginia,Municipality,Ali Cohen,4561,,Tier 3,0.75,39.1518,-77.9822,df45f4ad-3fd4-4a9b-8c17-0f367fa7ffa2,,,,,,,,,2,2026-04-21,2,,,,
001cv00000AuZBV,"County Of Bland, VA",Virginia,County,Ali Cohen,6173,,Tier 3,0.75,37.0925,-81.1196,f0781edc-ee92-4b0c-a630-8d3c98fe1a30,,,,,,,,,1,2026-02-24,1,,,,
001cv00000AuZC8,"County Of Surry, VA",Virginia,County,Ali Cohen,6530,Nurture,Tier 3,0.75,37.1186,-76.8721,0b563f11-859f-43e8-9aba-a08410b027ac,Closed Lost,,,Ali Cohen,2/19/2026,2/14/2026,,,9,2026-02-19,8,,1,,
001cv00000AuZCH,"County Of Charles City, VA",Virginia,County,Ali Cohen,6594,Open Opportunity,Tier 3,0.75,37.3439,-77.0713,2e1876aa-447a-4611-9e75-233779c6de59,Open,Initial Interest,Top of Funnel,Ali Cohen,10/1/2026,4/20/2026,,,5,2026-04-20,5,,,,
001cv00000AuZCN,"County Of King And Queen, VA",Virginia,County,Ali Cohen,6662,,Tier 3,0.75,37.7299,-76.8952,91217adc-f7c1-4a03-847f-eb027fc2d216,,,,,,,,,9,2026-02-17,9,,,,
001cv00000AuZLe,"Town Of Luray, VA",Virginia,Municipality,Ali Cohen,4794,,Tier 3,0.75,38.6654,-78.4595,64014fff-b627-4e3d-a92a-036c5a639cee,,,,,,,,,,,,,,,
001cv00000AuZMr,"County Of Craig, VA",Virginia,County,Ali Cohen,4865,,Tier 3,0.75,37.4466,-80.2321,981e2005-c762-4e32-b7e7-590de7ed6048,,,,,,,,,,,,,,,
001cv00000AuZNL,"Town Of Rocky Mount, VA",Virginia,Municipality,Ali Cohen,4900,,Tier 3,0.75,36.9976,-79.892,6edc5e55-affa-4fdf-ab0e-2c6028a93d10,,,,,,,,,,,,,,,
001cv00000AuZR4,"County Of Rappahannock, VA",Virginia,County,Ali Cohen,7407,,Tier 3,0.75,38.6762,-78.1564,42bab509-2d84-4259-a134-9470ab22e470,,,,,,,,,13,2025-10-30,,13,,,
001cv00000AuZY4,"County Of Mathews, VA",Virginia,County,Ali Cohen,8546,,Tier 3,0.75,37.3912,-76.3174,37185787-4602-4638-9cf4-b75d49b6205e,,,,,,,,,9,2025-11-03,,9,,,
001cv00000AuZZ3,"County Of Richmond, VA",Virginia,County,Ali Cohen,9017,,Tier 3,0.75,37.5407,-77.436,566ef13b-d16d-4ef8-8ad8-14bcd7a43118,,,,,,,,,6,2025-09-29,,6,,,
001cv00000AuZad,"County Of Greensville, VA",Virginia,County,Ali Cohen,11437,,Tier 2,1.0,36.6057,-77.6078,28da12b8-8154-4c08-821e-de5febb037b2,,,,,,,,,,,,,,,
001cv00000AuZae,"County Of Charlotte, VA",Virginia,County,Ali Cohen,11448,,Tier 2,1.0,37.0467,-78.6115,22f75d03-f860-420a-a044-b6a7b064b373,,,,,,,,,,,,,,,
001cv00000AuZbC,"County Of Lunenburg, VA",Virginia,County,Ali Cohen,11926,,Tier 2,1.0,36.9261,-78.2476,f3d8f116-20a4-4a5c-b26c-9b987558eab4,,,,,,,,,,,,,,,
001cv00000AuZbM,"County Of Northumberland, VA",Virginia,County,Ali Cohen,12029,,Tier 2,1.0,37.9036,-76.41,57fff29a-553e-445f-8230-aae237e86653,,,,,,,,,5,2026-05-15,4,1,,,
001cv00000AuZbS,"County Of Northampton, VA",Virginia,County,Ali Cohen,12085,,Tier 2,1.0,37.2268,-75.9928,83aa050e-5a3b-4358-905b-d596464a88da,,,,,,,,,,,,,,,
001cv00000AuZd5,"County Of Essex, VA",Virginia,County,Ali Cohen,10573,,Tier 2,1.0,37.9672,-76.9643,9b043610-af16-45c0-a125-a3c265d18519,,,,,,,,,,,,,,,
001cv00000AuZgA,"County Of Amelia, VA",Virginia,County,Ali Cohen,13268,Open Opportunity,Tier 2,1.0,37.3213,-77.9739,8956e4f9-da64-449c-92d0-509e240571e4,Open,Initial Interest,Top of Funnel,Ali Cohen,,2/17/2026,,,2,2026-04-21,2,,,,
001cv00000AuZhO,"County Of Nelson, VA",Virginia,County,Ali Cohen,14790,,Tier 2,1.0,37.7479,-78.8836,66d58ecd-2a42-4ba9-9c18-9fc19237c454,,,,,,,,,,,,,,,
001cv00000AuZhU,"County Of Clarke, VA",Virginia,County,Ali Cohen,14881,,Tier 2,1.0,39.1517,-77.9739,44026034-8b0d-41ca-8cac-9c79638a4473,,,,,,,,,4,2025-07-30,,4,,,
001cv00000AuZhZ,"County Of Alleghany, VA",Virginia,County,Ali Cohen,14986,,Tier 2,1.0,37.8532,-80.0535,23bf722f-b1cd-4a0e-b4e9-1e1be4eaae7d,,,,,,,,,,,,,,,
001cv00000AuZhz,"County Of Grayson, VA",Virginia,County,Ali Cohen,15359,,Tier 2,1.0,36.6721,-81.2078,d87a0111-bdf1-435b-8637-d581cf521a37,,,,,,,,,11,2025-10-22,,11,,,
001cv00000AuZjt,"County Of Cumberland, VA",Virginia,County,Ali Cohen,9681,Open Opportunity,Tier 3,0.75,37.4964,-78.2449,a82dafa8-8706-4f11-8ad5-bf0de48d76db,Open,Initial Interest,Top of Funnel,Ali Cohen,,2/26/2026,,,3,2026-03-04,3,,,,
001cv00000AuZlN,"County Of Sussex, VA",Virginia,County,Ali Cohen,10763,,Tier 2,1.0,36.9058,-77.2405,53e8315a-4549-413a-b2c0-2d9c47f2d626,,,,,,,,,10,2026-05-15,10,,,,
001cv00000AuZlO,"County Of Middlesex, VA",Virginia,County,Ali Cohen,10781,,Tier 2,1.0,37.604,-76.5257,adbba293-269a-491e-aa8d-aa2abe0900db,,,,,,,,,11,2025-11-03,,11,,,
001cv00000AuZlf,"County Of Lancaster, VA",Virginia,County,Ali Cohen,10928,Open Opportunity,Tier 2,1.0,37.77,-76.466,1b0d28f1-d335-48bf-941c-47dedec1514a,Open,Initial Interest,Top of Funnel,Ali Cohen,,2/19/2026,,,9,2026-02-19,8,1,,,
001cv00000AuZnA,"County Of Dickenson, VA",Virginia,County,Ali Cohen,13787,Open Opportunity,Tier 2,1.0,37.0929,-82.3452,3de16eb3-7f2e-4b51-9850-c898141b4b78,Open,Initial Interest,Top of Funnel,Ali Cohen,3/13/2026,3/10/2026,,,14,2026-04-22,14,,,,
001cv00000AuZnP,"County Of Madison, VA",Virginia,County,Ali Cohen,13942,,Tier 2,1.0,38.3804,-78.2575,1a1b9197-46c9-4ddb-97ea-f1177a0f189b,,,,,,,,,2,2025-07-30,,2,,,
001cv00000AuZoe,"County Of Floyd, VA",Virginia,County,Ali Cohen,15566,Nurture,Tier 2,1.0,36.9112,-80.32,f813427d-8395-40f0-a81f-dbb103f4af20,Closed Lost,,,Ali Cohen,4/14/2026,4/9/2026,,,16,2026-04-14,15,,1,,
001cv00000AuZoh,"County Of Nottoway, VA",Virginia,County,Ali Cohen,15594,Open Opportunity,Tier 2,1.0,37.1148,-78.0195,e06af3f6-ff70-490f-96af-7d49583af15e,Open,Initial Interest,Top of Funnel,Ali Cohen,2/18/2026,2/12/2026,,,45,2026-04-28,44,1,,,
001cv00000AuZp3,"County Of Brunswick, VA",Virginia,County,Ali Cohen,15940,,Tier 2,1.0,36.7571,-77.8367,5fff4ff7-57e0-4a4f-839d-a6f770d26933,,,,,,,,,21,2025-10-28,,21,,,
001cv00000AuZqp,"County Of Appomattox, VA",Virginia,County,Ali Cohen,16353,,Tier 2,1.0,37.4025,-78.793,85b8cbf9-93c0-4c27-bd81-1978f175f763,,,,,,,,,9,2026-05-21,9,,,,
001cv00000AuZr4,"County Of Giles, VA",Virginia,County,Ali Cohen,16562,,Tier 2,1.0,37.3133,-80.6771,0d40421c-ea1b-4582-a2e0-fa3d3a3c4793,,,,,,,,,,,,,,,
001cv00000AuZrR,"County Of Buckingham, VA",Virginia,County,Ali Cohen,16947,,Tier 2,1.0,37.507,-78.5661,decd4443-bfdc-46c6-871c-0207769faf78,,,,,,,,,,,,,,,
001cv00000AuZtm,"County Of Patrick, VA",Virginia,County,Ali Cohen,17602,,Tier 2,1.0,36.6886,-80.3213,69f2b4e3-21fd-4e56-a63f-6520f8493517,,,,,,,,,,,,,,,
001cv00000AuZu7,"County Of Southampton, VA",Virginia,County,Ali Cohen,18006,Open Opportunity,Tier 2,1.0,36.6789,-77.1025,283bda41-5f47-4cc3-98c2-80e3619b1658,Open,Initial Interest,Top of Funnel,Ali Cohen,4/27/2026,4/22/2026,,,5,2026-05-21,5,,,,
001cv00000AuZuI,"County Of King William, VA",Virginia,County,Ali Cohen,18171,,Tier 2,1.0,37.7372,-77.1485,3c0db4cd-70d7-40cc-9602-12ae3aac903a,,,,,,,,,,,,,,,
001cv00000AuZxP,"County Of Greene, VA",Virginia,County,Ali Cohen,20968,Open Opportunity,Tier 2,1.0,38.312,-78.4525,f49fee1b-c8d6-4fb5-bb14-1a5b4dc245fe,Open,Initial Interest,Top of Funnel,Ali Cohen,4/22/2026,3/23/2026,,,19,2026-04-23,19,,,,
001cv00000AuZxo,"County Of Scott, VA",Virginia,County,Ali Cohen,21419,,Tier 2,1.0,36.6816,-82.6051,57fb75b6-8ac0-4517-8a3c-18bf763bc790,,,,,,,,,3,2026-04-21,3,,,,
001cv00000Aua0K,"County Of Wythe, VA",Virginia,County,Ali Cohen,28178,,Tier 1,1.5,36.922,-81.1196,f60439c8-36f6-4444-9423-4186faf6686d,,,,,,,,,9,2025-09-29,,9,,,
001cv00000Aua0t,"County Of Carroll, VA",Virginia,County,Ali Cohen,29048,,Tier 1,1.5,36.6779,-80.7214,57ecc439-ea4f-4db6-98f4-f7eabe4e4095,,,,,,,,,2,2026-03-04,2,,,,
001cv00000Aua12,"County Of Smyth, VA",Virginia,County,Ali Cohen,29477,,Tier 1,1.5,36.8688,-81.5596,835a4953-ea4a-432b-bed4-02025d573275,,,,,,,,,5,2025-09-11,,5,,,
001cv00000Aua1I,"County Of Mecklenburg, VA",Virginia,County,Ali Cohen,30248,,Tier 1,1.5,36.6422,-78.3842,3a560281-d1b9-4406-8ad7-b4af70409eb5,,,,,,,,,,,,,,,
001cv00000Aua2q,"County Of Goochland, VA",Virginia,County,Ali Cohen,25488,,Tier 1,1.5,37.7416,-77.9739,90907bf5-af5b-444a-a3ca-58e198280b7a,,,,,,,,,10,2026-05-15,10,,,,
001cv00000Aua2s,"County Of Russell, VA",Virginia,County,Ali Cohen,25550,,Tier 1,1.5,36.9904,-82.0843,1aebc1cd-33ab-4b45-80ad-7764155cf94f,,,,,,,,,1,2025-08-18,,1,,,
001cv00000Aua3C,"County Of Buchanan, VA",Virginia,County,Ali Cohen,19816,,Tier 2,1.0,37.2403,-81.9971,930ed4c5-def0-48c3-8c9c-5a43ec01b0b4,,,,,,,,,,,,,,,
001cv00000Aua5c,"County Of Accomack, VA",Virginia,County,Ali Cohen,33246,,Tier 1,1.5,37.7063,-75.8069,b5fd3fc5-ab0d-462f-9579-d6346ab9dad6,,,,,,,,,1,2026-02-26,1,,,,
001cv00000Aua5n,"County Of Halifax, VA",Virginia,County,Ali Cohen,33738,Open Opportunity,Tier 1,1.5,36.6945,-78.9288,513d3cdb-85ae-493a-abc3-acaa6eebaa8d,Open,Initial Interest,Top of Funnel,Ali Cohen,,4/20/2026,,,3,2026-04-20,2,1,,,
001cv00000Aua5o,"County Of Pulaski, VA",Virginia,County,Ali Cohen,33759,,Tier 1,1.5,37.0584,-80.6771,2878d891-169f-4e5d-b47b-6f65cd520e2e,,,,,,,,,,,,,,,
001cv00000Aua5r,"County Of Botetourt, VA",Virginia,County,Ali Cohen,33866,,Tier 1,1.5,37.5775,-79.7848,aec37e35-caab-47ca-a6a2-b93519664d68,,,,,,,,,4,2026-05-15,4,,,,
001cv00000Aua7D,"County Of Louisa, VA",Virginia,County,Ali Cohen,38848,,Tier 1,1.5,37.9926,-77.9739,87c18a44-cf1f-4165-ab52-84d222611a23,,,,,,,,,9,2025-10-06,,9,,,
001cv00000Aua7Z,"County Of Tazewell, VA",Virginia,County,Ali Cohen,39925,,Tier 1,1.5,37.1148,-81.5196,ec1376d9-0a16-4ae0-8ce9-c726f118cc49,,,,,,,,,11,2025-10-30,,11,,,
001cv00000Aua8F,"County of Powhatan, VA",Virginia,County,Ali Cohen,31136,Open Opportunity,Tier 1,1.5,37.5643,-77.8825,2788240b-c3ec-48d2-9dc2-9ec0b2d0461c,Open,Demo,Mid Funnel,Quinzel Perry,10/3/2025,1/5/2025,,,4,2025-09-18,,4,,,
001cv00000Aua8K,"County Of Caroline, VA",Virginia,County,Ali Cohen,31332,,Tier 1,1.5,38.0446,-77.2865,4df4dc65-a15b-409f-8de9-84de8a9ad97c,,,,,,,,,11,2026-05-15,11,,,,
001cv00000Aua9W,"County Of Lee, VA",Virginia,County,Ali Cohen,21983,,Tier 2,1.0,36.7076,-83.0361,0f4c28f4-e09a-4f64-930c-84cab8230499,,,,,,,,,,,,,,,
001cv00000Aua9v,"County Of Rockbridge, VA",Virginia,County,Ali Cohen,22641,,Tier 2,1.0,37.8062,-79.5154,c882f019-8f87-4fed-a0fa-1a81c74ea6da,,,,,,,,,,,,,,,
001cv00000AuaAe,"County Of Page, VA",Virginia,County,Ali Cohen,23807,,Tier 2,1.0,38.6301,-78.5207,81dd3798-fbb7-4d24-86e3-b0513c33e9cb,,,,,,,,,,,,,,,
001cv00000AuaAj,"County Of New Kent, VA",Virginia,County,Ali Cohen,23897,,Tier 2,1.0,37.4654,-76.9643,5ff071dc-5981-4a1a-8523-961b39451c92,,,,,,,,,,,,,,,
001cv00000AuaBx,"County Of King George, VA",Virginia,County,Ali Cohen,27489,,Tier 1,1.5,38.2373,-77.1485,717a321c-cfc9-4135-b51a-5eb16071569c,,,,,,,,,,,,,,,
001cv00000AuaC6,"County Of Fluvanna, VA",Virginia,County,Ali Cohen,27723,,Tier 1,1.5,37.8533,-78.2476,e1085043-7d0f-4ec9-9935-6f6ac5eedd41,,,,,,,,,5,2025-09-11,,5,,,
001cv00000AuaCF,"County Of Dinwiddie, VA",Virginia,County,Ali Cohen,27912,,Tier 1,1.5,37.0769,-77.6536,e1945749-d390-4383-966d-9cea8bec967a,,,,,,,,,11,2025-07-30,,11,,,
001cv00000AuaDp,"County Of Orange, VA",Virginia,County,Ali Cohen,37188,,Tier 1,1.5,38.2427,-77.9739,914fc086-4b9a-47f3-bf99-dfbac25572bc,,,,,,,,,2,2025-08-19,,2,,,
001cv00000AuaFz,"County Of Warren, VA",Virginia,County,Ali Cohen,40925,,Tier 1,1.5,38.9332,-78.2476,16102231-8e36-4ffe-89d9-92e5f2601237,,,,,,,,,10,2025-10-29,,10,,,
001cv00000AuaGZ,"County Of Prince George, VA",Virginia,County,Ali Cohen,42880,Open Opportunity,Tier 1,1.5,37.1593,-77.2405,ced08e0e-45dc-4c97-9729-bad412860394,Open,Meeting Booked,Top of Funnel,Ali Cohen,9/2/2026,2/15/2026,,,8,2026-02-17,7,1,,,
001cv00000AuaLg,"County Of Culpeper, VA",Virginia,County,Ali Cohen,53596,,Tier S,2.0,38.4918,-77.9739,6818dbde-e8fe-484f-a23e-d2a150d3e820,,,,,,,,,2,2025-08-19,,2,,,
001cv00000AuaNE,"County Of Franklin, VA",Virginia,County,Ali Cohen,54938,,Tier S,2.0,36.9459,-79.8297,36c59993-ff7e-4f45-9409-0b20533d2413,,,,,,,,,1,2025-08-19,,1,,,
001cv00000AuaNK,"County Of Campbell, VA",Virginia,County,Ali Cohen,55492,,Tier S,2.0,37.221,-79.1097,929f35ef-68b7-4ad8-866b-670e81ea01e3,,,,,,,,,,,,,,,
001cv00000AuaQl,"County Of Rockingham, VA",Virginia,County,Ali Cohen,84394,,Tier S,2.0,38.5826,-78.8836,6448660f-e797-422d-89e0-ce9cff21b2c6,,,,,,,,,31,2026-03-02,11,20,,,
001cv00000AuaTC,"County Of Pittsylvania, VA",Virginia,County,Ali Cohen,59972,,Tier S,2.0,36.744,-79.4704,526e3dea-3890-48e2-93c2-f20221df86ae,,,,,,,,,36,2026-05-21,25,11,,,
001cv00000AuaUy,"County Of Roanoke, VA",Virginia,County,Ali Cohen,96589,,Tier S,2.0,37.2709,-79.9449,8332a63a-8bf5-403e-9131-37d0fbe23f44,,,,,,,,,,,,,,,
001cv00000AuaV6,"County Of Montgomery, VA",Virginia,County,Ali Cohen,98473,,Tier S,2.0,37.207,-80.4104,d082fe73-f606-4f0b-a105-83defa2da353,,,,,,,,,,,,,,,
001cv00000AuaVA,"City Of Roanoke, VA",Virginia,Municipality,Ali Cohen,98865,,Tier S,2.0,37.2709,-79.9449,66a5691c-cb72-4783-96a2-9076c2948d14,,,,,,,,,9,2025-11-03,,9,,,
001cv00000AuaW7,"County Of York, VA",Virginia,County,Ali Cohen,70915,,Tier S,2.0,37.2104,-76.3869,c7ecd48a-c33b-4830-8c65-9fc9edd87505,,,,,,,,,9,2026-04-21,6,3,,,
001cv00000AuaWT,"County Of Fauquier, VA",Virginia,County,Ali Cohen,73815,,Tier S,2.0,38.7209,-77.791,ffb7d2f9-f68b-4175-bda1-84787d90619e,,,,,,,,,1,2026-04-21,1,,,,
001cv00000AuaX0,"County Of James City, VA",Virginia,County,Ali Cohen,79882,,Tier S,2.0,37.3002,-76.8029,83e32ac2-c9da-45a3-918e-1538d7ada6d1,,,,,,,,,,,,,,,
001cv00000AuaX6,"County Of Bedford, VA",Virginia,County,Ali Cohen,80131,,Tier S,2.0,37.2539,-79.4704,8590bade-0538-4b00-9c06-8594044aa464,,,,,,,,,,,,,,,
001cv00000B21x9,"Town Of Dublin, VA",Virginia,Municipality,Ali Cohen,2640,,Tier 3,0.75,37.1057,-80.6853,17128bdf-9067-4f2e-bb8d-77b6963c3dc8,,,,,,,,,,,,,,,
001cv00000B221w,"Town Of South Hill, VA",Virginia,Municipality,Ali Cohen,4709,,Tier 3,0.75,36.7265,-78.1289,6cc66cda-9444-4530-874b-821383f5bfe8,,,,,,,,,,,,,,,
001cv00000B2Gu2,"County Of Westmoreland, VA",Virginia,County,Ali Cohen,18731,,Tier 2,1.0,38.1127,-76.7798,7b2de936-a71a-4601-8321-972d0ba9e1e7,,,,,,,,,2,2026-04-28,2,,,,
001cv00000NCErq,"City of Newport News, VA",Virginia,Municipality,Ali Cohen,183056,Nurture,Tier S,2.0,37.0871,-76.473,4e496722-770e-4e86-b6e8-e124d780c11d,Closed Lost,,,Alicia Gopal,12/2/2025,11/3/2025,,,10,2026-04-06,2,,,8,
001cv00000bB8Po,Town of Gordonsville,Virginia,Municipality,Asher Rosenfeld,1509,,Tier 3,0.75,38.1374,-78.1878,ed8ce013-982b-4f15-817b-a3fe045ea648,,,,,,,,,,,,,,,
001cv00000bBVhX,Town of Saint Paul,Virginia,Municipality,Asher Rosenfeld,835,,Tier 3,0.75,36.9062,-82.3109,fca852d9-b39e-4934-b00e-8c53580c3577,,,,,,,,,,,,,,,
001cv00000bBVhr,Town of Jonesville,Virginia,Municipality,Asher Rosenfeld,851,,Tier 3,0.75,36.689,-83.111,b543fc04-623d-4f81-857f-50d78b61f9dc,,,,,,,,,,,,,,,
001cv00000bBVlk,Town of Lawrenceville,Virginia,Municipality,Asher Rosenfeld,997,,Tier 3,0.75,36.7576,-77.8469,74dc9053-5a83-4e8b-a059-b7bd31c2ca33,,,,,,,,,,,,,,,
001cv00000bBVoQ,Town of Occoquan,Virginia,Municipality,Asher Rosenfeld,1063,,Tier 3,0.75,38.6837,-77.2603,ea18f09d-745b-4717-907f-2d1a82cbae3b,,,,,,,,,,,,,,,
001cv00000bBVop,Town of Halifax,Virginia,Municipality,Asher Rosenfeld,1090,,Tier 3,0.75,36.766,-78.9283,dd35e860-513a-4fe7-8456-4ce77673f5ee,,,,,,,,,,,,,,,
001cv00000bBVwe,Town of Chatham,Virginia,Municipality,Asher Rosenfeld,1195,,Tier 3,0.75,36.8257,-79.3981,a10dd2f2-f70f-4f8a-acb0-749202347ba6,,,,,,,,,,,,,,,
001cv00000bBVxO,Town of Bowling Green,Virginia,Municipality,Asher Rosenfeld,1252,,Tier 3,0.75,38.0496,-77.3466,e10e95e5-531d-47ef-bdd2-79ba7a170b86,,,,,,,,,,,,,,,
001cv00000bBVxz,Town of Cape Charles,Virginia,Municipality,Asher Rosenfeld,1288,,Tier 3,0.75,37.2679,-76.0174,21799c70-ec04-4ff6-ac41-546163007263,,,,,,,,,6,2026-05-22,6,,,,
001cv00000bBVyE,Town of Clarksville,Virginia,Municipality,Asher Rosenfeld,1309,,Tier 3,0.75,36.624,-78.5569,a24bfdf7-24b3-4644-9c35-2df1738c1edf,,,,,,,,,,,,,,,
001cv00000bBVyG,Town of Clintwood,Virginia,Municipality,Asher Rosenfeld,1313,,Tier 3,0.75,37.1501,-82.456,a7afee05-0f58-4c51-baef-1bef7b569af4,,,,,,,,,,,,,,,
001cv00000bBWC1,Town of Pennington Gap,Virginia,Municipality,Asher Rosenfeld,1575,,Tier 3,0.75,36.7584,-83.0271,afab6085-6fb5-4ce6-9368-67edace11434,,,,,,,,,,,,,,,
001cv00000bBWIo,Town of Saltville,Virginia,Municipality,Asher Rosenfeld,1773,,Tier 3,0.75,36.8815,-81.7621,eb003329-37dd-4ab3-91f6-985384b3d594,,,,,,,,,,,,,,,
001cv00000bBWMn,Henry County,Virginia,County,Asher Rosenfeld,49385,,Tier 1,1.5,36.6589,-79.964,e8bbf9e9-8edc-44ca-9ed7-e339fc2a2473,,,,,,,,,,,,,,,
001cv00000bBWNU,Town of Haymarket,Virginia,Municipality,Asher Rosenfeld,1594,,Tier 3,0.75,38.8121,-77.6364,dbc4d0f3-c63e-48f5-ae06-d2eb4925b75c,,,,,,,,,,,,,,,
001cv00000bBWOh,Town of Warsaw,Virginia,Municipality,Asher Rosenfeld,1683,,Tier 3,0.75,37.9587,-76.758,76c5d5f4-897f-4eb6-8d63-dbc907d605e4,,,,,,,,,,,,,,,
001cv00000bBWQr,Town of Mount Jackson,Virginia,Municipality,Asher Rosenfeld,2019,,Tier 3,0.75,38.7459,-78.6422,168b6adc-be93-404d-8e9d-9217eb8d4c7a,,,,,,,,,,,,,,,
001cv00000bBWT4,City of Hampton,Virginia,Municipality,Asher Rosenfeld,137596,,Tier S,2.0,37.0299,-76.3452,c53f111b-41e9-451a-b6cb-7afc080371d6,,,,,,,,,,,,,,,
001cv00000bBWTe,City of Alexandria,Virginia,Municipality,Asher Rosenfeld,159102,Open Opportunity,Tier S,2.0,38.8047,-77.0435,0c0fb453-44e8-4c26-89f5-634548c872ba,Open,Initial Interest,Top of Funnel,Ali Cohen,,3/26/2026,,,,,,,,,
001cv00000bBWZF,Fairfax County,Virginia,County,Asher Rosenfeld,1160925,,Tier S,2.0,38.7439,-77.2405,43a7031b-3a68-40b3-b754-957ad9a7d32c,,,,,,,,,,,,,,,
001cv00000bBWu9,Town of Middletown,Virginia,Municipality,Asher Rosenfeld,1444,,Tier 3,0.75,39.0276,-78.2806,b64fe819-1e7e-4013-8977-45bd952a5f37,,,,,,,,,,,,,,,
001cv00000bBWuO,Town of Kilmarnock,Virginia,Municipality,Asher Rosenfeld,1464,,Tier 3,0.75,37.7104,-76.3797,96f96b84-1cfe-4c8a-abfe-5727b66a323c,,,,,,,,,,,,,,,
001cv00000bBWyk,City of Norfolk,Virginia,Municipality,Asher Rosenfeld,231105,,Tier S,2.0,36.8508,-76.2859,3397a7cf-615e-4a94-9a40-0fdc2e6b37d1,,,,,,,,,,,,,,,
001cv00000bBWyn,City of Richmond,Virginia,Municipality,Asher Rosenfeld,233655,,Tier S,2.0,37.5407,-77.436,b209011f-1909-4a8f-bdce-5366905ccdb3,,,,,,,,,,,,,,,
001cv00000bBWyx,City of Chesapeake,Virginia,Municipality,Asher Rosenfeld,254997,,Tier S,2.0,36.7682,-76.2875,cc9ccab3-e19a-404e-ac80-911a43e62407,,,,,,,,,,,,,,,
001cv00000bBX0W,County of Henrico,Virginia,County,Asher Rosenfeld,338696,,Tier S,2.0,37.5059,-77.3324,d277fb5f-1d67-4b81-bfca-9fe3e68fa55b,,,,,,,,,,,,,,,
001cv00000bBX0q,Chesterfield County,Virginia,County,Asher Rosenfeld,389793,Open Opportunity,Tier S,2.0,37.3673,-77.6078,33c654dc-cfb6-444f-beed-7cb0e6b49c63,Open,Initial Interest,Top of Funnel,Ali Cohen,,3/26/2026,,,,,,,,,
001cv00000bBX1B,Loudoun County,Virginia,County,Asher Rosenfeld,443380,,Tier S,2.0,39.0768,-77.6536,efeb5343-e26a-4c3e-ae2f-56276e385c8c,,,,,,,,,,,,,,,
001cv00000bBX1D,City of Virginia Beach,Virginia,Municipality,Asher Rosenfeld,454808,,Tier S,2.0,36.8516,-75.9792,ac5a2bd0-5d56-4d71-8af6-0995c77ea4a3,,,,,,,,,,,,,,,
001cv00000bBX1O,Prince William County,Virginia,County,Asher Rosenfeld,497003,,Tier S,2.0,38.7839,-77.6078,8861b376-6d18-4871-9f78-16a7fb2393e3,,,,,,,,,,,,,,,
