Account ID,Account Name,State,Entity Type,Owner,Population,Account Status,Tier,SQO Points,Lat,Lng,Starbridge Buyer ID,Opp Status,Stage,Funnel Position,Sourced By,Discovery Call Date,Created Date,ARR,Previously Lost,Total Calls,Last Call Date,Calls - Ryan Minter,Calls - Sydney Ireland,Calls - Leila Assil,Calls - Jenny Allison,Calls - Hugh Bargeron,Calls - Emily Murnane,Outreach ID
001Hr000028ZbbF,"City Of Pikeville, KY",Kentucky,Municipality,Hugh Bargeron,7327,,Tier 3,0.75,37.4793,-82.5188,1db5eb7e-89c5-4c33-a739-d3666457c737,,,,,,,,,10,2026-05-08,8,2,,,,,4060
001Hr000028Zbpf,"City Of St Matthews, KY",Kentucky,Municipality,Hugh Bargeron,17437,,Tier 2,1.0,38.2436,-85.6358,efbbcdd8-d527-4c9c-ae4e-3227388bfb69,,,,,,,,,7,2026-02-13,4,3,,,,,5277
001Hr000028ZcAM,"City Of Cynthiana, KY",Kentucky,Municipality,Hugh Bargeron,6361,Nurture,Tier 3,0.75,38.3904,-84.2941,9c70f1c4-73f1-4782-a046-882c7d3446db,Closed Lost,,,Liam Shaw,4/17/2024,1/5/2025,,,5,2026-05-08,2,3,,,,,3825
001Hr000028ZcBP,"City Of Cold Spring, KY",Kentucky,Municipality,Hugh Bargeron,6243,All Modules Live,Tier 3,0.75,39.0217,-84.4399,429de85d-0a61-4056-beea-03419ebc1949,Closed Won,,,Asher Rosenfeld,5/29/2024,1/5/2025,"$14,000",,,,,,,,,,3872
001Hr000028ZcHv,"City Of Russellville, KY",Kentucky,Municipality,Hugh Bargeron,7431,,Tier 3,0.75,36.8453,-86.8872,07d7955f-899a-4ae0-9b45-8556e38b163b,,,,,,,,,4,2026-03-05,,4,,,,,3980
001Hr000028ZcJ9,"City Of Versailles, KY",Kentucky,Municipality,Hugh Bargeron,10431,,Tier 2,1.0,38.0515,-84.7305,b207bcd6-fec2-41ef-b1fa-b08519681272,,,,,,,,,7,2026-02-20,6,1,,,,,4596
001Hr000028ZcLX,"City Of Lebanon, KY",Kentucky,Municipality,Hugh Bargeron,6355,,Tier 3,0.75,37.5699,-85.2526,2bd743f6-f29c-41b6-bd14-f86ef322e1b7,,,,,,,,,6,2025-07-07,6,,,,,,3741
001Hr000028ZcOI,"City Of Dayton, KY",Kentucky,Municipality,Hugh Bargeron,5673,,Tier 3,0.75,39.1128,-84.4727,6f209a7d-245a-46f7-baff-592f69e1203e,,,,,,,,,5,2026-05-06,1,4,,,,,3615
001Hr000028ZcOg,"City Of Highland Heights, KY",Kentucky,Municipality,Hugh Bargeron,6812,,Tier 3,0.75,39.0331,-84.4519,d7f6eee9-993f-4e1b-ae68-8ebaf3a7263f,,,,,,,,,5,2026-01-15,3,2,,,,,4058
001Hr000028ZcPC,"City Of Flatwoods, KY",Kentucky,Municipality,Hugh Bargeron,7261,,Tier 3,0.75,38.5226,-82.7171,c00ce09d-7d0d-4ce8-a5e0-b64aae2f0749,,,,,,,,,8,2026-01-20,,8,,,,,4050
001Hr000028ZcRA,"City Of Williamsburg, KY",Kentucky,Municipality,Hugh Bargeron,5322,Open Opportunity,Tier 3,0.75,36.7434,-84.1597,983a852b-4214-462b-aa66-7cc05559158b,Open,Meeting Booked,Top of Funnel,Sydney Ireland,2/25/2026,2/11/2026,,,8,2026-02-25,4,4,,,,,3528
001Hr000028ZcRg,"City Of Middlesboro, KY",Kentucky,Municipality,Hugh Bargeron,9273,,Tier 3,0.75,36.6073,-83.7143,355c6fa3-da0e-46a1-87e5-c2356f5c40d4,,,,,,,,,22,2026-03-13,7,15,,,,,4494
001Hr000028ZcRm,"City Of La Grange, KY",Kentucky,Municipality,Hugh Bargeron,10183,,Tier 2,1.0,38.4076,-85.3788,e1e0eb3e-ba2e-4ec6-a9d9-781880892b96,,,,,,,,,5,2026-05-11,4,1,,,,,4550
001Hr000028ZcSK,"City Of Shelbyville, KY",Kentucky,Municipality,Hugh Bargeron,17379,,Tier 2,1.0,38.2112,-85.2188,06f32ac9-f769-4ed4-8bb0-9b708359fcb0,,,,,,,,,10,2026-04-08,6,4,,,,,5243
001Hr000028ZcW7,"City Of Leitchfield, KY",Kentucky,Municipality,Hugh Bargeron,6409,Nurture,Tier 3,0.75,37.4802,-86.2941,6db0e6df-a937-4c83-9ac2-94e58233a3b7,Closed Lost,,,Liam Shaw,4/9/2024,1/5/2025,,,3,2026-01-15,,3,,,,,3937
001Hr000028ZcWM,"City Of Maysville, KY",Kentucky,Municipality,Hugh Bargeron,8761,Open Opportunity,Tier 3,0.75,38.6412,-83.7444,c932b6ca-3633-40db-b8de-d6787027993b,Open,Initial Interest,Top of Funnel,Ryan Minter,,12/16/2025,,,11,2026-03-13,7,4,,,,,4374
001Hr000028ZcWS,"City Of Princeton, KY",Kentucky,Municipality,Hugh Bargeron,6204,,Tier 3,0.75,37.1092,-87.882,e76f840e-3146-4392-8852-6985916d4e7d,,,,,,,,,9,2026-05-06,3,6,,,,,3776
001Hr000028ZcX5,"City Of Bellevue, KY",Kentucky,Municipality,Hugh Bargeron,5524,,Tier 3,0.75,39.1064,-84.4788,01864e36-14d8-4268-867e-912b30013959,,,,,,,,,11,2026-05-08,7,4,,,,,3675
001Hr000028ZcY7,"City Of Mayfield, KY",Kentucky,Municipality,Hugh Bargeron,10017,All Modules Live,Tier 2,1.0,36.7417,-88.6367,7b6df6fe-435a-4966-be86-7a206f0711b8,Closed Won,,,Ryan Minter,8/14/2025,6/26/2025,"$12,000",,10,2025-08-13,10,,,,,,4570
001Hr000028ZcZa,"City Of Paris, KY",Kentucky,Municipality,Hugh Bargeron,10209,,Tier 2,1.0,38.2098,-84.253,c7abb691-cda0-42ed-ba51-7273425e7438,,,,,,,,,10,2026-05-08,1,9,,,,,4597
001Hr000028Zcb3,"Meade County, KY",Kentucky,County,Hugh Bargeron,,,Tier 3,0.75,37.9601,-86.2159,ca105404-1e6b-4d17-ad6b-5057a34f1ec8,,,,,,,,,,,,,,,,,12483
001Hr000028Zcc6,"City Of Harrodsburg, KY",Kentucky,Municipality,Hugh Bargeron,9112,,Tier 3,0.75,37.7623,-84.8433,5586f21b-01a8-42d0-950d-4011271d073c,,,,,,,,,1,2025-11-14,1,,,,,,4389
001Hr000028ZccO,"City Of Wilmore, KY",Kentucky,Municipality,Hugh Bargeron,6027,,Tier 3,0.75,37.861,-84.6625,05a0861b-2322-40a8-aa32-4abe1b6a78eb,,,,,,,,,5,2026-01-15,3,2,,,,,3841
001Hr000028ZccT,"City Of Mount Sterling, KY",Kentucky,Municipality,Hugh Bargeron,7545,Nurture,Tier 3,0.75,38.0565,-83.9433,ed4fc15d-8b84-4ab0-8776-2dfcade63961,Closed Lost,,,Sydney Ireland,2/19/2026,2/13/2026,,,18,2026-05-11,11,6,,1,,,4101
001Hr000028Zccu,"City Of Covington, KY",Kentucky,Municipality,Hugh Bargeron,40837,Open Opportunity,Tier 1,1.5,39.0837,-84.5086,53fdad0a-227a-4d85-bfa4-17ab38a2f34f,Open,Meeting Booked,Top of Funnel,Sydney Ireland,4/20/2026,4/17/2026,,,18,2026-04-17,12,6,,,,,6048
001Hr000028Zcfe,"City Of Ashland, KY",Kentucky,Municipality,Hugh Bargeron,21476,Nurture,Tier 2,1.0,38.479,-82.6376,695622e2-cafc-4738-b8d3-a45154145712,Closed Lost,,,Quinzel Perry,2/18/2025,2/13/2025,,,8,2026-04-09,6,2,,,,,5504
001Hr000028Zciy,"City Of Monticello, KY",Kentucky,Municipality,Hugh Bargeron,5694,Open Opportunity,Tier 3,0.75,36.8298,-84.8491,c80ea7a3-2a89-4114-ac01-ab281ca224eb,Open,Demo,Mid Funnel,Sydney Ireland,3/18/2026,6/30/2025,,,24,2026-05-13,8,5,,11,,,3751
001Hr000028Zcjc,"City Of Vine Grove, KY",Kentucky,Municipality,Hugh Bargeron,6700,Nurture,Tier 3,0.75,37.8102,-85.9812,b9e23a72-c558-47ad-9579-12010f4c560a,Closed Lost,,,Sydney Ireland,1/30/2026,1/16/2026,,,11,2026-01-30,3,7,,1,,,3819
001Hr000028Zcji,"City Of Corbin, KY",Kentucky,Municipality,Hugh Bargeron,7768,,Tier 3,0.75,36.9487,-84.0969,55732fca-e5c2-4b5f-be56-5c21c3393175,,,,,,,,,5,2026-02-24,4,1,,,,,4288
001Hr000028ZckP,"City Of Oak Grove, KY",Kentucky,Municipality,Hugh Bargeron,7793,Open Opportunity,Tier 3,0.75,36.665,-87.4428,24de8a4c-e8de-4a6c-9fda-d1bee5db789a,Open,Initial Interest,Top of Funnel,Ryan Minter,7/23/2025,7/1/2025,,,12,2026-02-12,8,4,,,,,4136
001Hr000028ZckR,"City Of London, KY",Kentucky,Municipality,Hugh Bargeron,7413,Open Opportunity,Tier 3,0.75,37.129,-84.0833,5557935b-c77b-43ac-998a-fc47404ce758,Open,Meeting Booked,Top of Funnel,Sydney Ireland,3/9/2026,2/23/2026,,,12,2025-08-19,12,,,,,,4095
001Hr000028Zcki,"City Of Elsmere, KY",Kentucky,Municipality,Hugh Bargeron,9165,Open Opportunity,Tier 3,0.75,39.0126,-84.6047,1e94f027-f99a-450e-a80e-05ca0490bd78,Open,Meeting Booked,Top of Funnel,Jason Ginsberg,3/26/2026,3/19/2026,,,12,2026-04-08,9,2,,1,,,4417
001Hr000028Zclw,"City Of Hillview, KY",Kentucky,Municipality,Hugh Bargeron,8669,Nurture,Tier 3,0.75,38.0788,-85.6787,b9082ca4-bc4f-4764-8a79-4c92eacab39c,Closed Lost,,,Jason Ginsberg,5/5/2026,4/30/2026,,,11,2026-05-11,7,4,,,,,4336
001Hr000028Zcp6,"City Of Morehead, KY",Kentucky,Municipality,Hugh Bargeron,7013,,Tier 3,0.75,38.1769,-83.4357,d1f30753-b8ac-4fb8-b8b4-e7f206a4d7c3,,,,,,,,,7,2026-02-19,2,5,,,,,4127
001Hr000028Zcv5,"City Of Lyndon, KY",Kentucky,Municipality,Hugh Bargeron,10928,,Tier 2,1.0,38.2567,-85.6016,db129933-94ba-42dc-a89f-1a573b157258,,,,,,,,,4,2026-01-21,,4,,,,,4698
001Hr000028ZcwC,"City Of Franklin, KY",Kentucky,Municipality,Hugh Bargeron,10133,Open Opportunity,Tier 2,1.0,36.7188,-86.5786,c4f47ef0-d897-41d3-8224-2ce61bc59da9,Open,Initial Interest,Top of Funnel,Ryan Minter,,6/26/2025,,,44,2026-05-11,35,9,,,,,4548
001Hr000028Zcxf,"City Of Campbellsville, KY",Kentucky,Municipality,Hugh Bargeron,11459,Open Opportunity,Tier 2,1.0,37.3434,-85.3419,75daa1a1-5308-42ca-a86b-6f255ee40953,Open,Meeting Booked,Top of Funnel,Sydney Ireland,3/16/2026,1/5/2025,,,27,2026-03-25,12,15,,,,,4743
001Hr000028ZcyA,"City Of Nicholasville, KY",Kentucky,Municipality,Hugh Bargeron,31490,,Tier 1,1.5,37.8794,-84.5734,561d4244-20bc-4a06-8800-b894f1262784,,,,,,,,,22,2026-05-11,15,7,,,,,5870
001Hr000028Zcza,"City Of Somerset, KY",Kentucky,Municipality,Hugh Bargeron,11954,,Tier 2,1.0,37.092,-84.6041,97e60f34-368d-4583-a155-8b57625e4c5f,,,,,,,,,11,2025-12-08,11,,,,,,4783
001Hr000028Zczf,"City Of Lawrenceburg, KY",Kentucky,Municipality,Hugh Bargeron,11795,,Tier 2,1.0,38.0372,-84.8963,14121b4a-5bf1-44b6-98bd-202726047e57,,,,,,,,,4,2026-02-25,3,1,,,,,4779
001Hr000028Zd0k,"City Of Radcliff, KY",Kentucky,Municipality,Hugh Bargeron,22942,Open Opportunity,Tier 2,1.0,37.8368,-85.9476,a85c20e4-721d-4865-8602-352f4a515b6b,Open,Meeting Booked,Top of Funnel,Ryan Minter,7/10/2025,7/1/2025,,,12,2026-03-04,10,2,,,,,5551
001Hr000028Zd0r,"City Of Murray, KY",Kentucky,Municipality,Hugh Bargeron,17311,,Tier 2,1.0,36.6103,-88.3148,846942c3-0693-42fe-a6e1-dc2171ebe222,,,,,,,,,15,2026-02-26,11,4,,,,,5262
001Hr000028Zd11,"City Of Independence, KY",Kentucky,Municipality,Hugh Bargeron,28920,,Tier 1,1.5,38.9431,-84.5441,4005ebdd-6039-4ebf-8f15-ad0cd87782de,,,,,,,,,15,2026-05-08,11,4,,,,,5787
001Hr000028Zd18,"City Of Newport, KY",Kentucky,Municipality,Hugh Bargeron,14113,,Tier 2,1.0,39.0914,-84.4958,23085e1c-ee56-4d12-9714-735cd2d2df19,,,,,,,,,19,2026-05-08,15,4,,,,,5040
001Hr000028Zd1T,"City Of Madisonville, KY",Kentucky,Municipality,Hugh Bargeron,19420,Open Opportunity,Tier 2,1.0,37.3281,-87.4989,e76b537a-878e-46d7-b23f-d533eb849bed,Open,Sales Qualified,Mid Funnel,Sydney Ireland,5/4/2026,5/1/2026,,Yes,11,2026-05-01,6,5,,,,,5397
001Hr000028Zd2X,"City Of Elizabethtown, KY",Kentucky,Municipality,Hugh Bargeron,31931,,Tier 1,1.5,37.7043,-85.8712,534bc990-4ae5-4da8-8310-57d5f414ef03,,,,,,,,,22,2026-02-13,16,6,,,,,5869
001Hr000028Zd2a,"City Of Bardstown, KY",Kentucky,Municipality,Hugh Bargeron,13621,,Tier 2,1.0,37.8105,-85.4664,d78f4756-5b92-495d-902c-ebde2e3009a4,,,,,,,,,6,2026-05-08,3,3,,,,,4958
001Hr000028Zd2i,"City Of Henderson, KY",Kentucky,Municipality,Hugh Bargeron,27716,,Tier 1,1.5,37.8395,-87.5885,2cabe8e0-b9ff-45d9-9996-e2c9407782b7,,,,,,,,,9,2026-05-14,1,8,,,,,5783
001Hr000028Zd3i,"City Of Winchester, KY",Kentucky,Municipality,Hugh Bargeron,19071,,Tier 2,1.0,37.9901,-84.1796,087c3250-11b1-43bc-921f-34057ab94dea,,,,,,,,,9,2026-02-09,8,1,,,,,5363
001Hr000028Zd43,"City Of Erlanger, KY",Kentucky,Municipality,Hugh Bargeron,19710,Open Opportunity,Tier 2,1.0,39.0167,-84.6008,4eeaeec8-ef9a-4ba8-bb3d-683232d435af,Open,Initial Interest,Top of Funnel,Sydney Ireland,2/2/2026,2/2/2026,,,11,2026-02-02,10,1,,,,,5393
001Hr000028Zd5s,"City Of Glasgow, KY",Kentucky,Municipality,Hugh Bargeron,15087,Open Opportunity,Tier 2,1.0,36.9963,-85.9128,6e4ec65f-bf68-4180-98b8-beff90e25ab4,Open,Demo,Mid Funnel,Ryan Minter,9/11/2025,8/26/2025,,,6,2025-08-26,6,,,,,,5091
001Hr000028Zd67,"City Of Berea, KY",Kentucky,Municipality,Hugh Bargeron,15924,Open Opportunity,Tier 2,1.0,37.5687,-84.2963,e9564a8e-0ce5-4716-beb1-153e812473be,Open,Initial Interest,Top of Funnel,Ryan Minter,,8/7/2025,,,7,2026-01-16,5,2,,,,,5141
001Hr000028Zd6S,"City Of Danville, KY",Kentucky,Municipality,Hugh Bargeron,17303,Nurture,Tier 2,1.0,37.6459,-84.7725,9afc3f45-0be7-451b-aab5-4adc6c6d37a8,Closed Lost,,,Liam Shaw,4/15/2024,1/5/2025,"$19,999",,32,2026-05-01,21,11,,,,,5259
001Hr000028Zd7G,"City Of Fort Thomas, KY",Kentucky,Municipality,Hugh Bargeron,17264,Nurture,Tier 2,1.0,39.0751,-84.4472,a9a5cc0a-077f-4367-b78d-014c5cf3ecb4,Open,Initial Interest,Top of Funnel,Ryan Minter,,8/11/2025,,Yes,13,2026-01-20,4,8,,1,,,5263
001Hr000028Zd7M,"City Of Paducah, KY",Kentucky,Municipality,Hugh Bargeron,26278,Open Opportunity,Tier 1,1.5,37.0842,-88.598,ab8bf7f2-a6c7-4425-a720-12bf0035d917,Open,Initial Interest,Top of Funnel,Ryan Minter,,8/12/2025,,,34,2026-04-14,25,9,,,,,5705
001Hr000028Zd8J,"City Of Mount Washington, KY",Kentucky,Municipality,Hugh Bargeron,18317,Open Opportunity,Tier 2,1.0,38.0482,-85.5417,d689c688-6ff8-4b27-84e1-8b8116c4665f,Open,Initial Interest,Top of Funnel,Leila Assil,10/30/2024,1/5/2025,,,23,2026-05-08,20,3,,,,,5287
001Hr000028ZdEM,"City Of Jeffersontown, KY",Kentucky,Municipality,Hugh Bargeron,28671,Open Opportunity,Tier 1,1.5,38.1942,-85.5644,8917b954-1f34-4e0f-a71f-ae419f04ac79,Open,Initial Interest,Top of Funnel,Ryan Minter,9/26/2025,9/3/2025,,,26,2026-03-10,19,7,,,,,5804
001Hr000028ZdES,"City Of Hopkinsville, KY",Kentucky,Municipality,Hugh Bargeron,30683,Cold,Tier 1,1.5,36.8655,-87.4889,8c12ccf1-6efb-4bb6-997d-055a345353ff,Closed Lost,,,Sydney Ireland,1/23/2026,1/22/2026,,,5,2025-11-10,5,,,,,,5862
001Hr000028ZdGC,"City Of Frankfort, KY",Kentucky,Municipality,Hugh Bargeron,28595,Nurture,Tier 1,1.5,38.195,-84.8785,ba81532b-b3e3-44c3-899d-e88bd6a6b9e0,Closed Lost,,,Asher Rosenfeld,,1/5/2025,,,4,2026-05-13,1,3,,,,,5792
001Hr000028ZdGS,"City Of Florence, KY",Kentucky,Municipality,Hugh Bargeron,32132,,Tier 1,1.5,38.999,-84.6266,60c3ef95-ba44-4d29-89c7-3d93cacaccf0,,,,,,,,,8,2026-04-09,1,7,,,,,5890
001Hr000028ZdHa,"City Of Georgetown, KY",Kentucky,Municipality,Hugh Bargeron,37730,Open Opportunity,Tier 1,1.5,38.2098,-84.5588,8b3fb27a-24ae-42c2-8226-ad9e4a8f63cb,Open,Sales Qualified,Mid Funnel,Sydney Ireland,5/19/2026,5/11/2026,,Yes,7,2026-05-18,,7,,,,,5978
001Hr000028ZdIm,"City Of Richmond, KY",Kentucky,Municipality,Hugh Bargeron,35756,Open Opportunity,Tier 1,1.5,37.7482,-84.2958,9e0edbad-c328-4f6d-b4af-cc52daaf1231,Open,Initial Interest,Top of Funnel,Sydney Ireland,3/2/2026,1/30/2026,,Yes,27,2026-04-24,11,16,,,,,5953
001Hr000028ZdOU,"Jessamine County, KY",Kentucky,County,Hugh Bargeron,52991,Open Opportunity,Tier S,2.0,37.8956,-84.5641,a58cd463-483a-4f07-b7fd-9ac99a1db494,Open,Initial Interest,Top of Funnel,Ryan Minter,,1/5/2026,,,16,2026-04-02,10,6,,,,,12486
001Hr000028ZdQK,"Kenton County, KY",Kentucky,County,Hugh Bargeron,174862,Nurture,Tier S,2.0,38.9864,-84.5641,82efb9f5-a47f-4837-89fd-b4e6fd6eb49d,Closed Lost,,,Emily Murnane,11/6/2025,10/22/2025,,,19,2026-04-30,,16,,,,3,12492
001Hr000028ZdZG,"Campbell County, KY",Kentucky,County,Hugh Bargeron,94008,,Tier S,2.0,38.8952,-84.3963,5f441d50-0188-45ce-ad79-b7576dc91e56,,,,,,,,,16,2026-02-03,4,12,,,,,12009
001Hr000028ZdZM,"Boone County, KY",Kentucky,County,Hugh Bargeron,140496,All Modules Live,Tier S,2.0,38.9941,-84.7316,53c46bf4-7fde-4269-a676-d94540bcb9de,,,,,,,,,,,,,,,,,12494
001Hr000028ZddY,"City Of Owensboro, KY",Kentucky,Municipality,Hugh Bargeron,60011,,Tier S,2.0,37.7674,-87.1129,d2adf0a7-31b7-4551-b6dd-1934180d787e,,,,,,,,,16,2026-04-02,6,10,,,,,11542
001Hr000028ZdlI,"Bullitt County, KY",Kentucky,County,Hugh Bargeron,85802,,Tier S,2.0,37.9842,-85.6846,79835038-05c7-4834-bf0c-789737cf8775,,,,,,,,,19,2026-02-24,,2,17,,,,12481
001Hr000028Zdsq,"Franklin County, KY",Kentucky,County,Hugh Bargeron,52442,,Tier S,2.0,38.2481,-84.8985,4a8ae285-e54c-4765-8e78-ace562859156,,,,,,,,,15,2026-01-30,,8,7,,,,12485
001Hr000028ZduW,"Shelby County, KY",Kentucky,County,Hugh Bargeron,,,Tier 3,0.75,38.1778,-85.2308,513a96e6-142a-4ea0-8892-e6ce6d714c8a,,,,,,,,,9,2026-02-19,5,4,,,,,12488
001Hr000028Zduq,"Hardin County, KY",Kentucky,County,Hugh Bargeron,112826,,Tier S,2.0,37.6566,-86.0122,d643f193-fed5-4506-bb5a-54f4323adc95,,,,,,,,,5,2026-04-30,,5,,,,,12493
001Hr000028Zduv,"Warren County, KY",Kentucky,County,Hugh Bargeron,,,Tier 3,0.75,36.9886,-86.4997,4ea25c2a-0265-437f-95f7-be8968d86887,,,,,,,,,6,2026-04-07,,1,5,,,,12490
001Hr000028Zj4y,"County Of Greenup, KY",Kentucky,County,Hugh Bargeron,35649,Open Opportunity,Tier 1,1.5,38.5731,-82.8302,026dd746-4831-44b6-9198-e3cde33e63b2,Open,Meeting Booked,Top of Funnel,Sydney Ireland,1/30/2026,1/15/2026,,Yes,7,2026-01-28,,7,,,,,12615
001cv00000AuWXO,"City Of Beattyville, KY",Kentucky,Municipality,Hugh Bargeron,2054,,Tier 3,0.75,37.5718,-83.7069,7b99f726-92ca-4138-a411-6a9666e8f8cd,,,,,,,,,1,2026-03-05,,1,,,,,13283
001cv00000AuWYA,"City Of Elkton, KY",Kentucky,Municipality,Hugh Bargeron,2068,,Tier 3,0.75,36.81,-87.1542,94758b52-f755-4a90-9c22-16d49cc705ce,,,,,,,,,6,2026-03-20,2,4,,,,,13236
001cv00000AuWai,"City Of Dry Ridge, KY",Kentucky,Municipality,Hugh Bargeron,2116,,Tier 3,0.75,38.682,-84.5899,3049f387-7849-4708-a1a9-382a4b266c7a,,,,,,,,,2,2026-03-05,1,1,,,,,13083
001cv00000AuWaz,"City Of Carlisle, KY",Kentucky,Municipality,Hugh Bargeron,2121,,Tier 3,0.75,38.312,-84.0274,2eebea2a-880e-4ae4-b295-15d06d2f0dc8,,,,,,,,,3,2025-06-30,3,,,,,,13049
001cv00000AuWqJ,"City Of Greensburg, KY",Kentucky,Municipality,Hugh Bargeron,2195,,Tier 3,0.75,37.2609,-85.4989,cad3ea71-518f-409f-abb0-c0da45e97667,,,,,,,,,1,2026-03-04,,1,,,,,13504
001cv00000AuWqO,"City Of Falmouth, KY",Kentucky,Municipality,Hugh Bargeron,2198,,Tier 3,0.75,38.6767,-84.3302,b473747d-e74c-44ba-93a6-d26e26ac17d5,,,,,,,,,5,2025-06-30,5,,,,,,13452
001cv00000AuWqq,"City Of Jackson, KY",Kentucky,Municipality,Hugh Bargeron,2208,Open Opportunity,Tier 3,0.75,37.5531,-83.3835,d5cdae44-f66f-4d12-90a4-fa44a98cb305,Closed Lost,,,Ryan Minter,7/24/2025,7/22/2025,,,3,2025-07-22,3,,,,,,13588
001cv00000AuWrR,"City Of Horse Cave, KY",Kentucky,Municipality,Hugh Bargeron,2221,,Tier 3,0.75,37.1795,-85.9073,a8403665-8fa9-4dac-a19e-1eacf474713c,,,,,,,,,4,2026-03-04,3,1,,,,,13615
001cv00000AuX5j,"City Of Junction City, KY",Kentucky,Municipality,Hugh Bargeron,2255,,Tier 3,0.75,37.583,-84.7865,b82fc4d9-f9f1-45f3-ae12-14696615f9a8,,,,,,,,,11,2026-03-12,7,4,,,,,13749
001cv00000AuX5r,"County Of Robertson, KY",Kentucky,County,Hugh Bargeron,2257,,Tier 3,0.75,38.5224,-84.0379,213915c5-d854-4622-bf0e-36ffd66cf404,,,,,,,,,,,,,,,,,13632
001cv00000AuX7D,"City Of Eddyville, KY",Kentucky,Municipality,Hugh Bargeron,2283,,Tier 3,0.75,37.0945,-88.0803,153e3bf3-7fd9-4b23-9aeb-ee2086ed5247,,,,,,,,,,,,,,,,,13764
001cv00000AuX82,"City Of Hickman, KY",Kentucky,Municipality,Hugh Bargeron,2301,Open Opportunity,Tier 3,0.75,36.5712,-89.1862,8da88cd5-b43d-4362-b47b-eabc712d0ef2,Open,Initial Interest,Top of Funnel,Ryan Minter,7/11/2025,6/24/2025,,,6,2025-07-11,6,,,,,,13829
001cv00000AuX8T,"City Of Tompkinsville, KY",Kentucky,Municipality,Hugh Bargeron,2307,,Tier 3,0.75,36.7023,-85.6916,8320040e-afd1-4b8b-8dd1-dd2f45ca4f36,,,,,,,,,3,2025-06-30,3,,,,,,13800
001cv00000AuX9R,"City Of Raceland, KY",Kentucky,Municipality,Hugh Bargeron,2332,,Tier 3,0.75,38.5401,-82.7285,76967d80-dab5-4730-9fc2-670db41a4983,,,,,,,,,8,2025-08-19,8,,,,,,13915
001cv00000AuX9V,"City Of Irvine, KY",Kentucky,Municipality,Hugh Bargeron,2333,,Tier 3,0.75,37.7006,-83.9738,d1246988-e13d-4243-9a1d-80fefc32bd00,,,,,,,,,4,2026-03-19,2,2,,,,,13857
001cv00000AuXAI,"City Of Cave City, KY",Kentucky,Municipality,Hugh Bargeron,2352,,Tier 3,0.75,37.1367,-85.9569,aacd44bd-d583-47d5-8cc5-41f4d83368a9,,,,,,,,,1,2025-06-23,1,,,,,,13957
001cv00000AuXNY,"City Of Morgantown, KY",Kentucky,Municipality,Hugh Bargeron,2469,,Tier 3,0.75,37.2256,-86.6836,440fa52c-3df2-4238-94d6-dad5ee113ff5,,,,,,,,,5,2026-03-09,3,2,,,,,14109
001cv00000AuXOG,"City Of Anchorage, KY",Kentucky,Municipality,Hugh Bargeron,2484,,Tier 3,0.75,38.2667,-85.533,46a30bd7-eb49-4f63-b249-b467d47d33eb,,,,,,,,,2,2026-03-25,1,1,,,,,14171
001cv00000AuXPZ,"City Of Calvert, KY",Kentucky,Municipality,Hugh Bargeron,2517,,Tier 3,0.75,37.0334,-88.35,fb8910aa-9c89-485a-a0d3-55430052477d,,,,,,,,,4,2025-09-02,4,,,,,,14262
001cv00000AuXei,"City Of Cadiz, KY",Kentucky,Municipality,Hugh Bargeron,2691,,Tier 3,0.75,36.865,-87.8353,fd0f5fcd-2bec-484b-afb9-6f0ce32b33b4,,,,,,,,,3,2025-06-30,3,,,,,,14360
001cv00000AuXf7,"City Of Eminence, KY",Kentucky,Municipality,Hugh Bargeron,2708,,Tier 3,0.75,38.3701,-85.1805,7fcaca95-9a9b-47b2-97db-8f1367b30bb7,,,,,,,,,6,2026-03-11,5,1,,,,,14527
001cv00000AuXg6,"City Of Russell Springs, KY",Kentucky,Municipality,Hugh Bargeron,2742,,Tier 3,0.75,37.0562,-85.0886,601f496c-44ab-4d0d-a4b7-5ab4c55dd77f,,,,,,,,,3,2025-06-25,3,,,,,,14505
001cv00000AuXjF,"City Of Lakeside Park, KY",Kentucky,Municipality,Hugh Bargeron,2820,,Tier 3,0.75,39.0356,-84.5691,8cb520ff-045c-4e01-a12a-0a45bae7e2d4,,,,,,,,,1,2025-06-23,1,,,,,,14722
001cv00000AuXjk,"City Of Springfield, KY",Kentucky,Municipality,Hugh Bargeron,2834,Open Opportunity,Tier 3,0.75,37.6864,-85.2212,556f2968-2c4e-4486-8296-321a69129681,Closed Lost,,,Ryan Minter,7/14/2025,6/24/2025,,,10,2026-03-19,7,3,,,,,14762
001cv00000AuXjq,"City Of Indian Hills, KY",Kentucky,Municipality,Hugh Bargeron,2836,,Tier 3,0.75,38.2726,-85.6627,3094e36c-6994-4d7e-a3fc-f127a0529dcb,,,,,,,,,7,2026-04-07,4,3,,,,,14663
001cv00000AuXk9,"City Of Graymoor Devondale, KY",Kentucky,Municipality,Hugh Bargeron,2845,,Tier 3,0.75,38.2731,-85.623,2e4f9ffe-49e0-498b-b7c9-4d97210cf907,,,,,,,,,2,2026-03-05,,2,,,,,14604
001cv00000AuXkJ,"City Of Marion, KY",Kentucky,Municipality,Hugh Bargeron,2848,Recent Competitor Purchase,Tier 3,0.75,37.3328,-88.0811,c460d3d3-5229-4bae-b14a-3c49e35a5cfc,Closed Lost,,,Ryan Minter,7/14/2025,7/10/2025,"$19,000",,6,2025-07-10,6,,,,,,14699
001cv00000AuXkY,"City Of Providence, KY",Kentucky,Municipality,Hugh Bargeron,2856,,Tier 3,0.75,37.3975,-87.7628,db4772d4-d30f-4040-96d6-9ef37d62d1f2,,,,,,,,,6,2025-07-01,6,,,,,,14803
001cv00000AuXmh,"City Of Brandenburg, KY",Kentucky,Municipality,Hugh Bargeron,2913,,Tier 3,0.75,38.001,-86.1721,e7c8c549-1812-4985-bcad-8fc8b8208ff3,,,,,,,,,1,2026-03-16,,1,,,,,14976
001cv00000AuXn0,"City Of Flemingsburg, KY",Kentucky,Municipality,Hugh Bargeron,2928,,Tier 3,0.75,38.4223,-83.7338,a3810280-6581-4b54-a73c-ff14bc94ae62,,,,,,,,,7,2026-03-09,4,3,,,,,14849
001cv00000AuYCi,"City Of Wilder, KY",Kentucky,Municipality,Hugh Bargeron,3140,,Tier 3,0.75,39.0237,-84.4807,2ad98d9f-f140-4db3-b5e8-49ca5272a8fb,,,,,,,,,9,2026-03-20,7,2,,,,,15251
001cv00000AuYD7,"City Of Stanton, KY",Kentucky,Municipality,Hugh Bargeron,3154,,Tier 3,0.75,37.8456,-83.8583,d3356195-7082-487c-9a09-e0b64957c80d,,,,,,,,,3,2026-03-05,2,1,,,,,15322
001cv00000AuYDM,"City Of Park Hills, KY",Kentucky,Municipality,Hugh Bargeron,3165,,Tier 3,0.75,39.0714,-84.5322,662e2892-ddd4-4fe5-9c8f-94a1048badbf,,,,,,,,,1,2025-06-24,1,,,,,,15363
001cv00000AuYER,"City Of Barbourville, KY",Kentucky,Municipality,Hugh Bargeron,2990,,Tier 3,0.75,36.8665,-83.8888,c1dafefe-30fb-4d4b-b197-9b81d4e84efd,,,,,,,,,2,2025-06-25,2,,,,,,15296
001cv00000AuYEi,"City Of Simpsonville, KY",Kentucky,Municipality,Hugh Bargeron,2997,,Tier 3,0.75,38.2218,-85.3448,6c94435f-7433-4aa6-8322-038b4cbb8af4,,,,,,,,,8,2026-04-07,4,4,,,,,15312
001cv00000AuYIo,"City Of Hodgenville, KY",Kentucky,Municipality,Hugh Bargeron,3338,Open Opportunity,Tier 3,0.75,37.5748,-85.7404,53ba6ed3-dce2-49d8-bbd0-2587529d5e3b,Open,Initial Interest,Top of Funnel,Ryan Minter,7/1/2025,6/26/2025,,,9,2026-02-26,8,1,,,,,15816
001cv00000AuYKt,"City Of Crestview Hills, KY",Kentucky,Municipality,Hugh Bargeron,3414,,Tier 3,0.75,39.0224,-84.5725,d071cf7c-5e0a-4389-a54c-6f3d482299d8,,,,,,,,,4,2026-03-19,2,2,,,,,15855
001cv00000AuYOs,"City Of Morganfield, KY",Kentucky,Municipality,Hugh Bargeron,3232,,Tier 3,0.75,37.6834,-87.9167,85a668e1-9679-42cb-a3fc-a2431e56cf9a,,,,,,,,,6,2025-07-08,6,,,,,,15421
001cv00000AuYPF,"City Of West Liberty, KY",Kentucky,Municipality,Hugh Bargeron,3247,,Tier 3,0.75,37.9215,-83.2596,e9fde251-d32c-477c-896a-326001cb09a9,,,,,,,,,3,2025-07-07,3,,,,,,15524
001cv00000AuYR5,"City Of Beaver Dam, KY",Kentucky,Municipality,Hugh Bargeron,3536,Open Opportunity,Tier 3,0.75,37.402,-86.8758,97134f0c-7994-4cf4-814c-c8868096a132,Closed Lost,,,Ryan Minter,7/15/2025,7/1/2025,,,15,2026-05-11,11,4,,,,,15547
001cv00000AuYSd,"City Of Stanford, KY",Kentucky,Municipality,Hugh Bargeron,3612,,Tier 3,0.75,37.5312,-84.6619,67b0212b-8b5a-4775-94d1-c4fafce4c110,,,,,,,,,5,2026-03-13,1,4,,,,,15969
001cv00000AuYTQ,"City Of Southgate, KY",Kentucky,Municipality,Hugh Bargeron,3646,Open Opportunity,Tier 3,0.75,39.072,-84.4727,33d926ed-7b69-45e4-a9dc-034203590ef3,Open,Initial Interest,Top of Funnel,Ryan Minter,,6/26/2025,,,6,2026-01-20,4,2,,,,,15996
001cv00000AuYhe,"City Of Carrollton, KY",Kentucky,Municipality,Hugh Bargeron,3895,,Tier 3,0.75,38.6809,-85.1794,20ea8532-4b81-419f-af88-d5a9489c5226,,,,,,,,,16,2026-03-19,11,5,,,,,16252
001cv00000AuYi1,"City Of Lancaster, KY",Kentucky,Municipality,Hugh Bargeron,3914,,Tier 3,0.75,37.6195,-84.578,42663a27-9a1f-4102-89fe-bd3647f27da9,,,,,,,,,4,2026-03-16,1,3,,,,,16074
001cv00000AuYkg,"County Of Owsley, KY",Kentucky,County,Hugh Bargeron,3953,,Tier 3,0.75,37.4295,-83.7199,98473bbd-071c-450e-8879-988fe11d70db,,,,,,,,,,,,,,,,,16436
001cv00000AuYkt,"City Of Williamstown, KY",Kentucky,Municipality,Hugh Bargeron,3962,,Tier 3,0.75,38.6381,-84.5605,a2f5a1b8-4b7c-455b-bbd2-282549d27185,,,,,,,,,8,2026-03-13,6,2,,,,,16438
001cv00000AuYmm,"City Of Crittenden, KY",Kentucky,Municipality,Hugh Bargeron,4052,,Tier 3,0.75,38.7846,-84.6032,61f50aa7-ca79-4794-bbb3-c09e8ae5564a,,,,,,,,,1,2025-06-25,1,,,,,,16588
001cv00000AuYnd,"City Of Prestonsburg, KY",Kentucky,Municipality,Hugh Bargeron,4092,Nurture,Tier 3,0.75,37.6657,-82.7715,90226f71-37e6-4caa-b6a7-f491c7f19cdc,Closed Lost,,,Ryan Minter,7/9/2025,6/25/2025,,,20,2025-09-17,20,,,,,,16825
001cv00000AuYrE,"City Of Russell, KY",Kentucky,Municipality,Hugh Bargeron,3686,,Tier 3,0.75,38.5173,-82.6977,d39f3093-448e-4e98-a35a-eaf0bda74cff,,,,,,,,,3,2026-03-10,2,1,,,,,16357
001cv00000AuYrr,"City Of Grayson, KY",Kentucky,Municipality,Hugh Bargeron,3710,,Tier 3,0.75,38.3326,-82.9485,49da20c9-fa3b-45eb-88f8-4da2ea24f148,,,,,,,,,13,2026-05-11,9,4,,,,,16321
001cv00000AuYva,"City Of Scottsville, KY",Kentucky,Municipality,Hugh Bargeron,4329,,Tier 3,0.75,36.7534,-86.1905,d0024751-9211-4025-9c8e-4bda943f76ba,,,,,,,,,4,2025-06-25,4,,,,,,16928
001cv00000AuYvq,"City Of Crescent Springs, KY",Kentucky,Municipality,Hugh Bargeron,4340,,Tier 3,0.75,39.0515,-84.5768,dd9b08af-0737-422b-aa1d-0fefa7b9114a,,,,,,,,,14,2025-07-15,14,,,,,,16936
001cv00000AuYw0,"City Of Paintsville, KY",Kentucky,Municipality,Hugh Bargeron,4347,,Tier 3,0.75,37.8145,-82.8071,ba0ef2f2-d4d2-4afa-b8b5-5ba176cdaa15,,,,,,,,,5,2025-06-26,5,,,,,,16900
001cv00000AuYwB,"City Of Ludlow, KY",Kentucky,Municipality,Hugh Bargeron,4358,,Tier 3,0.75,39.0926,-84.5474,24bbf486-af44-4080-bc71-96269d5f1096,,,,,,,,,4,2026-03-11,2,2,,,,,16907
001cv00000AuYxx,"County Of Hickman, KY",Kentucky,County,Hugh Bargeron,4424,,Tier 3,0.75,36.5712,-89.1862,73d6ba24-942b-4ef3-9154-00d0bd861da0,,,,,,,,,,,,,,,,,19978
001cv00000AuYyf,"City Of Greenville, KY",Kentucky,Municipality,Hugh Bargeron,4469,,Tier 3,0.75,37.2012,-87.1789,50d8faf9-b235-4295-bf24-610ead220acd,,,,,,,,,,,,,,,,,20041
001cv00000AuZ85,"City Of Douglass Hills, KY",Kentucky,Municipality,Hugh Bargeron,5421,,Tier 3,0.75,38.2378,-85.5527,e5f60079-6141-4de9-8a3c-6b907a7c4cd3,,,,,,,,,1,2026-01-15,,1,,,,,16962
001cv00000AuZ8W,"City Of Walton, KY",Kentucky,Municipality,Hugh Bargeron,5530,,Tier 3,0.75,38.8756,-84.6102,e719b3dc-9b73-4a07-b082-77e0132484b3,,,,,,,,,13,2026-03-09,11,2,,,,,17026
001cv00000AuZ9x,"City Of Benton, KY",Kentucky,Municipality,Hugh Bargeron,4763,,Tier 3,0.75,36.8573,-88.3503,dd0d21ca-8cae-4138-8e16-618e5013bd98,,,,,,,,,10,2025-08-29,10,,,,,,17211
001cv00000AuZAT,"City Of Fort Wright, KY",Kentucky,Municipality,Hugh Bargeron,5837,,Tier 3,0.75,39.0512,-84.535,0d4f3fe4-0644-491a-991f-54c73e515cbb,,,,,,,,,12,2025-07-09,12,,,,,,17088
001cv00000AuZAc,"County Of Cumberland, KY",Kentucky,County,Hugh Bargeron,5879,,Tier 3,0.75,36.9781,-82.9885,938fe711-620d-4c50-81bd-1e654504f496,,,,,,,,,3,2026-01-21,,3,,,,,17130
001cv00000AuZAj,"City Of Central, KY",Kentucky,Municipality,Hugh Bargeron,5912,,Tier 3,0.75,37.2939,-87.1233,3d864f4b-5c82-4a43-b85d-70af43945d55,,,,,,,,,13,2025-08-04,13,,,,,,17046
001cv00000AuZBa,"County Of Menifee, KY",Kentucky,County,Hugh Bargeron,6194,Open Opportunity,Tier 3,0.75,37.9335,-83.6348,f92d15ee-7156-4058-8b09-bea4eeb2b017,Open,Meeting Booked,Top of Funnel,Sydney Ireland,5/28/2026,1/16/2026,,,2,2026-01-16,,2,,,,,17035
001cv00000AuZBj,"City Of Crestwood, KY",Kentucky,Municipality,Hugh Bargeron,6264,,Tier 3,0.75,38.3242,-85.4725,a4bfb540-7c66-4a82-8706-9b6f767b8797,,,,,,,,,3,2026-01-14,2,1,,,,,17033
001cv00000AuZC3,"County Of Wolfe, KY",Kentucky,County,Hugh Bargeron,6507,,Tier 3,0.75,37.7551,-83.4644,09baebdc-8553-4d9b-b57b-684e3d3ad708,,,,,,,,,1,2026-01-15,,1,,,,,17078
001cv00000AuZC6,"County Of Fulton, KY",Kentucky,County,Hugh Bargeron,6512,,Tier 3,0.75,36.5042,-88.8742,fc0bcf39-9941-49dd-9120-49238895f109,,,,,,,,,8,2026-01-27,,8,,,,,17086
001cv00000AuZCl,"City Of Taylor Mill, KY",Kentucky,Municipality,Hugh Bargeron,6832,,Tier 3,0.75,38.9976,-84.4963,a5ef3ff7-827c-4d7d-b6bd-128ae929293a,,,,,,,,,1,2025-06-30,1,,,,,,17226
001cv00000AuZLb,"County Of Carlisle, KY",Kentucky,County,Hugh Bargeron,4791,,Tier 3,0.75,38.312,-84.0274,4c53a393-62f9-43f1-97d3-e935ea969ff2,,,,,,,,,,,,,,,,,17299
001cv00000AuZQt,"City Of Villa Hills, KY",Kentucky,Municipality,Hugh Bargeron,7331,,Tier 3,0.75,39.0634,-84.593,9e71a11b-197e-4205-b4b8-8a8144baedda,,,,,,,,,6,2026-02-10,4,2,,,,,17529
001cv00000AuZR0,"County Of Elliott, KY",Kentucky,County,Hugh Bargeron,7381,,Tier 3,0.75,38.1575,-83.122,5ef113dc-a619-45ad-93e3-87549ba7e7d0,,,,,,,,,5,2026-01-16,2,3,,,,,17644
001cv00000AuZRA,"County Of Lee, KY",Kentucky,County,Hugh Bargeron,7451,,Tier 3,0.75,37.5994,-83.7199,7d635af4-8555-453f-be89-e40716fd1d50,,,,,,,,,1,2025-06-30,1,,,,,,17669
001cv00000AuZRL,"City Of Union, KY",Kentucky,Municipality,Hugh Bargeron,7531,Open Opportunity,Tier 3,0.75,38.9459,-84.6805,87f4b52e-a529-47ec-8594-908672953fa4,Open,Initial Interest,Top of Funnel,Sydney Ireland,3/23/2026,2/23/2026,,,7,2026-03-13,5,2,,,,,17611
001cv00000AuZRk,"County Of Ballard, KY",Kentucky,County,Hugh Bargeron,7695,,Tier 3,0.75,37.036,-89.0179,6bb9d353-8a54-4b23-ba96-d60ccb0dd6be,,,,,,,,,2,2025-06-30,2,,,,,,17700
001cv00000AuZRq,"County Of Nicholas, KY",Kentucky,County,Hugh Bargeron,7712,,Tier 3,0.75,38.3768,-84.059,0809e991-9d54-4daa-bf33-1dba22175574,,,,,,,,,5,2025-06-30,5,,,,,,17680
001cv00000AuZSA,"City Of Columbia, KY",Kentucky,Municipality,Hugh Bargeron,4996,,Tier 3,0.75,37.1028,-85.3063,13da0f7b-21cd-4fd2-bc93-5559a99faa4d,,,,,,,,,10,2026-03-11,9,1,,,,,17636
001cv00000AuZTA,"City Of Hazard, KY",Kentucky,Municipality,Hugh Bargeron,5111,,Tier 3,0.75,37.2495,-83.1932,a1dd4561-fa74-42a9-9ad3-32bc19f95c50,,,,,,,,,13,2026-03-27,11,2,,,,,17454
001cv00000AuZXm,"City Of Edgewood, KY",Kentucky,Municipality,Hugh Bargeron,8387,,Tier 3,0.75,39.0187,-84.5819,4ce1029a-bdae-4bea-8825-d530a80b4f53,,,,,,,,,1,2025-06-30,1,,,,,,17829
001cv00000AuZXx,"County Of Bracken, KY",Kentucky,County,Hugh Bargeron,8439,,Tier 3,0.75,38.7117,-84.059,16b87eb4-b790-462d-a7ea-70dd9ea7f8aa,,,,,,,,,2,2025-07-07,2,,,,,,17776
001cv00000AuZY3,"County Of Trimble, KY",Kentucky,County,Hugh Bargeron,8530,Open Opportunity,Tier 3,0.75,38.6013,-85.3136,620acec3-663a-493a-926a-7de2455029d2,Open,Meeting Booked,Top of Funnel,Sydney Ireland,1/21/2026,1/20/2026,,,47,2026-01-28,,47,,,,,17770
001cv00000AuZYN,"City Of Fort Mitchell, KY",Kentucky,Municipality,Hugh Bargeron,8662,,Tier 3,0.75,39.0472,-84.5599,3c4ca8af-1414-4a72-a96e-2b03bcda4e99,,,,,,,,,7,2025-07-11,7,,,,,,17863
001cv00000AuZYu,"County Of Livingston, KY",Kentucky,County,Hugh Bargeron,8959,,Tier 3,0.75,37.2979,-84.2149,8f8921be-9541-43c6-b446-fecd448139ec,,,,,,,,,,,,,,,,,18435
001cv00000AuZZ6,"County Of Hancock, KY",Kentucky,County,Hugh Bargeron,9064,,Tier 3,0.75,37.8281,-86.7617,0eee2f64-34f6-4cc9-9c8b-190437f703ce,,,,,,,,,4,2026-02-02,,4,,,,,18383
001cv00000AuZZ9,"County Of Mclean, KY",Kentucky,County,Hugh Bargeron,9100,Open Opportunity,Tier 3,0.75,37.5644,-87.2618,03576b74-4173-4cbb-9010-c79c0fb7c8ff,Open,Initial Interest,Top of Funnel,Ryan Minter,,6/30/2025,,,4,2026-01-09,4,,,,,,18406
001cv00000AuZZP,"County Of Clinton, KY",Kentucky,County,Hugh Bargeron,9265,,Tier 3,0.75,36.6673,-88.9934,3ad0bcd6-aa52-4e61-92bc-30fb40955fec,,,,,,,,,,,,,,,,,18420
001cv00000AuZaS,"County Of Green, KY",Kentucky,County,Hugh Bargeron,11291,,Tier 2,1.0,37.257,-85.5612,0e3be490-7a70-4b8e-9bbf-91cd5ed5fc79,,,,,,,,,,,,,,,,,18329
001cv00000AuZaT,"County Of Owen, KY",Kentucky,County,Hugh Bargeron,11294,,Tier 2,1.0,38.4965,-84.8151,1113f907-7dc7-4c0a-b9cb-ed8d429b1e0d,,,,,,,,,,,,,,,,,18395
001cv00000AuZag,"County Of Magoffin, KY",Kentucky,County,Hugh Bargeron,11497,,Tier 2,1.0,37.7306,-83.0361,ca5c2499-c5d0-4551-ad9e-fac8865dbbeb,,,,,,,,,,,,,,,,,18419
001cv00000AuZbQ,"County Of Washington, KY",Kentucky,County,Hugh Bargeron,12072,,Tier 2,1.0,38.6162,-83.8085,2014877b-4027-4f7b-aefd-e22a236ea4be,,,,,,,,,,,,,,,,,18280
001cv00000AuZce,"County Of Leslie, KY",Kentucky,County,Hugh Bargeron,10278,,Tier 2,1.0,37.0698,-83.3789,a6474413-79c5-408e-8ce7-98c434fd7d1f,,,,,,,,,,,,,,,,,18337
001cv00000AuZck,"County Of Metcalfe, KY",Kentucky,County,Hugh Bargeron,10349,,Tier 2,1.0,37.0032,-85.6435,ca37b836-7853-462c-b22b-60564d4bfb18,,,,,,,,,,,,,,,,,18414
001cv00000AuZco,"City Of Alexandria, KY",Kentucky,Municipality,Hugh Bargeron,10369,Open Opportunity,Tier 2,1.0,38.9595,-84.388,aa3bfff5-5610-4ec4-afae-765e83711d3f,Open,Initial Interest,Top of Funnel,Ryan Minter,,7/22/2025,,,22,2026-03-03,19,3,,,,,18336
001cv00000AuZdR,"County Of Gallatin, KY",Kentucky,County,Hugh Bargeron,8775,Nurture,Tier 3,0.75,38.7295,-84.8776,0a99fe4c-0f86-4524-a834-007184315fdc,Closed Lost,,,Sydney Ireland,4/1/2026,1/15/2026,,,10,2026-05-18,,6,,3,1,,17860
001cv00000AuZdX,"County Of Lyon, KY",Kentucky,County,Hugh Bargeron,8803,,Tier 3,0.75,37.0247,-88.0901,4c589709-a771-4d11-a283-57e937e4ab58,,,,,,,,,1,2025-06-30,1,,,,,,17654
001cv00000AuZds,"County Of Crittenden, KY",Kentucky,County,Hugh Bargeron,8947,,Tier 3,0.75,38.7846,-84.6032,0bd258ca-e795-4170-aef7-2c17f7d5bdbb,,,,,,,,,4,2025-07-08,4,,,,,,17849
001cv00000AuZfb,"County Of Bath, KY",Kentucky,County,Hugh Bargeron,12778,,Tier 2,1.0,38.1068,-83.7199,f6ab8db8-c855-4126-8e31-9567c18b917b,,,,,,,,,,,,,,,,,18263
001cv00000AuZfd,"County Of Webster, KY",Kentucky,County,Hugh Bargeron,12813,,Tier 2,1.0,37.889,-86.3389,60efc945-0f5a-4bb4-b5be-6281b9502e6d,,,,,,,,,,,,,,,,,18269
001cv00000AuZfo,"County Of Jackson, KY",Kentucky,County,Hugh Bargeron,12984,,Tier 2,1.0,37.5531,-83.3835,8bcb9db3-1119-4eb1-b10a-8ea9c71a3b4b,,,,,,,,,,,,,,,,,18190
001cv00000AuZfp,"County Of Lewis, KY",Kentucky,County,Hugh Bargeron,12987,,Tier 2,1.0,38.508,-83.3789,bf344788-7ee1-48fb-bcf0-9a63e7c9f33b,,,,,,,,,,,,,,,,,18187
001cv00000AuZfx,"County Of Powell, KY",Kentucky,County,Hugh Bargeron,13133,,Tier 2,1.0,37.8381,-83.8261,5bea44d2-3a30-4540-be3d-616037ad8f48,,,,,,,,,,,,,,,,,18188
001cv00000AuZgJ,"County Of Union, KY",Kentucky,County,Hugh Bargeron,13544,Open Opportunity,Tier 2,1.0,37.6639,-87.9727,aa69cfd3-74ed-4f4a-99a5-318fc5da1e52,Open,Initial Interest,Top of Funnel,Sydney Ireland,1/20/2026,1/16/2026,,,17,2026-02-02,,17,,,,,18180
001cv00000AuZgK,"County Of Breathitt, KY",Kentucky,County,Hugh Bargeron,13553,,Tier 2,1.0,37.536,-83.3362,a61228b7-7442-44ed-a2b1-16c81d18b102,,,,,,,,,2,2026-01-22,,2,,,,,18159
001cv00000AuZh9,"County Of Pendleton, KY",Kentucky,County,Hugh Bargeron,14607,Open Opportunity,Tier 2,1.0,38.4623,-85.3036,ad9cccef-ccdb-4f10-8024-b74c329a60a3,Open,Proposal,Mid Funnel,Sydney Ireland,1/20/2026,1/16/2026,"$10,000",,12,2026-04-06,,5,,7,,,18162
001cv00000AuZha,"County Of Larue, KY",Kentucky,County,Hugh Bargeron,15028,,Tier 2,1.0,37.519,-85.7256,289e49cb-dee4-409a-bc27-872c436cbb2f,,,,,,,,,4,2026-01-27,,4,,,,,18172
001cv00000AuZhn,"County Of Fleming, KY",Kentucky,County,Hugh Bargeron,15224,,Tier 2,1.0,38.3988,-83.6774,62c58833-c8f8-4075-b599-fc7c219aecca,,,,,,,,,1,2026-01-16,,1,,,,,18150
001cv00000AuZiB,"County Of Todd, KY",Kentucky,County,Hugh Bargeron,12285,Open Opportunity,Tier 2,1.0,36.8339,-87.1423,46e16d24-bcc1-4d82-ab61-24a79a7eea61,Open,Meeting Booked,Top of Funnel,Sydney Ireland,5/1/2026,1/21/2026,,,3,2026-05-18,,1,,,2,,18122
001cv00000AuZiD,"County Of Edmonson, KY",Kentucky,County,Hugh Bargeron,12291,,Tier 2,1.0,37.1942,-86.2159,0425a928-4dd2-4e8d-b6c7-375c5658fef8,,,,,,,,,3,2026-01-21,,3,,,,,18075
001cv00000AuZiE,"County Of Butler, KY",Kentucky,County,Hugh Bargeron,12294,,Tier 2,1.0,37.2086,-86.7014,e08db8a4-2038-4fcf-a79d-b68d4ff1801d,,,,,,,,,2,2026-01-21,,2,,,,,18049
001cv00000AuZij,"County Of Caldwell, KY",Kentucky,County,Hugh Bargeron,12624,,Tier 2,1.0,37.1501,-87.8942,0719151f-ae85-47e9-b5fa-30aae6b7af84,,,,,,,,,3,2026-01-21,,3,,,,,18067
001cv00000AuZjp,"City Of Middletown, KY",Kentucky,Municipality,Hugh Bargeron,9647,,Tier 3,0.75,38.2453,-85.5388,e8da0ede-b761-4626-9c41-d44883eb54df,,,,,,,,,1,2025-08-26,1,,,,,,18004
001cv00000AuZlV,"County Of Carroll, KY",Kentucky,County,Hugh Bargeron,10863,,Tier 2,1.0,38.6748,-85.0649,86651709-c372-4c23-afde-ae81a51032c9,,,,,,,,,2,2026-01-16,,2,,,,,18054
001cv00000AuZlw,"County Of Martin, KY",Kentucky,County,Hugh Bargeron,11140,,Tier 2,1.0,37.5729,-82.7527,e2a0b82d-10b7-4df8-b280-29900789f048,,,,,,,,,4,2026-01-27,,4,,,,,18041
001cv00000AuZm5,"County Of Monroe, KY",Kentucky,County,Hugh Bargeron,11233,,Tier 2,1.0,36.7485,-85.7256,f4554dad-0a1b-4e54-9a34-411577654cbb,,,,,,,,,1,2026-01-16,,1,,,,,18036
001cv00000AuZnF,"County Of Morgan, KY",Kentucky,County,Hugh Bargeron,13820,,Tier 2,1.0,37.9146,-83.2934,ca4b34be-9f9f-43dd-ab10-b9463776bb95,,,,,,,,,2,2026-01-16,,2,,,,,17932
001cv00000AuZnY,"County Of Knott, KY",Kentucky,County,Hugh Bargeron,14053,,Tier 2,1.0,37.3461,-82.9932,4ff317e3-8f5e-4302-bd49-86ff0ed55b8b,,,,,,,,,4,2026-01-27,,4,,,,,17827
001cv00000AuZna,"County Of Estill, KY",Kentucky,County,Hugh Bargeron,14092,Nurture,Tier 2,1.0,37.6975,-83.9744,2d1d662c-e1f2-403e-b64d-161d8f2835c2,Closed Lost,,,Sydney Ireland,1/20/2026,1/15/2026,,,10,2026-01-20,,8,,2,,,17916
001cv00000AuZnp,"County Of Trigg, KY",Kentucky,County,Hugh Bargeron,14192,Open Opportunity,Tier 2,1.0,36.8474,-87.7763,6e250bdc-75c9-4186-a060-ae804abdf13c,Open,Initial Interest,Top of Funnel,Sydney Ireland,1/28/2026,1/15/2026,,,6,2026-05-04,,6,,,,,17900
001cv00000AuZnw,"City Of Shepherdsville, KY",Kentucky,Municipality,Hugh Bargeron,14328,Nurture,Tier 2,1.0,37.9909,-85.7158,c85afc91-e1a3-40e6-9b95-333b6203f186,Closed Lost,,,Sydney Ireland,5/4/2026,11/19/2025,,,4,2026-02-26,3,1,,,,,17941
001cv00000AuZoa,"City Of Shively, KY",Kentucky,Municipality,Hugh Bargeron,15528,,Tier 2,1.0,38.1921,-85.8081,8907b517-2b6b-4abf-adc6-717304969494,,,,,,,,,2,2025-07-17,2,,,,,,17958
001cv00000AuZom,"County Of Henry, KY",Kentucky,County,Hugh Bargeron,15657,,Tier 2,1.0,38.4268,-85.1479,1e0b8b2e-e040-4f82-b4cd-6281b50e20ff,,,,,,,,,2,2026-01-16,,2,,,,,17876
001cv00000AuZoy,"County Of Casey, KY",Kentucky,County,Hugh Bargeron,15866,Open Opportunity,Tier 2,1.0,37.3157,-84.8985,83aa6016-bc3e-4d80-9e20-a34a16fc0157,Open,Meeting Booked,Top of Funnel,Sydney Ireland,2/2/2026,1/27/2026,,,8,2026-04-29,,8,,,,,17913
001cv00000AuZpD,"County Of Rockcastle, KY",Kentucky,County,Hugh Bargeron,16115,,Tier 2,1.0,37.3743,-84.3121,136f7b3a-a0d4-4a7e-8c72-47513e7616a1,,,,,,,,,1,2025-09-09,1,,,,,,17790
001cv00000AuZpO,"County Of Lawrence, KY",Kentucky,County,Hugh Bargeron,16290,,Tier 2,1.0,38.0527,-82.7779,24365888-c6a9-45b7-a59e-5a6d786b189a,,,,,,,,,1,2025-09-09,1,,,,,,17781
001cv00000AuZrM,"County Of Mccreary, KY",Kentucky,County,Hugh Bargeron,16892,,Tier 2,1.0,36.6974,-84.4803,5a315f3e-5b1e-4a7e-bd6d-0412daae439f,,,,,,,,,1,2026-05-13,,1,,,,,18501
001cv00000AuZrP,"County Of Mason, KY",Kentucky,County,Hugh Bargeron,16931,,Tier 2,1.0,38.6194,-83.8897,c2287523-fa35-459d-b011-ec3775913b90,,,,,,,,,4,2026-05-08,,4,,,,,18554
001cv00000AuZsn,"County Of Adair, KY",Kentucky,County,Hugh Bargeron,18932,,Tier 2,1.0,37.0764,-85.3136,32c842c1-0eed-4f71-b8ef-9e64c3b95a47,,,,,,,,,,,,,,,,,18578
001cv00000AuZso,"County Of Harrison, KY",Kentucky,County,Hugh Bargeron,18950,Open Opportunity,Tier 2,1.0,38.4333,-84.3542,f159f608-5361-41cf-9a64-342bc14c42fc,Open,Initial Interest,Top of Funnel,Sydney Ireland,5/12/2026,5/8/2026,,,2,2026-05-14,,2,,,,,18693
001cv00000AuZt7,"County Of Hart, KY",Kentucky,County,Hugh Bargeron,19460,,Tier 2,1.0,37.3101,-85.8486,c7fa5696-be62-4ce7-affb-d7d4cb095cd4,,,,,,,,,1,2026-05-13,,1,,,,,18703
001cv00000AuZtC,"County Of Wayne, KY",Kentucky,County,Hugh Bargeron,19540,,Tier 2,1.0,36.7572,-84.8568,bf548df1-dc12-4dea-b45d-d38ad0be5d73,,,,,,,,,,,,,,,,,18661
001cv00000AuZtK,"County Of Simpson, KY",Kentucky,County,Hugh Bargeron,19718,,Tier 2,1.0,36.7772,-86.6208,9a6fe9b9-8c34-484a-894e-58dae3112391,,,,,,,,,7,2026-04-24,,7,,,,,18736
001cv00000AuZtM,"County Of Marion, KY",Kentucky,County,Hugh Bargeron,19725,,Tier 2,1.0,37.3328,-88.0811,91037cf6-7785-428c-881d-73861f8498d8,,,,,,,,,,,,,,,,,18812
001cv00000AuZtc,"County Of Garrard, KY",Kentucky,County,Hugh Bargeron,17362,,Tier 2,1.0,37.6413,-84.5641,07437540-47fd-4c4c-9992-7e48c2a0022e,,,,,,,,,2,2026-03-16,,2,,,,,18531
001cv00000AuZuG,"County Of Russell, KY",Kentucky,County,Hugh Bargeron,18156,,Tier 2,1.0,38.5173,-82.6977,3db39094-06fd-4065-8652-58a5a9677b91,,,,,,,,,,,,,,,,,18423
001cv00000AuZxd,"County Of Letcher, KY",Kentucky,County,Hugh Bargeron,21253,,Tier 2,1.0,37.1254,-82.8641,bb8e323e-8be6-429b-88a5-f2450fa80a36,,,,,,,,,,,,,,,,,18984
001cv00000Aua0M,"County Of Montgomery, KY",Kentucky,County,Hugh Bargeron,28219,,Tier 1,1.5,38.0315,-83.8897,4f21c210-e475-4006-8948-87ffb5adfa63,,,,,,,,,,,,,,,,,18806
001cv00000Aua19,"County Of Knox, KY",Kentucky,County,Hugh Bargeron,29909,,Tier 1,1.5,36.9261,-83.8897,06d66195-2065-4ead-8868-3dbc81bf900a,,,,,,,,,,,,,,,,,18918
001cv00000Aua1D,"County Of Meade, KY",Kentucky,County,Hugh Bargeron,30131,,Tier 1,1.5,37.9601,-86.2159,ca105404-1e6b-4d17-ad6b-5057a34f1ec8,,,,,,,,,3,2026-02-25,2,1,,,,,18753
001cv00000Aua2I,"County Of Rowan, KY",Kentucky,County,Hugh Bargeron,24861,,Tier 2,1.0,38.1771,-83.4644,dc38b185-fc8b-49b9-8251-d1973f0b876e,,,,,,,,,6,2026-02-20,3,3,,,,,19299
001cv00000Aua2h,"County Of Grant, KY",Kentucky,County,Hugh Bargeron,25244,,Tier 1,1.5,38.6565,-84.6479,c5e0e736-4c5a-4cf6-9571-13753d18f4e6,,,,,,,,,2,2026-05-13,,2,,,,,19565
001cv00000Aua3M,"County Of Spencer, KY",Kentucky,County,Hugh Bargeron,19916,,Tier 2,1.0,38.0123,-85.3136,7fa63772-b86b-4aea-a097-bda89f7ca778,,,,,,,,,3,2026-04-08,,3,,,,,18723
001cv00000Aua3Z,"County Of Clay, KY",Kentucky,County,Hugh Bargeron,20206,,Tier 2,1.0,37.4767,-87.82,3515b51c-4633-4400-822c-986d87880151,,,,,,,,,,,,,,,,,18621
001cv00000Aua3a,"County Of Bourbon, KY",Kentucky,County,Hugh Bargeron,20229,,Tier 2,1.0,38.2171,-84.2279,ed11e327-2bcd-4d37-896b-aea520deafbf,,,,,,,,,9,2026-03-04,7,2,,,,,18706
001cv00000Aua3y,"County Of Breckinridge, KY",Kentucky,County,Hugh Bargeron,20651,,Tier 2,1.0,37.7982,-86.4592,fd271925-0b62-4484-ad07-837270fd2173,,,,,,,,,,,,,,,,,18632
001cv00000Aua49,"County Of Allen, KY",Kentucky,County,Hugh Bargeron,20797,Nurture,Tier 2,1.0,37.61,-82.728,36f5cb71-24e9-400e-a244-56cadcb68989,Closed Lost,,,Ryan Minter,3/5/2026,12/16/2025,,,14,2026-05-01,5,4,,5,,,18710
001cv00000Aua7z,"County Of Muhlenberg, KY",Kentucky,County,Hugh Bargeron,30694,,Tier 1,1.5,37.1773,-87.1423,9cd3c0e0-9a58-49ba-beab-c5dd3eb63e91,,,,,,,,,,,,,,,,,18913
001cv00000Aua81,"County Of Boyle, KY",Kentucky,County,Hugh Bargeron,30747,,Tier 1,1.5,37.6526,-84.8151,9e953e4a-ea4b-40d5-83be-650e55a1c8c3,,,,,,,,,15,2026-03-27,13,2,,,,,18827
001cv00000Aua8S,"County Of Marshall, KY",Kentucky,County,Hugh Bargeron,31748,Nurture,Tier 1,1.5,36.8574,-88.4016,085b2a5b-9bbc-47f3-b022-c47bc9303c7a,Closed Lost,,,Ryan Minter,9/3/2025,7/29/2025,"$10,000",,13,2026-02-23,11,2,,,,,18758
001cv00000Aua9r,"County Of Johnson, KY",Kentucky,County,Hugh Bargeron,22556,,Tier 2,1.0,37.8048,-82.8641,3265f042-52cf-4265-9127-a35dcb7103de,,,,,,,,,1,2026-03-18,,1,,,,,18932
001cv00000AuaA9,"County Of Mercer, KY",Kentucky,County,Hugh Bargeron,22850,,Tier 2,1.0,37.8259,-84.8985,6e472bfd-3f97-4fe2-acc1-b76384aabd3d,,,,,,,,,5,2026-03-09,1,4,,,,,18927
001cv00000AuaAZ,"County Of Ohio, KY",Kentucky,County,Hugh Bargeron,23688,,Tier 2,1.0,37.5109,-86.822,9146f98b-9595-41b7-acb6-c5c48a5bcd10,,,,,,,,,,,,,,,,,18760
001cv00000AuaAi,"County Of Bell, KY",Kentucky,County,Hugh Bargeron,23858,,Tier 2,1.0,36.7411,-83.6348,67311a6d-2c01-491e-b0a9-cadde93f9ee4,,,,,,,,,,,,,,,,,18921
001cv00000AuaAn,"County Of Anderson, KY",Kentucky,County,Hugh Bargeron,24035,,Tier 2,1.0,37.9986,-84.9818,806ad109-d9f5-42c6-95ff-8405c7f5ffc5,,,,,,,,,,,,,,,,,18807
001cv00000AuaAq,"County Of Lincoln, KY",Kentucky,County,Hugh Bargeron,24243,,Tier 2,1.0,37.4751,-84.6479,586cc9e8-ecd9-45ee-a167-e9d1c60750de,,,,,,,,,3,2026-03-18,,3,,,,,18843
001cv00000AuaBF,"County Of Harlan, KY",Kentucky,County,Hugh Bargeron,26164,,Tier 1,1.5,36.8431,-83.3218,95897114-01c7-47c8-be20-df56ac96027c,,,,,,,,,,,,,,,,,19211
001cv00000AuaBJ,"County Of Taylor, KY",Kentucky,County,Hugh Bargeron,26235,,Tier 1,1.5,37.3329,-85.3136,55604def-118b-4f6c-8a9a-ab96e4b26c1b,,,,,,,,,3,2026-04-08,,3,,,,,19297
001cv00000AuaBS,"County Of Carter, KY",Kentucky,County,Hugh Bargeron,26412,,Tier 1,1.5,38.429,-83.1207,646e7503-2b1e-4e16-ae00-a91e3709c342,,,,,,,,,4,2025-12-10,4,,,,,,19244
001cv00000AuaBU,"County Of Grayson, KY",Kentucky,County,Hugh Bargeron,26524,,Tier 1,1.5,38.3326,-82.9485,8a2ed6d9-b8db-487f-bbb4-aaf161ce2338,,,,,,,,,1,2026-03-26,,1,,,,,19291
001cv00000AuaBp,"County Of Woodford, KY",Kentucky,County,Hugh Bargeron,27075,,Tier 1,1.5,38.0722,-84.7316,b9e67711-afae-4298-a4f4-97f787e811d7,,,,,,,,,2,2026-01-28,,2,,,,,19198
001cv00000AuaCA,"County Of Logan, KY",Kentucky,County,Hugh Bargeron,27771,,Tier 1,1.5,36.8698,-86.8622,aa3718b6-b26a-4b23-b6ca-c2871167cc93,,,,,,,,,,,,,,,,,19109
001cv00000AuaCG,"County Of Perry, KY",Kentucky,County,Hugh Bargeron,27929,,Tier 1,1.5,37.3161,-83.2078,e9482300-25cf-4aac-b3ba-0d2f06b4ac4d,,,,,,,,,,,,,,,,,19155
001cv00000AuaCv,"County Of Floyd, KY",Kentucky,County,Hugh Bargeron,35274,,Tier 1,1.5,37.5455,-82.7779,64a488fc-51ee-404e-80f4-e42f9abff0c1,,,,,,,,,,,,,,,,,19139
001cv00000AuaDU,"County Of Graves, KY",Kentucky,County,Hugh Bargeron,36615,,Tier 1,1.5,36.6888,-88.7109,b6f37ce7-d2bb-4507-aebb-33f48ee8fad1,,,,,,,,,,,,,,,,,19164
001cv00000AuaDd,"County Of Clark, KY",Kentucky,County,Hugh Bargeron,36871,,Tier 1,1.5,37.9599,-84.1435,9390ebd2-0422-4ff2-981c-06e6fcfb61cb,,,,,,,,,,,,,,,,,19113
001cv00000AuaDg,"County Of Whitley, KY",Kentucky,County,Hugh Bargeron,36939,,Tier 1,1.5,36.7263,-84.1857,2b603973-ef95-41a6-80b6-4ee4a5792f05,,,,,,,,,5,2026-01-13,5,,,,,,19144
001cv00000AuaDy,"County Of Calloway, KY",Kentucky,County,Hugh Bargeron,37560,,Tier 1,1.5,36.6403,-88.285,4a402dbd-5540-49f6-b021-81ed367b4377,,,,,,,,,,,,,,,,,19241
001cv00000AuaHD,"County Of Henderson, KY",Kentucky,County,Hugh Bargeron,44329,,Tier 1,1.5,37.8395,-87.5885,fc9ac31f-31d5-4d80-ad0d-dbef5e65d5a6,,,,,,,,,23,2026-03-25,17,6,,,,,19007
001cv00000AuaHK,"County Of Barren, KY",Kentucky,County,Hugh Bargeron,44544,Open Opportunity,Tier 1,1.5,36.9677,-85.8486,412b07bf-1901-449a-a65b-b4367ce1e628,Open,Meeting Booked,Top of Funnel,Ryan Minter,9/11/2025,9/4/2025,,,2,2026-03-11,,2,,,,,19058
001cv00000AuaHV,"County Of Hopkins, KY",Kentucky,County,Hugh Bargeron,45138,Nurture,Tier 1,1.5,37.3153,-87.5791,89fe36f2-a6d8-48ca-8eb4-8d6f41d557dc,Closed Lost,,,Ryan Minter,9/11/2025,7/1/2025,,,6,2026-04-22,5,1,,,,,19510
001cv00000AuaK5,"County Of Nelson, KY",Kentucky,County,Hugh Bargeron,47098,Open Opportunity,Tier 1,1.5,37.7647,-85.4788,a1a7349d-49aa-4665-810e-3ecf0766f8d6,Open,Initial Interest,Top of Funnel,Ryan Minter,8/8/2025,8/4/2025,,,21,2026-01-20,13,8,,,,,19477
001cv00000AuaKH,"County Of Boyd, KY",Kentucky,County,Hugh Bargeron,47899,Open Opportunity,Tier 1,1.5,38.3833,-82.6915,43275167-eecb-4d79-9200-845631ac9888,Open,Initial Interest,Top of Funnel,Ryan Minter,8/13/2025,8/5/2025,,,32,2026-03-02,23,9,,,,,19454
001cv00000AuaNi,"County Of Pike, KY",Kentucky,County,Hugh Bargeron,57391,,Tier S,2.0,37.4842,-82.4753,1936eece-d159-42bf-91f5-687c90c026c1,,,,,,,,,2,2026-05-18,,1,,,1,,19528
001cv00000AuaNw,"County Of Scott, KY",Kentucky,County,Hugh Bargeron,58252,,Tier S,2.0,38.3172,-84.5641,8fda8a34-96e0-4e51-8134-cca7716abcb9,,,,,,,,,2,2026-01-27,,2,,,,,19654
001cv00000AuaOc,"County Of Laurel, KY",Kentucky,County,Hugh Bargeron,62561,,Tier S,2.0,37.0693,-84.1857,e4b2bc2b-5b38-430e-9dfa-869860c721c2,,,,,,,,,,,,,,,,,19893
001cv00000AuaP8,"County Of Pulaski, KY",Kentucky,County,Hugh Bargeron,65423,Open Opportunity,Tier S,2.0,37.0854,-84.5222,845f5504-2679-489f-9b16-a2c971c7a257,,,,,,,,,5,2026-03-31,1,4,,,,,19883
001cv00000AuaPb,"County Of Mccracken, KY",Kentucky,County,Hugh Bargeron,67454,Open Opportunity,Tier S,2.0,37.0331,-88.7109,ead10821-b944-4603-8677-bb7d7eb1a042,Open,Meeting Booked,Top of Funnel,Sydney Ireland,6/4/2026,1/20/2026,,,8,2026-04-22,3,5,,,,,19848
001cv00000AuaUq,"County Of Madison, KY",Kentucky,County,Hugh Bargeron,94666,,Tier S,2.0,37.7143,-84.3121,723d6b27-f43f-41b8-945c-80d2b6a24144,,,,,,,,,9,2026-01-30,,9,,,,,19876
001cv00000AuaWH,"County Of Christian, KY",Kentucky,County,Hugh Bargeron,72357,Open Opportunity,Tier S,2.0,36.8411,-87.4604,c0f47230-c246-4a71-a80b-56e92e28e338,,,,,,,,,6,2026-01-22,,6,,,,,19831
001cv00000AuaWP,"City Of Bowling Green, KY",Kentucky,Municipality,Hugh Bargeron,73529,Open Opportunity,Tier S,2.0,36.9685,-86.4808,dfd828f6-8462-4663-b5d8-249afa06a8e1,Open,Proposal,Mid Funnel,Sydney Ireland,1/20/2026,1/16/2026,"$18,000",,17,2026-04-07,,17,,,,,19756
001cv00000AuaXu,"County Of Oldham, KY",Kentucky,County,Hugh Bargeron,68685,,Tier S,2.0,38.356,-85.4788,86310d9f-35c2-410a-8a54-43389d7b0bc1,,,,,,,,,16,2026-04-29,2,9,5,,,,19825
001cv00000B21pn,"City Of Fulton, KY",Kentucky,Municipality,Hugh Bargeron,2385,Nurture,Tier 3,0.75,36.5042,-88.8742,6d96d24d-b537-4a22-b338-cc3c58f4b974,Closed Lost,,,Ryan Minter,7/18/2025,7/15/2025,,,7,2025-07-15,7,,,,,,20193
001cv00000B21qG,"City Of Hardinsburg, KY",Kentucky,Municipality,Hugh Bargeron,2397,,Tier 3,0.75,37.78,-86.4608,43fd18fd-7026-44cc-ad11-e76ce26a5a62,,,,,,,,,3,2025-07-01,3,,,,,,20137
001cv00000B21qZ,"City Of Mount Vernon, KY",Kentucky,Municipality,Hugh Bargeron,2407,,Tier 3,0.75,37.3529,-84.3405,65dc4c60-7d0a-4bb1-8cf9-0522b54ddcb2,,,,,,,,,3,2025-07-08,3,,,,,,20224
001cv00000B21qm,"City Of Windy Hills, KY",Kentucky,Municipality,Hugh Bargeron,2412,,Tier 3,0.75,38.274,-85.6344,f1247925-f24d-439c-9561-fd426d2d2c34,,,,,,,,,5,2026-05-11,,5,,,,,20291
001cv00000B21sD,"City Of Dawson Springs, KY",Kentucky,Municipality,Hugh Bargeron,2444,,Tier 3,0.75,37.1673,-87.6925,ac327ea6-8d9f-4799-ba5f-060c53743530,,,,,,,,,3,2026-04-06,1,2,,,,,20243
001cv00000B21xY,"City Of Louisa, KY",Kentucky,Municipality,Hugh Bargeron,2652,,Tier 3,0.75,38.1143,-82.6032,2642a0ea-5485-4088-999a-05b455954527,,,,,,,,,6,2026-03-20,,6,,,,,20347
001cv00000B21y1,"City Of Hartford, KY",Kentucky,Municipality,Hugh Bargeron,2662,,Tier 3,0.75,37.4512,-86.9092,bcd71dc6-3a92-4d9c-82d8-e75ca69b7be3,,,,,,,,,,,,,,,,,20563
001cv00000B21yj,"City Of Pioneer Village, KY",Kentucky,Municipality,Hugh Bargeron,2681,,Tier 3,0.75,38.067,-85.6772,3a508613-6beb-44a8-9e97-c46c520369df,,,,,,,,,1,2026-03-11,,1,,,,,20509
001cv00000B21z2,"City Of Prospect, KY",Kentucky,Municipality,Hugh Bargeron,4569,,Tier 3,0.75,38.3451,-85.6155,83934834-c15b-4bf2-9622-1dd036256e12,,,,,,,,,1,2026-02-10,,1,,,,,20490
001cv00000B221F,"City Of Hurstbourne, KY",Kentucky,Municipality,Hugh Bargeron,4654,,Tier 3,0.75,38.2378,-85.5877,0cbcf6bf-abe8-4d10-bbf6-fd4a2679b0f2,,,,,,,,,3,2026-04-07,1,2,,,,,20626
001cv00000bBVeQ,City of Loretto,Kentucky,Municipality,Hugh Bargeron,710,,Tier 3,0.75,37.6349,-85.3984,cb0944f5-7194-4295-a433-b1e3118d7213,,,,,,,,,,,,,,,,,21239
001cv00000bBVeY,City of Burnside,Kentucky,Municipality,Hugh Bargeron,718,,Tier 3,0.75,36.989,-84.5999,f81004d3-b031-4d34-8005-4783faef86a2,,,,,,,,,,,,,,,,,21225
001cv00000bBViA,City of Adairville,Kentucky,Municipality,Hugh Bargeron,881,,Tier 3,0.75,36.6675,-86.8519,d9adbdf1-a62d-4656-9908-b14c37cfcf1c,,,,,,,,,,,,,,,,,21278
001cv00000bBVp0,City of Augusta,Kentucky,Municipality,Hugh Bargeron,1101,,Tier 3,0.75,38.7717,-84.0058,09dda92e-1d1c-499c-9d71-12e52c3e0cc6,,,,,,,,,,,,,,,,,21484
001cv00000bBVxU,City of Earlington,Kentucky,Municipality,Hugh Bargeron,1257,,Tier 3,0.75,37.2742,-87.5119,c45914b7-f180-4438-9506-ac6140cf1a3f,,,,,,,,,,,,,,,,,21638
001cv00000bBVyN,City of Taylorsville,Kentucky,Municipality,Hugh Bargeron,1317,,Tier 3,0.75,38.0317,-85.3425,b00d47ff-855f-48bf-9240-1deddd958221,,,,,,,,,,,,,,,,,21706
001cv00000bBW3u,City of Lewisport,Kentucky,Municipality,Hugh Bargeron,1743,,Tier 3,0.75,37.937,-86.9022,d1433e53-5cf4-447f-9681-a3a6c2c49ea3,,,,,,,,,,,,,,,,,21715
001cv00000bBWBu,City of Pineville,Kentucky,Municipality,Hugh Bargeron,1566,,Tier 3,0.75,36.762,-83.6949,7677354e-10e8-45f9-a765-27dd266738d6,,,,,,,,,,,,,,,,,21993
001cv00000bBWIw,City of Midway,Kentucky,Municipality,Hugh Bargeron,1780,,Tier 3,0.75,38.1511,-84.6839,3829ad7b-183f-4041-a224-ac94976611dd,,,,,,,,,,,,,,,,,21775
001cv00000bBWN5,Daviess County,Kentucky,County,Hugh Bargeron,104457,,Tier S,2.0,37.7308,-87.1024,da858258-14ab-423e-9d0a-505ae5c57e5e,,,,,,,,,,,,,,,,,22015
001cv00000bBWNS,City of Owingsville,Kentucky,Municipality,Hugh Bargeron,1589,,Tier 3,0.75,38.1448,-83.7641,bbad1b2b-3ca0-470c-918e-56f29dd602c1,,,,,,,,,,,,,,,,,22050
001cv00000bBWNv,City of Whitesburg,Kentucky,Municipality,Hugh Bargeron,1625,,Tier 3,0.75,37.1184,-82.8268,287677de-8598-4bcf-9d52-62fa1203421a,,,,,,,,,,,,,,,,,22113
001cv00000bBWPa,City of Catlettsburg,Kentucky,Municipality,Hugh Bargeron,1725,,Tier 3,0.75,38.4048,-82.6009,b7f76b38-8178-422a-82e5-f5f2751451b7,,,,,,,,,,,,,,,,,22210
001cv00000bBWYa,Louisville-Jefferson County Metro Government,Kentucky,Municipality,Hugh Bargeron,777874,,Tier S,2.0,38.1459,-85.8378,5ac49b2c-f983-48aa-9173-398ade8aa528,,,,,,,,,7,2026-04-29,,7,,,,,22489
001cv00000bBWt8,City of Guthrie,Kentucky,Municipality,Hugh Bargeron,1362,,Tier 3,0.75,36.6484,-87.1664,4a9453db-9510-41a7-b731-f7d4ea478bfe,,,,,,,,,,,,,,,,,22595
001cv00000bBWwz,City of Olive Hill,Kentucky,Municipality,Hugh Bargeron,1533,,Tier 3,0.75,38.3001,-83.1741,2b7cccf5-d248-465d-824c-2d56a1e6ea87,,,,,,,,,,,,,,,,,22720
001cv00000bBX0O,Lexington-Fayette Urban County Government,Kentucky,Municipality,Sydney Ireland,329437,Open Opportunity,Tier S,2.0,38.0389,-84.5153,513b99ee-85e0-4c9f-b17d-22aebd76816b,Open,Meeting Booked,Top of Funnel,Sydney Ireland,5/21/2026,5/18/2026,,,24,2026-05-18,,24,,,,,22812
