Account ID,Account Name,State,Entity Type,Owner,Population,Account Status,Tier,SQO Points,Lat,Lng,Starbridge Buyer ID,Opp Status,Stage,Funnel Position,Sourced By,Discovery Call Date,Created Date,ARR,Previously Lost,Total Calls,Last Call Date,Calls - Sydney Ireland,Calls - Jenny Allison,Calls - Leila Assil,Calls - Ryan Minter,Calls - Alicia Gopal,Calls - Joe del Rosario,Calls - Nick Martino
001Hr000028Zbny,"City Of Lakeland, TN",Tennessee,Municipality,Sydney Ireland,13805,,Tier 2,1.0,35.2306,-89.7404,1aa8d4de-61e4-4ab1-93e8-a269a364b910,,,,,,,,,3,2026-05-08,3,,,,,,
001Hr000028Zc2a,"City Of Martin, TN",Tennessee,Municipality,Sydney Ireland,10515,,Tier 2,1.0,36.3434,-88.8503,2811c992-b885-4381-b332-af354d5e381d,,,,,,,,,9,2026-05-08,9,,,,,,
001Hr000028ZcTs,"City Of Munford, TN",Tennessee,Municipality,Sydney Ireland,6385,,Tier 3,0.75,35.4469,-89.8071,5638a496-b2d3-46ef-b406-f98939ad4fae,,,,,,,,,2,2026-02-13,2,,,,,,
001Hr000028ZcVT,"City Of Lafayette, TN",Tennessee,Municipality,Sydney Ireland,5612,,Tier 3,0.75,36.5212,-86.0264,b40be577-9ce0-4115-99e2-174828daa435,,,,,,,,,8,2025-07-11,,,,,,8,
001Hr000028ZcYH,"City Of Mt Juliet City, TN",Tennessee,Municipality,Sydney Ireland,40766,Open Opportunity,Tier 1,1.5,36.2001,-86.5186,e6f82043-2a55-4b6f-bda8-0c5c5fee15b5,Open,Meeting Booked,Top of Funnel,Sydney Ireland,4/20/2026,4/20/2026,,,50,2026-04-23,22,28,,,,,
001Hr000028Zcd9,"City Of La Vergne, TN",Tennessee,Municipality,Sydney Ireland,39091,Open Opportunity,Tier 1,1.5,36.0156,-86.5819,0db1db20-21ea-4f91-8281-225efdbdc108,Open,Meeting Booked,Top of Funnel,Sydney Ireland,5/6/2026,11/19/2025,,,13,2026-05-06,9,4,,,,,
001Hr000028Zcg7,"City Of Union City, TN",Tennessee,Municipality,Sydney Ireland,11107,All Modules Live,Tier 2,1.0,36.4242,-89.057,adcc62fb-bb74-487e-b3d1-fca22c281e1f,Closed Won,,,Leila Assil,,2/14/2025,"$14,000",,,,,,,,,,
001Hr000028Zchu,"City Of Henderson, TN",Tennessee,Municipality,Sydney Ireland,6309,,Tier 3,0.75,35.4392,-88.6414,ca755306-578d-4a55-a978-1101e53943b8,,,,,,,,,1,2026-02-24,1,,,,,,
001Hr000028Zcps,"City Of Bartlett, TN",Tennessee,Municipality,Sydney Ireland,57318,Open Opportunity,Tier S,2.0,35.2045,-89.874,acaf259c-d764-46bc-b419-031014680ada,Open,Initial Interest,Top of Funnel,Sydney Ireland,2/9/2026,2/2/2026,,,28,2026-05-11,15,8,5,,,,
001Hr000028Zct0,"City Of Kingston, TN",Tennessee,Municipality,Sydney Ireland,6023,Open Opportunity,Tier 3,0.75,35.8809,-84.5085,2c54fab0-b600-4643-9b1b-91362009ddce,Open,Meeting Booked,Top of Funnel,Sydney Ireland,5/7/2026,5/6/2026,,,13,2026-05-15,4,,9,,,,
001Hr000028Zcv3,"City Of Millersville, TN",Tennessee,Municipality,Sydney Ireland,6274,,Tier 3,0.75,36.3772,-86.7061,6c7e94eb-b06f-41f4-b249-fb4a13786912,,,,,,,,,5,2026-03-06,5,,,,,,
001Hr000028ZcxX,"City Of East Ridge, TN",Tennessee,Municipality,Sydney Ireland,21961,Open Opportunity,Tier 2,1.0,34.9947,-85.2257,3c37251c-756b-41c4-9aa6-ababfec9ed70,Open,Initial Interest,Top of Funnel,Ryan Minter,7/31/2025,7/31/2025,,,36,2026-03-16,13,,,23,,,
001Hr000028Zcxz,"City Of Millington, TN",Tennessee,Municipality,Sydney Ireland,10508,Nurture,Tier 2,1.0,35.3415,-89.8973,ba4e1de6-5ecd-4571-84ff-51d6bf5f6dcf,Closed Lost,,,Sydney Ireland,2/24/2026,2/9/2026,,,14,2026-04-30,8,6,,,,,
001Hr000028ZczN,"City Of Manchester, TN",Tennessee,Municipality,Sydney Ireland,12624,Nurture,Tier 2,1.0,35.4817,-86.0886,1f3f9c13-48ce-40d0-97a3-65276dc2c4cf,Closed Lost,,,Liam Shaw,8/15/2024,1/5/2025,,,2,2026-02-09,2,,,,,,
001Hr000028Zd1o,"City Of Dayton, TN",Tennessee,Municipality,Sydney Ireland,7139,Nurture,Tier 3,0.75,35.494,-85.0125,15ed7ebb-3d67-4d0a-853e-67f60d99390c,Closed Lost,,,Liam Shaw,4/17/2024,1/5/2025,"$24,999",,3,2026-03-06,3,,,,,,
001Hr000028Zd24,"City Of Gallatin, TN",Tennessee,Municipality,Sydney Ireland,46902,Open Opportunity,Tier 1,1.5,36.3878,-86.4485,08a18ba2-45ec-411d-a287-f976f022be1c,Open,Initial Interest,Top of Funnel,Granger West,,4/16/2025,,,17,2026-04-22,13,4,,,,,
001Hr000028Zd4H,"Town Of Farragut, TN",Tennessee,Municipality,Sydney Ireland,25579,Open Opportunity,Tier 1,1.5,35.8779,-84.1711,cbaed812-3d4d-46eb-844e-bad38f9936a6,Open,Initial Interest,Top of Funnel,Leila Assil,10/2/2025,1/5/2025,,,15,2026-05-11,6,3,6,,,,
001Hr000028Zd4h,"City Of Sweetwater, TN",Tennessee,Municipality,Sydney Ireland,6335,,Tier 3,0.75,35.6015,-84.461,c7dba1dc-4030-4465-a763-d948a3f8c6bd,,,,,,,,,3,2026-02-17,3,,,,,,
001Hr000028Zd8K,"City Of Collegedale, TN",Tennessee,Municipality,Sydney Ireland,11621,,Tier 2,1.0,35.0531,-85.0502,acd4fbda-577f-4eb4-b21a-192287c74bd5,,,,,,,,,20,2026-05-15,11,9,,,,,
001Hr000028Zd8L,"City Of Soddy Daisy, TN",Tennessee,Municipality,Sydney Ireland,13091,Nurture,Tier 2,1.0,35.2359,-85.1908,01885623-adfb-4140-a5b0-e61596f3d19e,Closed Lost,,,Jenny Allison,11/25/2025,11/21/2025,,,3,2026-02-09,2,1,,,,,
001Hr000028Zd8a,"City Of Dunlap, TN",Tennessee,Municipality,Sydney Ireland,5455,,Tier 3,0.75,35.3715,-85.3905,d2f6e0f0-f88d-442b-b6dd-23ea91187b04,,,,,,,,,2,2026-02-03,2,,,,,,
001Hr000028Zd8g,"City Of Cookeville, TN",Tennessee,Municipality,Sydney Ireland,35138,,Tier 1,1.5,36.1625,-85.4988,bb1c99c1-2bce-4137-a984-6b7f79410166,,,,,,,,,5,2026-04-06,1,4,,,,,
001Hr000028Zd9T,"City Of Lenoir City, TN",Tennessee,Municipality,Sydney Ireland,10361,Nurture,Tier 2,1.0,35.7973,-84.256,c3fce1de-7647-4d7f-9033-8f07f8eea0e9,Closed Lost,,,Granger West,4/22/2025,4/14/2025,,,3,2026-05-15,2,,1,,,,
001Hr000028ZdBE,"City Of Winchester, TN",Tennessee,Municipality,Sydney Ireland,9546,,Tier 3,0.75,35.1859,-86.1122,dcbd9500-d5c5-4fee-99df-6c745b3d170c,,,,,,,,,3,2026-02-23,3,,,,,,
001Hr000028ZdBQ,"City Of Fairview, TN",Tennessee,Municipality,Sydney Ireland,9662,All Modules Live,Tier 3,0.75,35.982,-87.1214,22b1a9d2-a0d6-437e-bddd-a1add4adba7a,Closed Won,,,Liam Shaw,5/29/2024,1/5/2025,"$22,000",,,,,,,,,,
001Hr000028ZdCi,"City Of Brentwood, TN",Tennessee,Municipality,Sydney Ireland,45491,,Tier 1,1.5,36.0331,-86.7828,9a762e0a-5d47-4fa3-a123-eca649503da8,,,,,,,,,11,2025-11-04,,11,,,,,
001Hr000028ZdEc,"City Of Goodlettsville, TN",Tennessee,Municipality,Sydney Ireland,17344,Nurture,Tier 2,1.0,36.3223,-86.7133,d14e37ac-0efb-4ace-a444-ee5154907562,Closed Lost,,,Sydney Ireland,2/13/2026,2/9/2026,,,9,2026-02-09,1,,,8,,,
001Hr000028ZdF6,"City Of Rockwood, TN",Tennessee,Municipality,Sydney Ireland,5543,Nurture,Tier 3,0.75,35.8656,-84.6849,e8bda051-e013-446c-b7b3-6359ced4b371,Closed Lost,,,Liam Shaw,4/29/2024,1/5/2025,,,6,2026-02-17,6,,,,,,
001Hr000028ZdFX,"Town Of Jonesborough, TN",Tennessee,Municipality,Sydney Ireland,5954,Implementation,Tier 3,0.75,36.2943,-82.4735,2d21320c-ca94-481a-bd3d-21e5e60157d6,Closed Won,,,Jenny Allison,1/8/2026,12/9/2025,"$12,000",,4,2026-03-02,,4,,,,,
001Hr000028ZdGO,"City Of Columbia, TN",Tennessee,Municipality,Sydney Ireland,43340,,Tier 1,1.5,35.6151,-87.0353,094992e0-2c1e-4307-95e1-4fad5bbf0348,,,,,,,,,29,2026-05-08,18,11,,,,,
001Hr000028ZdH6,"City Of Lexington, TN",Tennessee,Municipality,Sydney Ireland,7915,,Tier 3,0.75,35.6509,-88.3934,622815f7-c32c-4723-9402-c41b4f1af8fb,,,,,,,,,3,2026-05-08,3,,,,,,
001Hr000028ZdIE,"City Of Savannah, TN",Tennessee,Municipality,Sydney Ireland,7190,Nurture,Tier 3,0.75,35.2243,-88.2441,96d2a5ec-1d83-41e3-8eb7-18b9b1f5a5db,Closed Lost,,,Sydney Ireland,3/5/2026,2/27/2026,,,7,2026-03-05,6,1,,,,,
001Hr000028ZdIW,"City Of Hendersonville, TN",Tennessee,Municipality,Sydney Ireland,62257,,Tier S,2.0,36.303,-86.6283,03dcafd4-8dbc-4c09-aadd-af1d9d51e7b7,,,,,,,,,16,2026-04-29,9,7,,,,,
001Hr000028ZdIk,"City Of Loudon, TN",Tennessee,Municipality,Sydney Ireland,6235,,Tier 3,0.75,35.7329,-84.3338,bfed0780-8a86-4521-83ca-774b1d3d1c62,,,,,,,,,15,2026-05-08,15,,,,,,
001Hr000028ZdJh,"Loudon County, TN",Tennessee,County,Sydney Ireland,62129,,Tier S,2.0,35.7374,-84.3121,868b79b3-52c8-430d-b662-aea41a87cd5d,,,,,,,,,10,2026-04-09,7,,3,,,,
001Hr000028ZdJr,"City Of Athens, TN",Tennessee,Municipality,Sydney Ireland,14225,,Tier 2,1.0,35.4429,-84.593,d76b78a9-8c54-490c-bac1-88190ec2340b,,,,,,,,,14,2026-03-27,6,8,,,,,
001Hr000028ZdJw,"Town Of Greeneville, TN",Tennessee,Municipality,Sydney Ireland,15495,,Tier 2,1.0,36.1632,-82.831,66fe8d50-0620-480d-a1d0-5f0be6f681c6,,,,,,,,,10,2026-05-18,8,2,,,,,
001Hr000028ZdJy,"Bedford County, TN",Tennessee,County,Sydney Ireland,,,Tier 3,0.75,35.4702,-86.4592,bc94e708-9df8-416d-90ef-506e0ac7459c,,,,,,,,,4,2026-04-27,4,,,,,,
001Hr000028ZdK7,"Bradley County, TN",Tennessee,County,Sydney Ireland,111579,Open Opportunity,Tier S,2.0,35.1938,-84.8568,9cd098db-5d4a-4333-abc6-c612a64a08b4,Open,Initial Interest,Top of Funnel,Leila Assil,6/6/2025,5/30/2025,,,33,2026-05-08,9,7,8,,9,,
001Hr000028ZdK8,"Williamson County, TN",Tennessee,County,Sydney Ireland,247790,,Tier S,2.0,35.9179,-86.8622,,,,,,,,,,12,2026-05-01,12,,,,,,
001Hr000028ZdKX,"City Of Sevierville, TN",Tennessee,Municipality,Sydney Ireland,18662,,Tier 2,1.0,35.8681,-83.5618,dbf92ed5-964d-4ab9-84fd-3422872db7b8,,,,,,,,,14,2026-04-21,10,4,,,,,
001Hr000028ZdLF,"City Of Shelbyville, TN",Tennessee,Municipality,Sydney Ireland,23743,,Tier 2,1.0,35.4834,-86.4603,163a026f-6334-4d68-8a2c-9ed4d8836796,,,,,,,,,9,2026-01-28,6,,3,,,,
001Hr000028ZdLh,"City Of Elizabethton, TN",Tennessee,Municipality,Sydney Ireland,14015,Open Opportunity,Tier 2,1.0,36.3487,-82.2107,2fa700ed-c65b-4287-81b1-6703b979c306,Open,Initial Interest,Top of Funnel,Jenny Allison,,12/9/2025,,,15,2026-04-27,6,,9,,,,
001Hr000028ZdM7,"City Of Springfield, TN",Tennessee,Municipality,Sydney Ireland,19065,,Tier 2,1.0,36.5092,-86.885,866704f6-f4df-4b90-ad19-2168ed8700ee,,,,,,,,,10,2026-02-20,9,,1,,,,
001Hr000028ZdMH,"City Of Mcminnville, TN",Tennessee,Municipality,Sydney Ireland,13861,Nurture,Tier 2,1.0,35.6866,-85.7801,a92ff562-185f-40bf-9053-0fc4158c4615,Closed Lost,,,Leila Assil,9/30/2024,1/5/2025,,,4,2026-02-12,4,,,,,,
001Hr000028ZdMQ,"City Of Bolivar, TN",Tennessee,Municipality,Sydney Ireland,5144,Open Opportunity,Tier 3,0.75,35.2562,-88.9878,fdcf54f6-6003-46b7-9df4-2f2a3f03a694,,,,,,,,,7,2026-03-20,5,,2,,,,
001Hr000028ZdMd,"Cheatham County, TN",Tennessee,County,Sydney Ireland,41072,Nurture,Tier 1,1.5,36.1847,-87.1024,34ba8762-3f07-40e0-b2a0-7fd1f0ee16fa,Closed Lost,,,Leila Assil,1/7/2025,1/5/2025,,,1,2026-04-06,1,,,,,,
001Hr000028ZdNI,"Town Of Mount Carmel, TN",Tennessee,Municipality,Sydney Ireland,5494,,Tier 3,0.75,36.5454,-82.661,2c3c1a3d-abbb-4794-acf1-7cf70cfbe53a,,,,,,,,,2,2026-02-10,2,,,,,,
001Hr000028ZdNL,"Town Of Smyrna, TN",Tennessee,Municipality,Sydney Ireland,55518,,Tier S,2.0,35.9828,-86.5186,9d5a8aa2-0700-432e-8bed-7aae662dc6fc,,,,,,,,,4,2025-11-21,,4,,,,,
001Hr000028ZdNh,"City Of Mckenzie, TN",Tennessee,Municipality,Sydney Ireland,5456,Open Opportunity,Tier 3,0.75,36.1326,-88.5187,304e0a2a-eec4-41d2-8b00-f56acf0acbff,,,,,,,,,15,2026-03-16,5,,10,,,,
001Hr000028ZdO2,"City Of Erwin, TN",Tennessee,Municipality,Sydney Ireland,5994,,Tier 3,0.75,36.1451,-82.4168,63662bad-5285-41eb-b86c-f704d0d98d14,,,,,,,,,2,2026-02-24,2,,,,,,
001Hr000028ZdOI,"City Of Fayetteville, TN",Tennessee,Municipality,Sydney Ireland,6989,Open Opportunity,Tier 3,0.75,35.152,-86.5706,4d1848f3-caac-4265-8979-38e492c69e77,Open,Meeting Booked,Top of Funnel,Granger West,5/30/2025,4/14/2025,,,9,2026-05-08,9,,,,,,
001Hr000028ZdOd,"Town Of Greenbrier, TN",Tennessee,Municipality,Sydney Ireland,6930,,Tier 3,0.75,36.4275,-86.8047,fc6224b1-4f20-40ba-b99f-e0179c13a124,,,,,,,,,9,2026-04-24,9,,,,,,
001Hr000028ZdOe,"City Of Jefferson City, TN",Tennessee,Municipality,Sydney Ireland,8262,,Tier 3,0.75,36.1223,-83.4924,1c27ed47-1d5b-4694-914e-afc88f048e59,,,,,,,,,4,2026-05-08,4,,,,,,
001Hr000028ZdP2,"Hartsville/Trousdale County, TN",Tennessee,Municipality,Sydney Ireland,11463,Open Opportunity,Tier 2,1.0,36.3964,-86.1548,efdc49cb-c1e6-4527-955c-14fb748a56d7,Open,Meeting Booked,Top of Funnel,Jenny Allison,1/6/2026,11/4/2025,,,8,2026-05-08,6,2,,,,,
001Hr000028ZdPB,"Town Of Signal Mountain, TN",Tennessee,Municipality,Sydney Ireland,8834,,Tier 3,0.75,35.1226,-85.3438,647c7499-e133-4d64-91b9-cb2010c44b22,,,,,,,,,5,2026-04-08,5,,,,,,
001Hr000028ZdPE,"Metropolitan Government Of Lynchburg-Moore County, TN",Tennessee,Municipality,Sydney Ireland,6644,,Tier 3,0.75,35.283,-86.374,b4ee1289-1d60-49a9-9b5f-7559005b4e58,,,,,,,,,1,2026-03-11,1,,,,,,
001Hr000028ZdPF,"City Of La Follette, TN",Tennessee,Municipality,Sydney Ireland,7346,,Tier 3,0.75,36.3829,-84.1199,b298c2e6-b4d6-425d-87ce-42474744edbf,,,,,,,,,6,2026-05-18,6,,,,,,
001Hr000028ZdPY,"City Of Pigeon Forge, TN",Tennessee,Municipality,Sydney Ireland,6378,,Tier 3,0.75,35.7904,-83.5637,a8a85145-0f6f-4d21-bee9-d49a19392d54,,,,,,,,,7,2026-03-27,7,,,,,,
001Hr000028ZdPz,"City Of Newport, TN",Tennessee,Municipality,Sydney Ireland,6916,,Tier 3,0.75,35.9678,-83.1874,9c40d471-b41e-4d8b-a8be-ced2c31b6843,,,,,,,,,2,2026-05-08,2,,,,,,
001Hr000028ZdQ0,"City Of Humboldt, TN",Tennessee,Municipality,Sydney Ireland,7855,,Tier 3,0.75,35.8198,-88.9159,64a8b9a5-9b77-49ee-a8b4-670dd96e3990,,,,,,,,,3,2026-05-08,3,,,,,,
001Hr000028ZdQC,"Town Of Church Hill, TN",Tennessee,Municipality,Sydney Ireland,7049,Nurture,Tier 3,0.75,36.5223,-82.7135,37d3d1e0-eb2b-4edc-ba0c-208b38f52d44,Closed Lost,,,Liam Shaw,6/17/2024,1/5/2025,"$12,000",,2,2026-03-05,2,,,,,,
001Hr000028ZdQa,"City Of Clinton, TN",Tennessee,Municipality,Sydney Ireland,10055,Open Opportunity,Tier 2,1.0,36.1034,-84.1319,58f8f734-6ab7-4f9c-9ce6-4eda92e53941,Open,Initial Interest,Top of Funnel,Ryan Minter,,7/21/2025,,,18,2026-02-26,1,,,17,,,
001Hr000028ZdQx,"City Of Lawrenceburg, TN",Tennessee,Municipality,Sydney Ireland,11726,1+ Module Live,Tier 2,1.0,35.2423,-87.3347,8f7e7328-04c4-47f4-b8cf-d287c8f017dd,Closed Won,,,Leila Assil,8/19/2025,8/18/2025,"$25,000",,1,2025-08-18,,,1,,,,
001Hr000028ZdR0,"Town of Thompson's Station, TN",Tennessee,Municipality,Sydney Ireland,7011,Open Opportunity,Tier 3,0.75,35.7971,-86.9055,cdc9c163-a66d-434e-adfa-bff7006f648f,Open,Meeting Booked,Top of Funnel,Sydney Ireland,9/9/2026,4/16/2026,,,12,2026-04-16,12,,,,,,
001Hr000028ZdR2,"Town Of Oakland, TN",Tennessee,Municipality,Sydney Ireland,9520,Nurture,Tier 3,0.75,35.229,-89.5151,d410db48-d64d-410e-acfe-9da4644f8581,Closed Lost,,,Liam Shaw,4/16/2024,1/5/2025,"$13,000",,6,2026-04-13,6,,,,,,
001Hr000028ZdR4,"Anderson County, TN",Tennessee,County,Sydney Ireland,,,Tier 3,0.75,36.081,-84.2279,138fbf1d-eaba-436d-8613-3f7b036ebd87,,,,,,,,,1,2026-04-09,1,,,,,,
001Hr000028ZdRk,"City Of Covington, TN",Tennessee,Municipality,Sydney Ireland,8616,Open Opportunity,Tier 3,0.75,35.57,-89.6465,16158dac-c5db-4125-8369-99863e8c0995,Open,Meeting Booked,Top of Funnel,Sydney Ireland,5/15/2026,5/8/2026,,,5,2026-05-15,5,,,,,,
001Hr000028ZdSS,"City Of Milan, TN",Tennessee,Municipality,Sydney Ireland,8170,,Tier 3,0.75,35.9198,-88.7589,4657b724-af40-4eac-9dd0-982231322b24,,,,,,,,,13,2026-05-08,13,,,,,,
001Hr000028ZdSX,"City Of Ripley, TN",Tennessee,Municipality,Sydney Ireland,7546,,Tier 3,0.75,35.7454,-89.5298,236eb78f-53cd-4b10-990d-0f8ad1bd5d86,,,,,,,,,1,2026-03-27,1,,,,,,
001Hr000028ZdSe,"City Of Morristown, TN",Tennessee,Municipality,Sydney Ireland,30777,,Tier 1,1.5,36.214,-83.2949,6cf489b5-cfee-4f34-ade7-da775dab8691,,,,,,,,,21,2026-03-10,11,10,,,,,
001Hr000028ZdSm,"City Of Pulaski, TN",Tennessee,Municipality,Sydney Ireland,8231,,Tier 3,0.75,35.1998,-87.0308,9016f635-2623-41a0-bf03-2f225916f332,,,,,,,,,3,2026-02-13,3,,,,,,
001Hr000028ZdSq,"City Of Cleveland, TN",Tennessee,Municipality,Sydney Ireland,47955,,Tier 1,1.5,35.1595,-84.8766,6e57f259-29ad-44dd-a6c5-4940de124b78,,,,,,,,,17,2026-05-08,7,10,,,,,
001Hr000028ZdTI,"City Of White House, TN",Tennessee,Municipality,Sydney Ireland,13661,Open Opportunity,Tier 2,1.0,36.4685,-86.6535,77d5e374-251c-45e4-8963-5ad26dac63b8,Open,Meeting Booked,Top of Funnel,Sydney Ireland,3/16/2026,2/10/2026,,,3,2026-03-13,3,,,,,,
001Hr000028ZdTK,"City Of Tullahoma, TN",Tennessee,Municipality,Sydney Ireland,20665,Open Opportunity,Tier 2,1.0,35.362,-86.2094,ca61ff70-23ca-4f48-adda-db5f79b3812f,Open,Initial Interest,Top of Funnel,Asher Rosenfeld,,1/5/2025,,,11,2026-03-06,2,9,,,,,
001Hr000028ZdTq,"Town Of Atoka, TN",Tennessee,Municipality,Sydney Ireland,10192,,Tier 2,1.0,35.4379,-89.7786,5b2af3c5-b63e-49a7-a2e9-d672ba1a1635,,,,,,,,,10,2026-02-12,4,,,6,,,
001Hr000028ZdUT,"City Of Paris, TN",Tennessee,Municipality,Sydney Ireland,10341,Nurture,Tier 2,1.0,36.302,-88.3267,2bbb03c8-ad2a-483a-a903-c3d6f6bc5962,Closed Lost,,,Leila Assil,12/16/2024,1/5/2025,,,4,2026-02-20,1,3,,,,,
001Hr000028ZdUY,"City Of Brownsville, TN",Tennessee,Municipality,Sydney Ireland,9661,Nurture,Tier 3,0.75,35.594,-89.2623,7a41fa28-28db-4e7f-b2e6-8c666333eaaf,Closed Lost,,,Liam Shaw,4/16/2024,1/5/2025,"$9,000",,13,2026-04-30,12,1,,,,,
001Hr000028ZdUc,"Roane County, TN",Tennessee,County,Sydney Ireland,56096,,Tier S,2.0,35.8361,-84.5641,1fff65e2-7323-4c5d-83d0-31f3821bac8a,,,,,,,,,21,2026-04-02,8,,13,,,,
001Hr000028ZdVg,"City Of Alcoa, TN",Tennessee,Municipality,Sydney Ireland,11375,,Tier 2,1.0,35.7895,-83.9738,50de3acd-79d4-4b94-97b6-a451b3ceba4c,,,,,,,,,18,2026-04-16,6,12,,,,,
001Hr000028ZdVm,"City Of Jackson, TN",Tennessee,Municipality,Sydney Ireland,68114,Open Opportunity,Tier S,2.0,35.6145,-88.8139,66dbe02b-31d8-4227-8205-7fceca9de627,Open,Initial Interest,Top of Funnel,Leila Assil,11/21/2024,1/5/2025,,,22,2026-05-18,22,,,,,,
001Hr000028ZdVw,"Town Of Arlington, TN",Tennessee,Municipality,Sydney Ireland,14448,,Tier 2,1.0,35.2962,-89.6615,e690f94d-c052-4a48-9f5e-71d30ec59f23,,,,,,,,,2,2026-02-12,1,,,1,,,
001Hr000028ZdWO,"City Of Dyersburg, TN",Tennessee,Municipality,Sydney Ireland,16024,Open Opportunity,Tier 2,1.0,36.0345,-89.3856,c2519876-4b0f-47ab-a4cd-2ec9ae593035,Open,Initial Interest,Top of Funnel,Jenny Allison,12/9/2025,11/20/2025,,,9,2026-02-23,8,1,,,,,
001Hr000028ZdWZ,"City Of Crossville, TN",Tennessee,Municipality,Sydney Ireland,12268,,Tier 2,1.0,35.949,-85.0269,54b2fad2-4a70-4d5f-a571-e8b19d536e06,,,,,,,,,8,2026-02-24,5,3,,,,,
001Hr000028ZdWs,"White County, TN",Tennessee,County,Sydney Ireland,29108,Nurture,Tier 1,1.5,35.919,-85.52,06eadbe2-2c15-4bcc-88ee-af4f98f8101e,Closed Lost,,,Sydney Ireland,3/6/2026,4/16/2025,,,18,2026-03-09,12,,6,,,,
001Hr000028ZdWz,"City Of Lewisburg, TN",Tennessee,Municipality,Sydney Ireland,12483,,Tier 2,1.0,35.4492,-86.7889,1d0553a8-7161-4425-9260-978345768153,,,,,,,,,1,2026-02-11,1,,,,,,
001Hr000028ZdX3,"City Of Red Bank, TN",Tennessee,Municipality,Sydney Ireland,11873,,Tier 2,1.0,35.1123,-85.2941,f0506dfb-5435-4914-8e9c-5c8608f085e1,,,,,,,,,13,2026-01-30,7,,6,,,,
001Hr000028ZdXD,"City Of Portland, TN",Tennessee,Municipality,Sydney Ireland,13341,All Modules Live,Tier 2,1.0,36.5801,-86.5139,b23e16c4-3b6e-4127-9ed3-27bc72953dcb,Closed Won,,,Liam Shaw,10/1/2024,1/5/2025,"$13,000",,,,,,,,,,
001Hr000028ZdXE,"City Of Kingsport, TN",Tennessee,Municipality,Sydney Ireland,55582,Open Opportunity,Tier S,2.0,36.5373,-82.5294,646cfb3e-b3e0-4ef2-9a5f-282e0cb2be4a,Open,Meeting Booked,Top of Funnel,Sydney Ireland,2/10/2026,2/9/2026,,,33,2026-04-29,32,1,,,,,
001Hr000028ZdXG,"Montgomery County, TN",Tennessee,County,Sydney Ireland,239872,Open Opportunity,Tier S,2.0,36.496,-87.4604,08c38639-48f2-45d9-973f-e5a91de67577,Open,Sales Qualified,Mid Funnel,Sydney Ireland,3/3/2026,4/16/2025,,,12,2026-05-04,6,2,4,,,,
001Hr000028ZdXh,"Town Of Nolensville, TN",Tennessee,Municipality,Sydney Ireland,15487,Open Opportunity,Tier 2,1.0,35.9523,-86.6694,9af3fe5d-c0b5-44ee-8c6d-b72c5462cf0a,Open,Initial Interest,Top of Funnel,Leila Assil,,2/3/2025,,,10,2026-04-17,1,9,,,,,
001Hr000028ZdYk,"City Of Dickson, TN",Tennessee,Municipality,Sydney Ireland,16085,Open Opportunity,Tier 2,1.0,36.077,-87.3878,701d2ce4-37b8-4588-ac08-487d1a3f8a6c,Open,Initial Interest,Top of Funnel,Alicia Gopal,,1/7/2026,,,5,2026-01-07,,,3,,2,,
001Hr000028ZdYx,"City Of Germantown, TN",Tennessee,Municipality,Sydney Ireland,41034,Nurture,Tier 1,1.5,35.0868,-89.8101,9a7abe41-809d-4233-bcae-8069b23c4125,Closed Lost,,,Leila Assil,10/2/2024,1/5/2025,,,6,2026-03-27,6,,,,,,
001Hr000028Zdab,"City Of Bristol, TN",Tennessee,Municipality,Sydney Ireland,27530,,Tier 1,1.5,36.5951,-82.1887,2a67224d-7b75-44c8-9266-84cff5e29393,,,,,,,,,4,2025-12-15,,4,,,,,
001Hr000028ZdbA,"City Of Maryville, TN",Tennessee,Municipality,Sydney Ireland,32263,,Tier 1,1.5,35.7565,-83.9705,a702cb2a-4bc9-438b-9c08-173e5b376335,,,,,,,,,12,2026-02-09,1,11,,,,,
001Hr000028ZdbU,"City Of Oak Ridge, TN",Tennessee,Municipality,Sydney Ireland,31824,,Tier 1,1.5,36.0104,-84.2696,c1c84ca3-1f4d-4ed3-a81f-c9011052a1c0,,,,,,,,,6,2026-03-24,2,4,,,,,
001Hr000028ZdcA,"Hawkins County, TN",Tennessee,County,Sydney Ireland,59371,,Tier S,2.0,36.4446,-82.9502,fc84e643-35bf-4bdb-a118-5e98410bedee,,,,,,,,,,,,,,,,,
001Hr000028Zdch,"City Of Lebanon, TN",Tennessee,Municipality,Sydney Ireland,40888,,Tier 1,1.5,36.2081,-86.2911,a41ca6fd-1b7d-4130-85f7-a5adab1c2d8f,,,,,,,,,27,2026-02-17,17,,10,,,,
001Hr000028Zdd5,"Wilson County, TN",Tennessee,County,Sydney Ireland,,,Tier 3,0.75,36.1626,-86.2971,b9b98118-6d78-4aac-ab3b-76902dc5bf8d,,,,,,,,,6,2026-04-10,6,,,,,,
001Hr000028ZddH,"Madison County, TN",Tennessee,County,Sydney Ireland,99193,,Tier S,2.0,35.648,-88.8647,a40f450c-c7e2-4829-ba29-f89a3357b9e6,,,,,,,,,28,2026-04-23,17,,11,,,,
001Hr000028ZddQ,"Town Of Spring Hill, TN",Tennessee,Municipality,Sydney Ireland,53339,,Tier S,2.0,35.7512,-86.93,a9ffa372-d841-462f-b14a-7244bc825221,,,,,,,,,18,2026-05-11,6,12,,,,,
001Hr000028Zdef,"City Of Johnson City, TN",Tennessee,Municipality,Sydney Ireland,71278,Nurture,Tier S,2.0,36.3207,-82.3425,a0869406-ca54-49e2-942c-a68911d1cdf2,Closed Lost,,,Leila Assil,,1/7/2025,,,8,2026-03-16,7,,,,,,1
001Hr000028Zdg7,"Lauderdale County, TN",Tennessee,County,Sydney Ireland,24630,,Tier 2,1.0,35.7839,-89.6628,e7c6f539-3c01-4a9e-a6ec-be7f457c595f,,,,,,,,,,,,,,,,,
001Hr000028ZdgB,"Greene County, TN",Tennessee,County,Sydney Ireland,,,Tier 3,0.75,36.1348,-82.821,63aaca70-0e46-4384-a642-49a8449b32c6,,,,,,,,,9,2026-05-08,9,,,,,,
001Hr000028Zdga,"City Of Franklin, TN",Tennessee,Municipality,Sydney Ireland,85469,Open Opportunity,Tier S,2.0,35.9239,-86.8677,83319c77-471d-4254-9551-081e3352292a,Open,Meeting Booked,Top of Funnel,Sydney Ireland,4/27/2026,4/17/2026,,,31,2026-05-06,31,,,,,,
001Hr000028Zdgd,"Sullivan County, TN",Tennessee,County,Sydney Ireland,162135,,Tier S,2.0,36.4933,-82.3452,698f3aa9-30bd-4473-b53e-a8838007301c,,,,,,,,,8,2026-04-06,3,1,4,,,,
001Hr000028Zdhe,"Campbell County, TN",Tennessee,County,Sydney Ireland,93702,,Tier S,2.0,36.3817,-84.1857,5f441d50-0188-45ce-ad79-b7576dc91e56,,,,,,,,,8,2026-02-03,2,,6,,,,
001Hr000028Zdhh,"Town Of Collierville, TN",Tennessee,Municipality,Sydney Ireland,51343,Nurture,Tier S,2.0,35.0461,-89.6892,880c4cd4-0246-43ce-afec-e9baa6898e3f,Closed Lost,,,Sydney Ireland,3/3/2026,2/25/2026,,,22,2026-05-19,14,1,7,,,,
001Hr000028Zdht,"Maury County, TN",Tennessee,County,Sydney Ireland,113411,Nurture,Tier S,2.0,35.6195,-87.1423,30ea462d-8c4d-48f0-8223-80744833ff7e,Closed Lost,,,Sydney Ireland,3/16/2026,3/16/2026,,,6,2026-03-16,6,,,,,,
001Hr000028ZdjG,"Marion County, TN",Tennessee,County,Sydney Ireland,29382,Recent Competitor Purchase,Tier 1,1.5,35.0929,-85.6435,a4cbd9a6-3762-45c9-9868-6fcc1ae54ed5,Closed Lost,,,Leila Assil,5/16/2025,1/5/2025,"$22,500",,,,,,,,,,
001Hr000028Zdle,"Washington County, TN",Tennessee,County,Sydney Ireland,138420,,Tier S,2.0,36.3321,-82.5186,fe27c87b-0657-4b58-b5e6-c5669a693be6,,,,,,,,,11,2026-04-07,3,8,,,,,
001Hr000028Zdmi,"Blount County, TN",Tennessee,County,Sydney Ireland,141456,,Tier S,2.0,35.6711,-83.8473,ec08cf6c-9054-4177-acda-a9d291c201ee,,,,,,,,,6,2026-03-10,3,3,,,,,
001Hr000028ZdnB,"Sumner County, TN",Tennessee,County,Sydney Ireland,211472,Open Opportunity,Tier S,2.0,36.4718,-86.4997,4dbd3f51-05ca-4a93-a525-5928d05ecc90,Open,Proposal,Mid Funnel,Sydney Ireland,1/30/2026,1/30/2026,"$77,500",,43,2026-04-02,27,12,4,,,,
001Hr000028Zz2B,"City Of Gatlinburg, TN",Tennessee,Municipality,Sydney Ireland,3726,Open Opportunity,Tier 3,0.75,35.7143,-83.5102,b70c0417-f896-4b0b-9009-bff29b7d9867,Open,Sales Qualified,Mid Funnel,Sydney Ireland,4/15/2026,4/14/2026,,Yes,15,2026-04-14,9,,6,,,,
001cv000009eLmx,"Robertson County, TN",Tennessee,County,Sydney Ireland,76776,Open Opportunity,Tier S,2.0,36.5251,-86.8622,8ecf70ac-a285-45d8-a5d9-3dea3a0ba6e8,,,,,,,,,8,2026-02-27,2,1,5,,,,
001cv00000AuWNs,"Town Of Walden, TN",Tennessee,Municipality,Sydney Ireland,2005,,Tier 3,0.75,35.1648,-85.3013,d032b4c3-bf2f-4e3d-8f0b-733b7ae01381,,,,,,,,,5,2025-09-05,,,5,,,,
001cv00000AuWPw,"Town Of Lookout Mountain, TN",Tennessee,Municipality,Sydney Ireland,2037,,Tier 3,0.75,34.9942,-85.3494,22d7e203-d4e7-402c-a9ed-59c02574e212,,,,,,,,,6,2026-03-04,1,,5,,,,
001cv00000AuWYQ,"Town Of Pegram, TN",Tennessee,Municipality,Sydney Ireland,2073,,Tier 3,0.75,36.1006,-87.0511,dba07221-1d76-4d3c-92d3-65c677528b19,,,,,,,,,8,2026-02-25,8,,,,,,
001cv00000AuWYb,"Town Of Greenfield, TN",Tennessee,Municipality,Sydney Ireland,2075,,Tier 3,0.75,36.1534,-88.8006,72045f2c-188a-41cf-a663-271b1ac84970,,,,,,,,,2,2026-02-17,1,,1,,,,
001cv00000AuWYo,"Town Of Halls, TN",Tennessee,Municipality,Sydney Ireland,2081,,Tier 3,0.75,35.8756,-89.3962,833e8644-eaf7-4304-967b-5643791a0e69,,,,,,,,,8,2025-08-14,,,8,,,,
001cv00000AuWYv,"City Of Parsons, TN",Tennessee,Municipality,Sydney Ireland,2082,,Tier 3,0.75,35.6498,-88.1267,058509e2-80da-4e0d-a2cb-d17b38041c9a,,,,,,,,,1,2026-03-03,1,,,,,,
001cv00000AuWZK,"City Of Plainview, TN",Tennessee,Municipality,Sydney Ireland,2091,,Tier 3,0.75,36.1784,-83.7943,1b6f5df0-ee64-41d5-bff2-9bc94a7adc0f,,,,,,,,,,,,,,,,,
001cv00000AuWZS,"City Of Blaine, TN",Tennessee,Municipality,Sydney Ireland,2093,,Tier 3,0.75,36.1543,-83.7041,63ca618e-b6a3-43bf-953d-ab0f65f090c8,,,,,,,,,,,,,,,,,
001cv00000AuWbk,"Town Of Ridgetop, TN",Tennessee,Municipality,Sydney Ireland,2137,,Tier 3,0.75,36.395,-86.7794,fb24a79a-5454-4ff4-b0c8-994d1ed959b5,,,,,,,,,1,2026-03-03,1,,,,,,
001cv00000AuWcP,"City Of Jellico, TN",Tennessee,Municipality,Sydney Ireland,2148,,Tier 3,0.75,36.5879,-84.1269,6ee4f8f3-9b4e-4d3f-983f-9058fd1cd1f6,,,,,,,,,,,,,,,,,
001cv00000AuWq2,"Town Of Caryville, TN",Tennessee,Municipality,Sydney Ireland,2190,,Tier 3,0.75,36.2994,-84.223,0e99831d-3cc0-4e30-9d48-51a5309379be,,,,,,,,,,,,,,,,,
001cv00000AuWqX,"City Of South Fulton, TN",Tennessee,Municipality,Sydney Ireland,2200,,Tier 3,0.75,36.5009,-88.8753,4a3d181d-2bd3-4cfc-bfb7-b4607c542299,,,,,,,,,,,,,,,,,
001cv00000AuX5F,"Town Of Adamsville, TN",Tennessee,Municipality,Sydney Ireland,2245,,Tier 3,0.75,35.2359,-88.3906,e8c07c23-526f-431f-a344-7b822ca2b986,,,,,,,,,,,,,,,,,
001cv00000AuX6L,"Town Of Estill Springs, TN",Tennessee,Municipality,Sydney Ireland,2266,,Tier 3,0.75,35.2706,-86.128,dab714b6-c36b-42a2-af24-355ec894bbfd,,,,,,,,,,,,,,,,,
001cv00000AuX6Y,"Town Of Carthage, TN",Tennessee,Municipality,Sydney Ireland,2270,,Tier 3,0.75,36.2523,-85.9517,e280e81c-3c52-40da-96b1-e4028525acc6,,,,,,,,,6,2026-05-06,6,,,,,,
001cv00000AuX8W,"City Of Dyer, TN",Tennessee,Municipality,Sydney Ireland,2309,,Tier 3,0.75,36.0667,-88.994,a90c4114-02b6-4420-b1ca-79499c6ccc41,,,,,,,,,,,,,,,,,
001cv00000AuX92,"Town Of Alamo, TN",Tennessee,Municipality,Sydney Ireland,2322,,Tier 3,0.75,35.7848,-89.1173,1af1d129-4c10-424b-a159-29d3f5ca6d7f,,,,,,,,,,,,,,,,,
001cv00000AuX96,"Town Of Jacksboro, TN",Tennessee,Municipality,Sydney Ireland,2324,,Tier 3,0.75,36.3301,-84.1838,f93b066b-8f8f-400b-b37f-2ddcd6cf95c6,,,,,,,,,,,,,,,,,
001cv00000AuX9K,"City Of Waynesboro, TN",Tennessee,Municipality,Sydney Ireland,2330,,Tier 3,0.75,35.3195,-87.7622,43eaa7b5-4593-47a9-9ec8-497e31c7a0b8,,,,,,,,,3,2026-03-20,3,,,,,,
001cv00000AuXAO,"Town Of Tazewell, TN",Tennessee,Municipality,Sydney Ireland,2354,,Tier 3,0.75,36.4543,-83.5694,f133d3cb-5ad1-430b-bdcf-a8f22820e1cd,,,,,,,,,8,2026-03-05,3,,5,,,,
001cv00000AuXAu,"City Of Decherd, TN",Tennessee,Municipality,Sydney Ireland,2368,Nurture,Tier 3,0.75,35.2098,-86.0794,cc5099dd-8e6f-4513-acee-299fc3ff616e,Open,Sales Qualified,Mid Funnel,Sydney Ireland,3/5/2026,3/3/2026,,,5,2026-05-07,3,2,,,,,
001cv00000AuXO8,"Town Of Maynardville, TN",Tennessee,Municipality,Sydney Ireland,2479,,Tier 3,0.75,36.2506,-83.7974,fc0f422e-2a33-47c7-bf4f-737274cc3357,,,,,,,,,3,2026-03-05,3,,,,,,
001cv00000AuXOI,"Town Of Mosheim, TN",Tennessee,Municipality,Sydney Ireland,2484,,Tier 3,0.75,36.1895,-82.9585,659c8c71-c716-4865-989b-72983734592b,,,,,,,,,,,,,,,,,
001cv00000AuXOL,"City Of Bells, TN",Tennessee,Municipality,Sydney Ireland,2485,,Tier 3,0.75,35.7112,-89.0876,a446f1c3-d58c-4aae-b5ed-a5f869e934cd,,,,,,,,,,,,,,,,,
001cv00000AuXOk,"City Of Piperton, TN",Tennessee,Municipality,Sydney Ireland,2494,Open Opportunity,Tier 3,0.75,35.0451,-89.6217,fd9613f2-69e2-41bc-88cd-04c8896feb03,Open,Meeting Booked,Top of Funnel,Sydney Ireland,3/10/2026,3/6/2026,,,8,2026-03-12,8,,,,,,
001cv00000AuXV2,"Town Of White Pine, TN",Tennessee,Municipality,Sydney Ireland,2572,,Tier 3,0.75,36.105,-83.2854,6705f57d-9fa7-4060-9e11-f0b7f5a6e8b5,,,,,,,,,1,2026-03-03,1,,,,,,
001cv00000AuXWH,"City Of Clifton, TN",Tennessee,Municipality,Sydney Ireland,2603,,Tier 3,0.75,35.387,-87.9953,be8c91b0-f314-4908-a922-a5cfdbad3510,,,,,,,,,1,2026-03-03,1,,,,,,
001cv00000AuXfF,"Town Of Woodbury, TN",Tennessee,Municipality,Sydney Ireland,2711,,Tier 3,0.75,35.8276,-86.0717,f1dca0d1-d412-4fee-9453-f1d8d304904b,,,,,,,,,,,,,,,,,
001cv00000AuXfe,"Town Of Westmoreland, TN",Tennessee,Municipality,Sydney Ireland,2725,,Tier 3,0.75,36.5614,-86.2477,3a97598b-70b6-4af0-b4f8-44ed7d4a4c84,,,,,,,,,12,2026-04-13,12,,,,,,
001cv00000AuXft,"City Of Belle Meade, TN",Tennessee,Municipality,Sydney Ireland,2732,,Tier 3,0.75,36.0959,-86.8569,8f8fea58-774e-4f1f-8614-cfb28e6b9d04,,,,,,,,,17,2026-05-18,11,,6,,,,
001cv00000AuXgS,"Town Of Monterey, TN",Tennessee,Municipality,Sydney Ireland,2750,,Tier 3,0.75,36.1476,-85.2683,f5779c3a-be7f-4222-9019-237a8df5148f,,,,,,,,,2,2026-03-09,2,,,,,,
001cv00000AuXiG,"Town Of New Tazewell, TN",Tennessee,Municipality,Sydney Ireland,2790,,Tier 3,0.75,36.4426,-83.5996,adc5573d-97f8-4e78-a3f2-637bacdfa899,,,,,,,,,,,,,,,,,
001cv00000AuXj4,"Town Of Kingston Springs, TN",Tennessee,Municipality,Sydney Ireland,2810,,Tier 3,0.75,36.102,-87.115,36ebf5ee-8161-4d3a-b532-f6872c5ea297,,,,,,,,,2,2026-03-20,2,,,,,,
001cv00000AuXlL,"Town Of Brighton, TN",Tennessee,Municipality,Sydney Ireland,2872,,Tier 3,0.75,35.4837,-89.7392,e75ec0d1-976a-419a-93e2-9d4a2a0871c8,,,,,,,,,,,,,,,,,
001cv00000AuYBd,"City Of South Pittsburg, TN",Tennessee,Municipality,Sydney Ireland,3101,,Tier 3,0.75,35.0123,-85.7044,7a55603b-4140-470c-859b-bf3b87a4148b,,,,,,,,,6,2026-03-10,6,,,,,,
001cv00000AuYEF,"City Of Bean Station, TN",Tennessee,Municipality,Sydney Ireland,2981,,Tier 3,0.75,36.3437,-83.2841,a8c7429a-8822-47e5-9959-6bd0009e0f93,,,,,,,,,,,,,,,,,
001cv00000AuYFT,"City Of Tusculum, TN",Tennessee,Municipality,Sydney Ireland,3020,,Tier 3,0.75,36.1751,-82.7588,0980b413-c66b-49fd-a46e-418c0c08c353,,,,,,,,,1,2026-03-03,1,,,,,,
001cv00000AuYFZ,"Town Of Dresden, TN",Tennessee,Municipality,Sydney Ireland,3025,,Tier 3,0.75,36.2915,-88.7081,138340d5-91be-49d3-844a-3b7c0d6bf516,,,,,,,,,,,,,,,,,
001cv00000AuYHq,"Town Of Oliver Springs, TN",Tennessee,Municipality,Sydney Ireland,3302,,Tier 3,0.75,36.0445,-84.3444,2f2d67de-eae0-49cb-a7bf-096971613971,,,,,,,,,,,,,,,,,
001cv00000AuYI7,"City Of Newbern, TN",Tennessee,Municipality,Sydney Ireland,3313,,Tier 3,0.75,36.1128,-89.2617,7ea45f8f-82a2-4f3f-ae0e-21772ed6b0b8,,,,,,,,,,,,,,,,,
001cv00000AuYJo,"Town Of Dandridge, TN",Tennessee,Municipality,Sydney Ireland,3377,,Tier 3,0.75,36.0154,-83.4149,1ffe7f88-94e5-4322-8d84-26f030465abe,,,,,,,,,1,2026-03-06,1,,,,,,
001cv00000AuYL9,"Town Of Somerville, TN",Tennessee,Municipality,Sydney Ireland,3423,,Tier 3,0.75,35.2437,-89.3501,d08ebc1f-6dbc-4123-8361-1c8e4e070f5c,,,,,,,,,3,2026-03-27,3,,,,,,
001cv00000AuYRN,"Town Of Centerville, TN",Tennessee,Municipality,Sydney Ireland,3549,Nurture,Tier 3,0.75,35.779,-87.467,38f37e92-16d8-410c-af90-f267dea2f0c7,Closed Lost,,,Sydney Ireland,3/10/2026,3/9/2026,,,7,2026-03-10,7,,,,,,
001cv00000AuYSu,"Town Of Jasper, TN",Tennessee,Municipality,Sydney Ireland,3625,,Tier 3,0.75,35.0742,-85.6261,98880bce-4243-4e4c-b26b-f9c24d806ae7,,,,,,,,,3,2026-03-13,3,,,,,,
001cv00000AuYT6,"City Of Etowah, TN",Tennessee,Municipality,Sydney Ireland,3632,,Tier 3,0.75,35.3234,-84.5249,7479c702-2337-4df5-9a84-45f9f970d154,,,,,,,,,10,2026-05-18,10,,,,,,
001cv00000AuYXP,"Town Of Oneida, TN",Tennessee,Municipality,Sydney Ireland,3788,,Tier 3,0.75,36.4981,-84.5127,f4fd2dc0-05b7-4acf-8953-f559a49838cf,,,,,,,,,2,2026-03-13,2,,,,,,
001cv00000AuYXU,"City Of Hohenwald, TN",Tennessee,Municipality,Sydney Ireland,3792,Nurture,Tier 3,0.75,35.5479,-87.552,4faa59a4-66b9-4583-b698-3672696aa7dd,Closed Lost,,,Sydney Ireland,3/18/2026,3/12/2026,,,4,2026-03-12,4,,,,,,
001cv00000AuYfZ,"Town Of Unicoi, TN",Tennessee,Municipality,Sydney Ireland,3792,,Tier 3,0.75,36.1954,-82.3496,a0fb754c-b555-4284-95fa-7a49f3272795,,,,,,,,,5,2026-04-07,5,,,,,,
001cv00000AuYl5,"Town Of White Bluff, TN",Tennessee,Municipality,Sydney Ireland,3969,Open Opportunity,Tier 3,0.75,36.1076,-87.2208,6dcea3bd-a38f-477a-8f2e-5d4fae0fc1cd,Open,Meeting Booked,Top of Funnel,Sydney Ireland,3/11/2026,3/11/2026,,,3,2026-03-11,2,1,,,,,
001cv00000AuYla,"Town Of Livingston, TN",Tennessee,Municipality,Sydney Ireland,3994,,Tier 3,0.75,36.3834,-85.323,2457d741-5328-4c0c-a828-00fc35ebec68,,,,,,,,,,,,,,,,,
001cv00000AuYm0,"Town Of Tiptonville, TN",Tennessee,Municipality,Sydney Ireland,4013,,Tier 3,0.75,36.3784,-89.472,808290ab-b85d-4e36-b2e0-5d9743165413,,,,,,,,,,,,,,,,,
001cv00000AuYm4,"City Of Algood, TN",Tennessee,Municipality,Sydney Ireland,4016,,Tier 3,0.75,36.1959,-85.4486,e4e99b43-a754-44d3-8f6f-cd7ad363f7eb,,,,,,,,,2,2026-03-10,2,,,,,,
001cv00000AuYrD,"City Of Camden, TN",Tennessee,Municipality,Sydney Ireland,3685,,Tier 3,0.75,36.0589,-88.0978,6bd65491-9610-42ce-bd53-bb1e7384809e,,,,,,,,,4,2026-03-12,4,,,,,,
001cv00000AuYuR,"City Of Trenton, TN",Tennessee,Municipality,Sydney Ireland,4263,,Tier 3,0.75,35.9806,-88.9415,0ec0c813-d5da-4d30-90ed-aefb32a62861,,,,,,,,,1,2026-03-10,1,,,,,,
001cv00000AuYv3,"City Of Waverly, TN",Tennessee,Municipality,Sydney Ireland,4296,Nurture,Tier 3,0.75,36.0839,-87.7947,84272505-5f9e-44d9-8a21-7dc4e1f3cfe8,Closed Lost,,,Sydney Ireland,3/17/2026,3/16/2026,,,8,2026-03-16,8,,,,,,
001cv00000AuYvX,"City Of Harrogate, TN",Tennessee,Municipality,Sydney Ireland,4327,,Tier 3,0.75,36.5823,-83.6569,038536bd-8311-43df-8d7c-11508f47329d,,,,,,,,,1,2026-03-06,1,,,,,,
001cv00000AuYwW,"Town Of Louisville, TN",Tennessee,Municipality,Sydney Ireland,4388,Open Opportunity,Tier 3,0.75,35.8217,-84.048,a317c3ee-5c08-43e5-85e6-3529db792b1f,Open,Sales Qualified,Mid Funnel,Sydney Ireland,3/9/2026,3/6/2026,,,5,2026-05-07,1,4,,,,,
001cv00000AuYy1,"Town Of Selmer, TN",Tennessee,Municipality,Sydney Ireland,4425,,Tier 3,0.75,35.1701,-88.5923,5e499af3-84ba-411d-9057-d287eed14961,,,,,,,,,2,2026-02-17,2,,,,,,
001cv00000AuYyA,"Town Of Huntingdon, TN",Tennessee,Municipality,Sydney Ireland,4433,,Tier 3,0.75,36.0006,-88.4281,0c309edf-9246-4290-9b71-be9950236c0a,,,,,,,,,5,2026-03-20,5,,,,,,
001cv00000AuZ9u,"City Of Forest Hills, TN",Tennessee,Municipality,Sydney Ireland,4758,Nurture,Tier 3,0.75,36.0684,-86.8442,a3d27539-e9b8-49ab-a686-049fa55461ce,Closed Lost,,,Sydney Ireland,3/12/2026,3/10/2026,,,5,2026-03-10,5,,,,,,
001cv00000AuZAy,"City Of Harriman, TN",Tennessee,Municipality,Sydney Ireland,5950,,Tier 3,0.75,35.934,-84.5524,16984bf8-ce3e-452b-8cc1-d491a4bf8f25,,,,,,,,,6,2025-08-08,,,6,,,,
001cv00000AuZCh,"County Of Hancock, TN",Tennessee,County,Sydney Ireland,6787,,Tier 3,0.75,36.5456,-83.2078,3b9cc314-3c84-47c5-ad4a-a66c871073dc,,,,,,,,,4,2025-11-04,,4,,,,,
001cv00000AuZDK,"County Of Lake, TN",Tennessee,County,Sydney Ireland,7128,,Tier 3,0.75,36.3271,-89.4931,5635ba42-3b16-46f4-b9d8-af547651981a,,,,,,,,,8,2025-09-17,,,8,,,,
001cv00000AuZIP,"County Of Van Buren, TN",Tennessee,County,Sydney Ireland,6324,,Tier 3,0.75,35.6997,-85.4788,cdeb0e8f-6e86-4b12-8d5b-85094579d94d,,,,,,,,,9,2025-12-12,,9,,,,,
001cv00000AuZMQ,"City Of Mount Pleasant, TN",Tennessee,Municipality,Sydney Ireland,4835,,Tier 3,0.75,35.5342,-87.207,f9f0ce90-5913-4dab-9f25-d3816f86261b,,,,,,,,,2,2026-03-11,2,,,,,,
001cv00000AuZRS,"County Of Clay, TN",Tennessee,County,Sydney Ireland,7555,,Tier 3,0.75,36.5702,-85.5612,ec0319fc-b0dd-4000-815b-457455dfa1ba,,,,,,,,,10,2025-09-19,,,10,,,,
001cv00000AuZSK,"City Of Sparta, TN",Tennessee,Municipality,Sydney Ireland,5009,,Tier 3,0.75,35.9259,-85.4641,2fa467f5-3e8b-460e-83c6-d18e238bbd23,,,,,,,,,4,2025-11-07,,4,,,,,
001cv00000AuZSu,"County Of Pickett, TN",Tennessee,County,Sydney Ireland,5079,,Tier 3,0.75,36.5541,-85.1479,c4e804cf-2a71-48d3-94e5-64e668847113,,,,,,,,,2,2025-11-07,,2,,,,,
001cv00000AuZTE,"City Of Pleasant View, TN",Tennessee,Municipality,Sydney Ireland,5119,,Tier 3,0.75,36.3942,-87.0367,41de8940-75d8-4716-9586-0450019db955,,,,,,,,,7,2026-05-08,1,6,,,,,
001cv00000AuZTI,"Town Of Madisonville, TN",Tennessee,Municipality,Sydney Ireland,5121,Open Opportunity,Tier 3,0.75,35.5198,-84.3635,ceca24b8-4c42-4d3a-ae23-259070adf07c,Open,Meeting Booked,Top of Funnel,Sydney Ireland,4/13/2026,3/11/2026,,Yes,12,2026-05-06,5,7,,,,,
001cv00000AuZTM,"Town Of Ashland City, TN",Tennessee,Municipality,Sydney Ireland,5130,Open Opportunity,Tier 3,0.75,36.2742,-87.0642,22bc1489-7508-4924-9e5e-2c7f2c4d760d,Open,Initial Interest,Top of Funnel,Sydney Ireland,3/12/2026,3/10/2026,,,23,2026-05-15,13,10,,,,,
001cv00000AuZTS,"City Of Smithville, TN",Tennessee,Municipality,Sydney Ireland,5136,,Tier 3,0.75,35.9606,-85.8142,715393db-8e27-43bb-bce3-6c7e4a497a0c,,,,,,,,,1,2025-07-17,,,1,,,,
001cv00000AuZTr,"City Of Medina, TN",Tennessee,Municipality,Sydney Ireland,5234,Open Opportunity,Tier 3,0.75,35.8028,-88.7748,8a27ce9f-5fdb-43a5-a9e2-847f509fb225,Open,Meeting Booked,Top of Funnel,Sydney Ireland,3/11/2026,3/6/2026,,,8,2026-03-11,3,5,,,,,
001cv00000AuZXc,"County Of Houston, TN",Tennessee,County,Sydney Ireland,8317,,Tier 3,0.75,36.2836,-87.6581,915c70e3-da44-43be-8070-a34c99acc182,,,,,,,,,,,,,,,,,
001cv00000AuZXz,"County Of Perry, TN",Tennessee,County,Sydney Ireland,8472,,Tier 3,0.75,35.6787,-87.8942,d7be8a76-d874-4415-8b85-38fd41dbdcfa,,,,,,,,,1,2025-11-07,,1,,,,,
001cv00000AuZaY,"County Of Decatur, TN",Tennessee,County,Sydney Ireland,11391,,Tier 2,1.0,35.5148,-84.7902,657e992a-5456-420e-92cf-4d28b7e66760,,,,,,,,,,,,,,,,,
001cv00000AuZaz,"County Of Jackson, TN",Tennessee,County,Sydney Ireland,11750,,Tier 2,1.0,35.6145,-88.8139,544e2627-1d68-4a93-950c-194cf53486cf,,,,,,,,,1,2025-10-23,,1,,,,,
001cv00000AuZff,"County Of Lewis, TN",Tennessee,County,Sydney Ireland,12857,,Tier 2,1.0,35.4962,-87.5,daa7939e-c489-4594-8577-a288a89c866a,,,,,,,,,,,,,,,,,
001cv00000AuZfs,"County Of Meigs, TN",Tennessee,County,Sydney Ireland,13049,,Tier 2,1.0,35.5194,-84.7942,49b04fa1-9a3d-4cc6-ab7c-7206791c00dd,,,,,,,,,1,2026-03-16,1,,,,,,
001cv00000AuZgP,"County Of Grundy, TN",Tennessee,County,Sydney Ireland,13622,,Tier 2,1.0,35.4013,-85.6846,860a38e7-b7a7-4455-bd7c-f8d2d874aa23,,,,,,,,,1,2025-10-23,,1,,,,,
001cv00000AuZh6,"County Of Cannon, TN",Tennessee,County,Sydney Ireland,14553,Open Opportunity,Tier 2,1.0,35.807,-86.053,0aa18ed5-b5fd-4072-bfdf-2cc16bf93cca,Open,Meeting Booked,Top of Funnel,Sydney Ireland,4/7/2026,2/23/2026,,,5,2026-02-23,2,3,,,,,
001cv00000AuZho,"County Of Bledsoe, TN",Tennessee,County,Sydney Ireland,15234,,Tier 2,1.0,35.6029,-85.2308,40e43c2a-8f87-4942-8b52-2676434fd9b6,,,,,,,,,,,,,,,,,
001cv00000AuZnI,"County Of Stewart, TN",Tennessee,County,Sydney Ireland,13855,,Tier 2,1.0,36.5023,-87.7763,54fc34c6-92c6-4514-80b9-ae58c5dca728,,,,,,,,,,,,,,,,,
001cv00000AuZnR,"County Of Crockett, TN",Tennessee,County,Sydney Ireland,13979,,Tier 2,1.0,35.7812,-89.1325,1527695f-0e39-4ddf-aa79-0a0ca14c4dca,,,,,,,,,,,,,,,,,
001cv00000AuZoz,"County Of Benton, TN",Tennessee,County,Sydney Ireland,15872,,Tier 2,1.0,35.1742,-84.6535,485214ed-5cbd-48b7-890a-b2c0c34192ba,,,,,,,,,,,,,,,,,
001cv00000AuZqq,"County Of Sequatchie, TN",Tennessee,County,Sydney Ireland,16396,,Tier 2,1.0,35.1155,-85.5944,f3fe010c-a082-4400-b894-f3b021aac9e7,,,,,,,,,,,,,,,,,
001cv00000AuZqt,"County Of Wayne, TN",Tennessee,County,Sydney Ireland,16409,,Tier 2,1.0,35.2824,-87.7763,abd65be6-eee0-4697-bc00-7d3e402352da,,,,,,,,,,,,,,,,,
001cv00000AuZsh,"County Of Fentress, TN",Tennessee,County,Sydney Ireland,18850,,Tier 2,1.0,36.3711,-84.8985,ca2961b5-8dbc-45c0-917b-86990aaa036c,,,,,,,,,,,,,,,,,
001cv00000AuZsw,"County Of Humphreys, TN",Tennessee,County,Sydney Ireland,19211,,Tier 2,1.0,36.0246,-87.737,e938d84e-e7b4-444f-958c-ba91da29a536,,,,,,,,,,,,,,,,,
001cv00000AuZti,"County Of Chester, TN",Tennessee,County,Sydney Ireland,17504,Open Opportunity,Tier 2,1.0,35.4271,-88.6724,120f9206-9d9e-4279-91d8-2fa1f96e24e5,,,,,,,,,5,2026-05-06,1,4,,,,,
001cv00000AuZtq,"County Of Haywood, TN",Tennessee,County,Sydney Ireland,17694,Nurture,Tier 2,1.0,35.6514,-89.3227,747f05e6-7351-45a0-9caa-b4ddc11adc1a,Closed Lost,,,Jenny Allison,12/4/2025,12/3/2025,"$19,000",,1,2025-12-03,,1,,,,,
001cv00000AuZts,"County Of Unicoi, TN",Tennessee,County,Sydney Ireland,17698,,Tier 2,1.0,36.1954,-82.3496,0977dafd-5056-4826-a56b-dc525209a69b,,,,,,,,,,,,,,,,,
001cv00000AuZu0,"County Of Polk, TN",Tennessee,County,Sydney Ireland,17776,,Tier 2,1.0,35.1372,-84.5641,ef603fac-36bb-48e7-84fd-522a9bf7e063,,,,,,,,,,,,,,,,,
001cv00000AuZuH,"County Of Johnson, TN",Tennessee,County,Sydney Ireland,18170,,Tier 2,1.0,36.4586,-81.8224,67162c7c-4edc-4eae-953d-1edd2f503072,,,,,,,,,,,,,,,,,
001cv00000AuZxe,"County Of Morgan, TN",Tennessee,County,Sydney Ireland,21254,,Tier 2,1.0,36.1004,-84.6479,c4c104dc-fdd9-4462-b4e3-7e543af4a177,,,,,,,,,,,,,,,,,
001cv00000AuZyA,"County Of Scott, TN",Tennessee,County,Sydney Ireland,21917,,Tier 2,1.0,36.3976,-84.5222,f0c7c391-febb-4986-b2f5-c2a0459851fb,,,,,,,,,,,,,,,,,
001cv00000Aua0Q,"County Of Carroll, TN",Tennessee,County,Sydney Ireland,28432,,Tier 1,1.5,35.9917,-88.4016,f7c54bc3-7cf0-43c3-b9e3-ba40d69d078d,,,,,,,,,,,,,,,,,
001cv00000Aua1Q,"County Of Obion, TN",Tennessee,County,Sydney Ireland,30466,,Tier 1,1.5,36.2602,-89.1914,52f26b12-8b7a-42b8-8a80-b39936d7a15d,,,,,,,,,1,2025-12-15,,1,,,,,
001cv00000Aua2j,"County Of Hickman, TN",Tennessee,County,Sydney Ireland,25307,,Tier 1,1.5,35.8013,-87.4604,f4f359b3-32ca-4e9a-a5d6-32bb99b7040c,,,,,,,,,7,2026-05-11,2,5,,,,,
001cv00000Aua2n,"County Of Hardeman, TN",Tennessee,County,Sydney Ireland,25426,,Tier 1,1.5,35.1229,-89.0179,48759f6e-a3bf-4f24-b9be-1ce775fbd977,,,,,,,,,2,2026-02-10,2,,,,,,
001cv00000Aua2v,"County Of Macon, TN",Tennessee,County,Sydney Ireland,25699,,Tier 1,1.5,36.4984,-85.9713,92865be2-56fa-4d98-b61d-b32217ee8267,Open,Initial Interest,Top of Funnel,Asher Rosenfeld,3/2/2026,1/5/2025,,,4,2026-02-26,1,3,,,,,
001cv00000Aua3Q,"County Of Union, TN",Tennessee,County,Sydney Ireland,20040,,Tier 2,1.0,36.3194,-83.8049,0a7cf5bb-17c4-4ba0-81f6-5b614ee7e450,,,,,,,,,2,2026-03-10,1,1,,,,,
001cv00000Aua3X,"County Of Smith, TN",Tennessee,County,Sydney Ireland,20172,,Tier 2,1.0,36.2388,-85.9713,5b912aa8-6a4c-442f-9a27-ce505b38cde2,,,,,,,,,2,2025-12-15,,2,,,,,
001cv00000Aua3n,"County Of De Kalb, TN",Tennessee,County,Sydney Ireland,20478,,Tier 2,1.0,35.9728,-85.8077,acc702e0-3caf-4640-9f77-1899ebf04f81,,,,,,,,,,,,,,,,,
001cv00000Aua7u,"County Of Giles, TN",Tennessee,County,Sydney Ireland,30542,,Tier 1,1.5,35.0895,-86.9824,d070dfaf-7f83-4c26-b39a-788fce47e5c1,,,,,,,,,4,2026-03-03,3,1,,,,,
001cv00000Aua8c,"County Of Henry, TN",Tennessee,County,Sydney Ireland,32239,,Tier 1,1.5,36.2039,-88.4198,5e7421a2-6ff8-4577-8bfe-420e12802ef7,,,,,,,,,2,2026-03-18,1,1,,,,,
001cv00000Aua8d,"County Of Claiborne, TN",Tennessee,County,Sydney Ireland,32267,,Tier 1,1.5,36.483,-83.6348,33722308-5297-4aa2-a42d-0a476aebce29,,,,,,,,,1,2025-12-15,,1,,,,,
001cv00000Aua8q,"County Of Weakley, TN",Tennessee,County,Sydney Ireland,33036,,Tier 1,1.5,36.3429,-88.7109,586b8ab5-b5f6-4f2f-b73b-7a11114ea269,,,,,,,,,,,,,,,,,
001cv00000Aua8w,"County Of Rhea, TN",Tennessee,County,Sydney Ireland,33136,,Tier 1,1.5,35.5928,-84.9818,c888406e-abef-419e-88aa-8c67c50e1491,,,,,,,,,1,2025-12-15,,1,,,,,
001cv00000AuaA7,"County Of Overton, TN",Tennessee,County,Sydney Ireland,22839,,Tier 2,1.0,36.388,-85.3136,88d0dbab-5847-43d9-867f-7fa6722f415a,,,,,,,,,,,,,,,,,
001cv00000AuaAb,"County Of Grainger, TN",Tennessee,County,Sydney Ireland,23763,,Tier 2,1.0,36.3059,-83.5497,7d9765f6-1807-48cb-8d2c-58cb80fc122c,,,,,,,,,,,,,,,,,
001cv00000AuaBB,"County Of Mcnairy, TN",Tennessee,County,Sydney Ireland,25860,,Tier 1,1.5,35.1183,-88.5565,e39166f8-0c91-4b1d-9888-dc01303da036,,,,,,,,,2,2026-02-20,2,,,,,,
001cv00000AuaBk,"County Of Hardin, TN",Tennessee,County,Sydney Ireland,26892,,Tier 1,1.5,35.1142,-88.2461,de28510d-4135-44b4-8949-1ce6d3f29945,,,,,,,,,,,,,,,,,
001cv00000AuaCH,"County Of Henderson, TN",Tennessee,County,Sydney Ireland,27953,,Tier 1,1.5,35.4392,-88.6414,50e0498e-cbc2-4069-bf0a-2059a2852def,,,,,,,,,,,,,,,,,
001cv00000AuaCr,"County Of Marshall, TN",Tennessee,County,Sydney Ireland,34984,Open Opportunity,Tier 1,1.5,35.4793,-86.7819,377e577f-dc2a-467d-aaa1-e9f671b1195d,Open,Meeting Booked,Top of Funnel,Sydney Ireland,3/9/2026,2/19/2026,,Yes,4,2026-03-09,3,1,,,,,
001cv00000AuaCz,"County Of Lincoln, TN",Tennessee,County,Sydney Ireland,35433,Open Opportunity,Tier 1,1.5,35.1239,-86.6208,b0ae670b-37a3-4ea7-8ed8-47b69cf7a541,Open,Proposal,Mid Funnel,Sydney Ireland,2/23/2026,2/19/2026,"$16,000",,10,2026-03-24,10,,,,,,
001cv00000AuaDO,"County Of Cocke, TN",Tennessee,County,Sydney Ireland,36418,,Tier 1,1.5,35.936,-83.122,2ea4879d-0be0-4c93-aaa5-655d8144d010,,,,,,,,,1,2026-02-20,1,,,,,,
001cv00000AuaDT,"County Of Dyer, TN",Tennessee,County,Sydney Ireland,36615,,Tier 1,1.5,36.0667,-88.994,03c772f8-111c-4e7d-9b9d-6cedf37577e7,,,,,,,,,2,2026-04-07,1,1,,,,,
001cv00000AuaG9,"County Of Warren, TN",Tennessee,County,Sydney Ireland,41523,,Tier 1,1.5,35.7116,-85.8077,cb327d5e-48e8-4529-b44d-d4cc31595ab0,,,,,,,,,4,2026-02-25,2,2,,,,,
001cv00000AuaGY,"County Of Fayette, TN",Tennessee,County,Sydney Ireland,42832,,Tier 1,1.5,35.1257,-89.4742,03dd86cf-cfda-446b-b832-b9cd4041a5e7,,,,,,,,,7,2026-04-24,6,1,,,,,
001cv00000AuaGh,"County Of Franklin, TN",Tennessee,County,Sydney Ireland,43215,Nurture,Tier 1,1.5,35.9239,-86.8677,105e719f-1cbb-4f0c-b1c4-37f4a6f6d5a8,Closed Lost,,,Jenny Allison,1/8/2026,11/26/2025,,,3,2026-03-18,1,2,,,,,
001cv00000AuaHP,"County Of Lawrence, TN",Tennessee,County,Sydney Ireland,44828,,Tier 1,1.5,35.2762,-87.4604,16b23dca-d4d6-49e1-b71d-84cfb9aceaeb,,,,,,,,,2,2026-04-07,1,1,,,,,
001cv00000AuaJx,"County Of Monroe, TN",Tennessee,County,Sydney Ireland,46698,Open Opportunity,Tier 1,1.5,35.4718,-84.2279,dc4c6bc4-a691-4c01-86c8-f166be806a6c,Open,Meeting Booked,Top of Funnel,Sydney Ireland,2/26/2026,2/18/2026,,,1,2026-02-18,1,,,,,,
001cv00000AuaKs,"County Of Gibson, TN",Tennessee,County,Sydney Ireland,50541,,Tier S,2.0,35.8753,-88.8467,f4662654-2645-4d37-86e1-dc5097fd7c0a,,,,,,,,,1,2026-01-27,1,,,,,,
001cv00000AuaN3,"County Of Mcminn, TN",Tennessee,County,Sydney Ireland,54059,Nurture,Tier S,2.0,35.4037,-84.6479,83e6fc92-d30a-49fe-87d1-f6f664e8522e,Closed Lost,,,Sydney Ireland,2/24/2026,2/19/2026,,,2,2026-02-19,2,,,,,,
001cv00000AuaNI,"County Of Dickson, TN",Tennessee,County,Sydney Ireland,55292,,Tier S,2.0,36.146,-87.3016,674b815f-1c31-4426-a7d2-710fcf54a130,,,,,,,,,3,2026-03-11,3,,,,,,
001cv00000AuaNN,"County Of Jefferson, TN",Tennessee,County,Sydney Ireland,55624,Nurture,Tier S,2.0,36.0418,-83.4644,c424078e-b317-4e8f-82bd-70528fd182df,Closed Lost,,,Sydney Ireland,3/11/2026,3/4/2026,,,12,2026-05-07,6,6,,,,,
001cv00000AuaNV,"County Of Carter, TN",Tennessee,County,Sydney Ireland,56134,Open Opportunity,Tier S,2.0,36.2639,-82.1278,69b45026-416c-4c6a-bc6b-c25f485123ee,Open,Initial Interest,Top of Funnel,Jenny Allison,,12/9/2025,,,2,2026-04-09,2,,,,,,
001cv00000AuaOK,"County Of Tipton, TN",Tennessee,County,Sydney Ireland,61004,,Tier S,2.0,35.5217,-89.738,27f9939b-7fec-4110-b0e8-51f9a47d1129,,,,,,,,,5,2026-02-09,2,3,,,,,
001cv00000AuaOZ,"County Of Cumberland, TN",Tennessee,County,Sydney Ireland,62451,Open Opportunity,Tier S,2.0,35.8995,-85.0233,5506bc5d-a9b7-4071-9e65-eddd71b6d4ca,Open,Meeting Booked,Top of Funnel,Sydney Ireland,3/9/2026,3/5/2026,,,4,2026-03-09,4,,,,,,
001cv00000AuaOq,"County Of Hamblen, TN",Tennessee,County,Sydney Ireland,64468,,Tier S,2.0,36.2054,-83.2934,7dd697f2-7b67-4321-b731-1678707566bd,,,,,,,,,7,2026-02-25,7,,,,,,
001cv00000AuaSy,"County Of Coffee, TN",Tennessee,County,Sydney Ireland,59032,,Tier S,2.0,35.4577,-86.053,7b2a42db-261b-43c8-89cb-8c969f27928d,,,,,,,,,5,2026-02-02,5,,,,,,
001cv00000AuaVE,"County Of Sevier, TN",Tennessee,County,Sydney Ireland,99517,,Tier S,2.0,35.8272,-83.507,40659ff7-d5b3-444a-8af0-89c94377e68c,,,,,,,,,3,2026-04-22,1,2,,,,,
001cv00000AuaWV,"County Of Robertson, TN",Tennessee,County,Sydney Ireland,74098,,Tier S,2.0,36.5251,-86.8622,8ecf70ac-a285-45d8-a5d9-3dea3a0ba6e8,,,,,,,,,3,2025-12-02,,3,,,,,
001cv00000AuaXA,"County Of Putnam, TN",Tennessee,County,Sydney Ireland,81188,,Tier S,2.0,36.1346,-85.4788,163175ef-024c-4011-925e-9e75c40fbfb3,,,,,,,,,4,2026-03-10,4,,,,,,
001cv00000B21sE,"Town Of Mountain City, TN",Tennessee,Municipality,Sydney Ireland,2444,,Tier 3,0.75,36.4746,-81.8048,5c5ca119-1657-4f53-a22a-568a5d8cf79a,,,,,,,,,4,2026-03-20,4,,,,,,
001cv00000B21xW,"Town Of Whiteville, TN",Tennessee,Municipality,Sydney Ireland,2651,,Tier 3,0.75,35.3265,-89.1495,efa668c0-391f-4eaa-93e2-7d52f6e90beb,,,,,,,,,,,,,,,,,
001cv00000B220F,"Town Of Coopertown, TN",Tennessee,Municipality,Sydney Ireland,4590,,Tier 3,0.75,36.4388,-86.9693,9ea299e6-bc46-4bb2-91b2-ff8449ce15cd,,,,,,,,,1,2026-03-11,1,,,,,,
001cv00000B221C,"Town Of Rogersville, TN",Tennessee,Municipality,Sydney Ireland,4653,,Tier 3,0.75,36.4073,-83.0054,9bb20d43-f955-4dc8-a68b-ed8b7b1c2356,,,,,,,,,,,,,,,,,
001cv00000B221H,"City Of Oak Hill, TN",Tennessee,Municipality,Sydney Ireland,4656,,Tier 3,0.75,36.0878,-86.7831,b0c9c7f6-a85d-439d-9ba8-d1cd7d35a9f5,,,,,,,,,8,2026-03-20,8,,,,,,
001cv00000bBVel,City of Middleton,Tennessee,Municipality,Asher Rosenfeld,737,,Tier 3,0.75,35.0645,-88.8909,61a6b04d-33f1-45b9-9c82-260f86b6ec61,,,,,,,,,,,,,,,,,
001cv00000bBVfM,City of Morristown,Tennessee,Municipality,Asher Rosenfeld,790,,Tier 3,0.75,36.214,-83.2949,dfb6eedb-1081-4ca9-aef7-b991dcb7b82a,,,,,,,,,,,,,,,,,
001cv00000bBVlE,Town of Gainesboro,Tennessee,Municipality,Asher Rosenfeld,961,,Tier 3,0.75,36.3556,-85.6589,c97f7738-8434-4cf6-9cae-4cbfba9c7b8c,,,,,,,,,,,,,,,,,
001cv00000bBWJO,City of Cowan,Tennessee,Municipality,Asher Rosenfeld,1816,,Tier 3,0.75,35.1645,-86.0105,80675399-b504-494d-b65c-a6a33298f0c6,,,,,,,,,,,,,,,,,
001cv00000bBWJh,City of Berry Hill,Tennessee,Municipality,Asher Rosenfeld,1838,,Tier 3,0.75,36.1167,-86.7663,e392d850-15d4-44aa-9acf-c402862004c9,,,,,,,,,,,,,,,,,
001cv00000bBWKV,Town of Dover,Tennessee,Municipality,Asher Rosenfeld,1893,,Tier 3,0.75,42.964,-72.8898,c078c58e-ad2b-49b5-b0a7-3bd941992066,,,,,,,,,,,,,,,,,
001cv00000bBWKY,Town of Chapel Hill,Tennessee,Municipality,Asher Rosenfeld,1897,,Tier 3,0.75,35.6265,-86.6933,50fadd02-278f-455d-8a68-0fd46dcd27d3,,,,,,,,,,,,,,,,,
001cv00000bBWOU,City of Rocky Top,Tennessee,Municipality,Asher Rosenfeld,1664,,Tier 3,0.75,36.2179,-84.1546,f351bfcb-3a3a-4328-a495-b62c6a48fe22,,,,,,,,,,,,,,,,,
001cv00000bBWOk,Town of Vonore,Tennessee,Municipality,Asher Rosenfeld,1684,,Tier 3,0.75,35.5901,-84.2419,54c0f633-89f8-4d48-8556-1e34a422bea6,,,,,,,,,,,,,,,,,
001cv00000bBWR0,City of Baxter,Tennessee,Municipality,Asher Rosenfeld,2051,,Tier 3,0.75,36.1537,-85.6436,554a2763-6cc9-4298-9617-5feb90e1675b,,,,,,,,,,,,,,,,,
001cv00000bBWTi,City of Murfreesboro,Tennessee,Municipality,Asher Rosenfeld,168387,,Tier S,2.0,35.8452,-86.3952,73732577-b8cf-4f59-ad37-ff218aea3563,,,,,,,,,4,2026-05-11,4,,,,,,
001cv00000bBWTv,"City of Clarksville, TN",Tennessee,Municipality,Asher Rosenfeld,185690,Open Opportunity,Tier S,2.0,36.5298,-87.3612,031a28c1-5ea1-4560-af81-cc2a48a06662,Open,Demo,Mid Funnel,Sydney Ireland,4/22/2026,4/21/2026,,,13,2026-05-05,13,,,,,,
001cv00000bBWU2,"City of Chattanooga, TN",Tennessee,Municipality,Asher Rosenfeld,191496,Nurture,Tier S,2.0,35.0458,-85.3094,de22002a-ae21-44dc-bc24-0fcc783ecc8b,Closed Lost,,,Sydney Ireland,4/23/2026,4/13/2026,,,2,2026-03-25,2,,,,,,
001cv00000bBWU8,City of Knoxville,Tennessee,Municipality,Asher Rosenfeld,198722,,Tier S,2.0,35.9653,-83.9233,7eab63c5-b7de-4d33-a9da-3b885a9e69cf,,,,,,,,,5,2026-05-11,5,,,,,,
001cv00000bBWYA,City of Memphis,Tennessee,Municipality,Asher Rosenfeld,610919,,Tier S,2.0,35.1486,-90.0519,f23419fe-96ac-4006-a747-4f6537385f45,,,,,,,,,,,,,,,,,
001cv00000bBWYP,Metropolitan Government of Nashville and Davidson County,Tennessee,Municipality,Asher Rosenfeld,703953,,Tier S,2.0,36.111,-86.6922,adedc9d4-09c4-4929-b2bf-a0ebe6601874,,,,,,,,,,,,,,,,,
001cv00000bBWYr,Shelby County,Tennessee,County,Asher Rosenfeld,910530,,Tier S,2.0,35.1269,-89.9253,a02683dd-1369-4144-8f6d-5b38f578e680,,,,,,,,,,,,,,,,,
001cv00000bBWu7,Town of Monteagle,Tennessee,Municipality,Asher Rosenfeld,1440,,Tier 3,0.75,35.2401,-85.8397,493c961b-cac4-4d84-ad26-39875c936332,,,,,,,,,,,,,,,,,
001cv00000bBX1Q,Knox County,Tennessee,County,Asher Rosenfeld,506748,,Tier S,2.0,36.0187,-83.8473,9918754e-41bf-41d5-a833-b62780a0fbe4,,,,,,,,,,,,,,,,,
001cv00000c9a8B,"City of Charlotte, TN",Tennessee,Municipality,Sydney Ireland,1656,Open Opportunity,Tier 3,0.75,36.1773,-87.3397,,Open,Meeting Booked,Top of Funnel,Sydney Ireland,3/16/2026,3/11/2026,,,8,2026-03-25,8,,,,,,
001cv00000hSnGT,"City of Nashville, TN",Tennessee,Municipality,Sydney Ireland,704963,Open Opportunity,Tier S,2.0,36.1627,-86.7816,,Open,Meeting Booked,Top of Funnel,Sydney Ireland,4/23/2026,4/13/2026,,,1,2026-04-22,1,,,,,,
001cv00000hX2iG,"County of Hamilton, TN",Tennessee,County,Sydney Ireland,394398,,Tier S,2.0,35.1619,-85.1479,,,,,,,,,,3,2026-04-24,3,,,,,,
