Account ID,Account Name,State,Entity Type,Muni Type,Owner,Population,Account Classification,Tier,SQO Points,Lat,Lng,Opp Status,Stage,Funnel Position,Sourced By,Discovery Call Date,Created Date,ARR,Previously Lost,Total Calls,Last Call Date,Calls - Joe del Rosario,Calls - Ryan Minter,Calls - Alicia Gopal,Calls - Nick Martino,Calls - Jenny Allison,Calls - Shane Lieberman,Calls - Sydney Ireland,Calls - Granger West,Salesforce ID,Outreach ID
2174ebd6-285b-4202-a4fa-e79cd7a12b1e,City of Tallahassee,Florida,Municipality,City,Ryan Minter,205089,Prospect,Tier S,2.0,30.4382,-84.2806,,,,,,,,,,,,,,,,,,,001cv00000bAeBf,22768
fcf5b0be-b83a-48df-bd80-38b31cbd0679,Town of Davie,Florida,Municipality,Town,Maia Golub,112052,Prospect,Tier S,2.0,26.0765,-80.2521,,,,,,,,,,,,,,,,,,,001cv00000bBWF5,22316
c3ddfd71-20a2-4351-8555-a1536961452a,City of Miami Gardens,Florida,Municipality,City,Ryan Minter,116173,Prospect,Tier S,2.0,25.9438,-80.2446,,,,,,,,,,,,,,,,,,,001cv00000bBWFH,22312
8f9475f1-5089-435e-ad8d-92b129c0d536,City of Clearwater,Florida,Municipality,City,Maia Golub,116811,Prospect,Tier S,2.0,27.9656,-82.7959,,,,,,,,,,,,,,,,,,,001cv00000bBWFM,22315
5e17eb3f-3dc0-4c8b-83be-ead385434a2d,City of Pompano Beach,Florida,Municipality,City,Ryan Minter,118104,Prospect,Tier S,2.0,26.2306,-80.1251,,,,,,,,,,,,,,,,,,,001cv00000bBWSI,22310
2774bcbd-153f-4d16-a929-943173d41f9e,City of West Palm Beach,Florida,Municipality,City,Ryan Minter,127744,Prospect,Tier S,2.0,26.7145,-80.0549,,,,,,,,,,,,,,,,,,,001cv00000bBWSg,22335
736bd899-1006-42bf-8dea-429d8ac41ce3,City of Coral Springs,Florida,Municipality,City,Maia Golub,140808,Prospect,Tier S,2.0,26.2712,-80.2706,,,,,,,,,,,,,,,,,,,001cv00000bBWTA,22367
40c9aa70-f09c-4939-9ac5-7ebe6f9c0ee6,City of Palm Bay,Florida,Municipality,City,Ryan Minter,142023,Prospect,Tier S,2.0,28.0345,-80.5887,,,,,,,,,,,,,,,,,,,001cv00000bBWTD,22374
f1ee1c87-55bc-4967-ae5b-ced6e96b5b88,City of Miramar,Florida,Municipality,City,Maia Golub,143242,Prospect,Tier S,2.0,25.9861,-80.3036,,,,,,,,,,,,,,,,,,,001cv00000bBWTF,22377
d54c1f5f-32a0-489f-bfae-a14a47c65412,City of Hollywood,Florida,Municipality,City,Ryan Minter,159073,Prospect,Tier S,2.0,26.0099,-80.1591,,,,,,,,,,,,,,,,,,,001cv00000bBWTd,22392
73d2dbb4-0938-421f-a085-3062e75d9583,City of Pembroke Pines,Florida,Municipality,City,Maia Golub,179326,Prospect,Tier S,2.0,26.0078,-80.2963,,,,,,,,,,,,,,,,,,,001cv00000bBWTr,22408
dc0d0840-17e3-47dd-b985-ff538f1fa8f5,City of Fort Lauderdale,Florida,Municipality,City,Maia Golub,190641,Prospect,Tier S,2.0,26.1224,-80.1373,,,,,,,,,,,,,,,,,,,001cv00000bBWU1,22424
95d0786f-513b-4632-87d4-fc772d190510,City of Jacksonville,Florida,Municipality,City,Maia Golub,1009833,Prospect,Tier S,2.0,30.3298,-81.6592,,,,,,,,,,,,,,,,,,,001cv00000bBWZA,22522
2c5f72cb-e426-4363-b28d-bb020e60e336,City of Hialeah,Florida,Municipality,City,Ryan Minter,235388,Prospect,Tier S,2.0,25.8269,-80.281,,,,,,,,,,,,,,,,,,,001cv00000bBWyo,22743
bbc98acf-e425-419e-985a-5c291ed1f0df,City of Port St. Lucie,Florida,Municipality,City,Maia Golub,258575,Prospect,Tier S,2.0,27.273,-80.3582,,,,,,,,,2,2026-04-22,,2,,,,,,,001cv00000bBWz2,22751
26c6b387-3dff-4b63-8ad9-d9c5a9d77b05,City of Orlando,Florida,Municipality,City,Maia Golub,334854,Prospect,Tier S,2.0,28.5384,-81.3789,,,,,,,,,,,,,,,,,,,001cv00000bBX0T,22819
05831c81-0ba2-42b6-ba2a-fa3eb370241f,City of Tampa,Florida,Municipality,City,Ryan Minter,414547,Prospect,Tier S,2.0,27.9517,-82.4588,,,,,,,,,,,,,,,,,,,001cv00000bBX0z,22839
ae882c60-66a3-49b4-b4e9-5fd2993e1ad2,City of Miami,Florida,Municipality,City,Ryan Minter,487014,Prospect,Tier S,2.0,25.7617,-80.1918,,,,,,,,,,,,,,,,,,,001cv00000bBX1L,22879
9619fca7-f0fe-4ad8-b1ad-f5f3b4fa174e,"City of Lakeland, FL",Florida,Municipality,City,Maia Golub,124990,Prospect,Tier S,2.0,28.0421,-81.9535,Open,Initial Interest,Top of Funnel,Jenny Allison,,10/29/2025,,,21,2026-02-04,,,21,,,,,,001cv00000HC1Mx,20788
9f589677-030b-477b-a251-00d5a2d47467,"City Of Dunedin, FL",Florida,Municipality,City,Ryan Minter,35949,Prospect,Tier 1,1.5,28.0118,-82.7843,,,,,,,,,20,2025-08-11,20,,,,,,,,001Hr000028Zbmv,802
d54359c3-e303-4f7e-983c-239d50f4c2c5,"City Of West Melbourne, FL",Florida,Municipality,City,Maia Golub,27830,Prospect,Tier 1,1.5,28.0717,-80.6534,,,,,,,,,6,2026-02-20,2,4,,,,,,,001Hr000028ZbnK,694
cfbcc5b4-c1dc-4196-972c-3ee22813b643,"City Of Winter Garden, FL",Florida,Municipality,City,Ryan Minter,46502,Prospect,Tier 1,1.5,28.5653,-81.5862,,,,,,,,,3,2026-02-05,,3,,,,,,,001Hr000028ZboR,688
8ff64324-08c7-420a-9a96-de0d636ca58a,"City Of Rockledge, FL",Florida,Municipality,City,Ryan Minter,28316,Prospect,Tier 1,1.5,28.3164,-80.727,,,,,,,,,25,2026-02-20,21,4,,,,,,,001Hr000028Zboq,692
08ac7b6a-4213-4044-b2a0-dfa4dc97a36e,"City Of Titusville, FL",Florida,Municipality,City,Ryan Minter,48874,Prospect,Tier 1,1.5,28.608,-80.8084,,,,,,,,,1,2025-09-03,1,,,,,,,,001Hr000028Zbov,693
3b8254c1-56d0-4b3a-946b-ffadb8e52162,"Village Of Estero, FL",Florida,Municipality,Village,Maia Golub,37522,Prospect,Tier 1,1.5,26.4381,-81.8068,,,,,,,,,6,2025-07-22,6,,,,,,,,001Hr000028ZbpQ,902
f4d4bfea-6c3f-4451-ae1d-be234a6fe8e0,"City Of Ocoee, FL",Florida,Municipality,City,Maia Golub,47452,Prospect,Tier 1,1.5,28.5692,-81.544,,,,,,,,,11,2025-08-06,11,,,,,,,,001Hr000028Zbpo,713
ebab8fd7-f3f7-46ed-9308-5bdba3162930,"City Of Leesburg, FL",Florida,Municipality,City,Ryan Minter,27810,Prospect,Tier 1,1.5,28.8108,-81.8779,,,,,,,,,31,2026-02-25,21,10,,,,,,,001Hr000028Zbpy,714
fa48ba29-8db8-455a-b12d-8054cfa78522,"City Of Casselberry, FL",Florida,Municipality,City,Maia Golub,29093,Prospect,Tier 1,1.5,28.6778,-81.3278,,,,,,,,,31,2026-02-25,10,21,,,,,,,001Hr000028ZbqI,716
4dc04390-029d-45a5-a10c-812f5a245c37,"City Of Oviedo, FL",Florida,Municipality,City,Maia Golub,39559,Prospect,Tier 1,1.5,28.67,-81.2081,,,,,,,,,12,2025-09-02,12,,,,,,,,001Hr000028ZbqS,717
f59d0d40-53a0-40e6-bdd9-0f2d1cba8bf6,"City Of Tarpon Springs, FL",Florida,Municipality,City,Ryan Minter,25560,Prospect,Tier 1,1.5,28.1509,-82.7525,,,,,,,,,9,2026-02-23,2,7,,,,,,,001Hr000028ZbqX,718
e058097f-53b8-48dd-ad73-ec5f3839f4bf,"City Of Temple Terrace, FL",Florida,Municipality,City,Maia Golub,27013,Prospect,Tier 1,1.5,28.0353,-82.3893,Open,Initial Interest,Top of Funnel,Jenny Allison,,10/29/2025,,Yes,5,2025-11-10,,,,,5,,,,001Hr000028Zbqc,719
daab8bb6-7016-4dbd-a426-04e1026ebbc3,"City Of Fort Pierce, FL",Florida,Municipality,City,Ryan Minter,47927,Prospect,Tier 1,1.5,27.447,-80.326,,,,,,,,,2,2026-02-25,,2,,,,,,,001Hr000028Zbqm,720
c3ef952f-e1f2-4ff2-b81c-02e81da7bbd7,"City Of Hallandale Beach, FL",Florida,Municipality,City,Ryan Minter,41005,Prospect,Tier 1,1.5,25.9812,-80.1484,,,,,,,,,1,2025-08-04,1,,,,,,,,001Hr000028Zbr2,754
18860a2f-4ae5-4864-85c2-829b209130e2,"City Of North Miami Beach, FL",Florida,Municipality,City,Maia Golub,42507,Prospect,Tier 1,1.5,25.9331,-80.1625,,,,,,,,,2,2026-01-12,,2,,,,,,,001Hr000028Zbrf,749
ffc16d89-1c12-4292-bc5e-043dc0cfb422,"City Of Coral Gables, FL",Florida,Municipality,City,Maia Golub,48375,Prospect,Tier 1,1.5,25.7492,-80.2635,Open,Initial Interest,Top of Funnel,Nick Martino,,11/26/2025,,,27,2026-02-13,,,,27,,,,,001Hr000028Zbrk,748
30d12217-455c-4700-a7cd-df9cb85ffcfb,"City Of New Smyrna Beach, FL",Florida,Municipality,City,Ryan Minter,31120,Prospect,Tier 1,1.5,29.0274,-80.9232,Closed Lost,,,Shane Lieberman,4/2/2024,1/5/2025,,,19,2026-02-20,3,16,,,,,,,001Hr000028Zbrp,750
38eeed7a-62ef-45cb-9906-11446ca46cdd,"City Of Altamonte Springs, FL",Florida,Municipality,City,Maia Golub,45517,Prospect,Tier 1,1.5,28.6611,-81.3656,Closed Lost,,,Shane Lieberman,2/27/2024,1/5/2025,,,3,2026-01-21,,3,,,,,,,001Hr000028Zbru,751
0260dab2-6bc7-41e6-9794-30fc1af7cd1b,"City Of Winter Park, FL",Florida,Municipality,City,Maia Golub,29131,Prospect,Tier 1,1.5,28.595,-81.3509,,,,,,,,,6,2026-02-23,1,5,,,,,,,001Hr000028Zbrz,752
1554127d-097a-48fc-80c7-ef81d494c01d,"City Of Riviera Beach, FL",Florida,Municipality,City,Ryan Minter,38074,Prospect,Tier 1,1.5,26.7753,-80.0581,,,,,,,,,19,2025-11-07,19,,,,,,,,001Hr000028Zbs4,753
b904271e-b416-459f-8579-c7c1bd7c3381,"City Of North Lauderdale, FL",Florida,Municipality,City,Ryan Minter,44239,Prospect,Tier 1,1.5,26.2173,-80.2259,Closed Lost,,,Ryan Minter,3/4/2026,2/25/2026,,,6,2026-02-25,2,4,,,,,,,001Hr000028Zbs9,755
8bb4e798-432c-4234-8f31-fbff0ad5fecb,"City Of Oakland Park, FL",Florida,Municipality,City,Maia Golub,43650,Prospect,Tier 1,1.5,26.1723,-80.132,Closed Lost,,,Shane Lieberman,3/18/2024,1/5/2025,,,43,2026-02-03,33,10,,,,,,,001Hr000028ZbsE,756
e5852f65-2f43-49eb-9fdf-e0b8ac723740,"Town Of Miami Lakes, FL",Florida,Municipality,Town,Ryan Minter,30388,Prospect,Tier 1,1.5,25.9087,-80.3087,,,,,,,,,16,2026-02-23,5,11,,,,,,,001Hr000028ZbsY,761
1587b8d7-9106-4eb7-a15e-5b9fa34a68c6,"City Of Aventura, FL",Florida,Municipality,City,Ryan Minter,39237,Prospect,Tier 1,1.5,25.9565,-80.1392,,,,,,,,,2,2026-01-28,,2,,,,,,,001Hr000028Zbsd,762
3151bc5b-d166-4997-8c0e-a91748b129b3,"City Of Clermont, FL",Florida,Municipality,City,Ryan Minter,44530,Prospect,Tier 1,1.5,28.5549,-81.7662,Closed Lost,,,Asher Rosenfeld,,1/5/2025,,,2,2026-01-09,,,2,,,,,,001Hr000028Zbsi,765
341164b1-03c5-418e-82a4-4515b5a584c0,"City Of Key West, FL",Florida,Municipality,City,Maia Golub,26527,Prospect,Tier 1,1.5,24.5551,-81.78,,,,,,,,,4,2026-02-17,3,1,,,,,,,001Hr000028Zbss,764
a8f71822-c48d-47d5-8e10-87caac22884b,"City Of Parkland, FL",Florida,Municipality,City,Ryan Minter,35265,Prospect,Tier 1,1.5,26.3108,-80.2532,,,,,,,,,4,2026-02-03,,4,,,,,,,001Hr000028Zbt2,769
db0a4f8b-af09-41da-80e1-6c1f3dc575ce,"City Of Plant City, FL",Florida,Municipality,City,Maia Golub,39653,Prospect,Tier 1,1.5,28.0186,-82.1129,Open,Meeting Booked,Top of Funnel,Alicia Gopal,5/8/2026,4/30/2026,,Yes,19,2026-05-14,5,2,9,3,,,,,001Hr000028Zbtb,780
f493a756-6c0e-49a7-990a-85322ac939c3,"City Of Crestview, FL",Florida,Municipality,City,Maia Golub,27820,Prospect,Tier 1,1.5,30.7542,-86.5728,,,,,,,,,6,2026-04-22,,6,,,,,,,001Hr000028ZbuP,799
e4abbbb0-4d59-4094-b0b3-cbaef4b11414,"City Of Sebastian, FL",Florida,Municipality,City,Maia Golub,25703,Prospect,Tier 1,1.5,27.8164,-80.4706,Closed Lost,,,Troy LeCaire,,1/5/2025,,,4,2026-02-24,,4,,,,,,,001Hr000028ZbuU,798
f9259d75-74b3-4146-9ac7-beef4e73d90d,"Town Of Cutler Bay, FL",Florida,Municipality,Town,Maia Golub,44291,Prospect,Tier 1,1.5,25.5808,-80.3469,,,,,,,,,5,2026-02-24,4,1,,,,,,,001Hr000028Zbvh,821
abeaed9b-0944-47ee-855c-0e40347edad8,"Village Of Palm Springs, FL",Florida,Municipality,Village,Ryan Minter,26780,Prospect,Tier 1,1.5,26.6359,-80.0962,,,,,,,,,17,2026-02-19,10,7,,,,,,,001Hr000028ZbwG,830
9fc9ce33-a7c1-4b99-b7fe-bd64670d8735,"City Of Greenacres, FL",Florida,Municipality,City,Maia Golub,43813,Prospect,Tier 1,1.5,26.6276,-80.1354,,,,,,,,,2,2026-04-21,,2,,,,,,,001Hr000028ZbwL,831
550e8359-cb2d-46ae-b8b5-48124a419e92,"City Of Lauderdale Lakes, FL",Florida,Municipality,City,Maia Golub,35609,Prospect,Tier 1,1.5,26.1665,-80.2084,,,,,,,,,3,2025-08-25,3,,,,,,,,001Hr000028Zbyl,881
69a5d49e-700e-44a6-a94f-d698ecbef7f6,"City Of Venice, FL",Florida,Municipality,City,Ryan Minter,26047,Prospect,Tier 1,1.5,27.0996,-82.4506,Open,Initial Interest,Top of Funnel,Joe del Rosario,7/3/2025,5/7/2025,,Yes,4,2026-01-15,2,2,,,,,,,001Hr000028Zbym,920
2200399a-8439-4309-81c7-2ab8c65ecd3d,"City Of Cooper City, FL",Florida,Municipality,City,Ryan Minter,33972,Prospect,Tier 1,1.5,26.0573,-80.2717,,,,,,,,,2,2026-02-18,1,1,,,,,,,001Hr000028Zbyq,880
3b1e5808-70e8-4d60-af10-228bf5cc259a,"City Of Winter Springs, FL",Florida,Municipality,City,Maia Golub,38317,Prospect,Tier 1,1.5,28.6989,-81.3081,,,,,,,,,2,2025-07-29,2,,,,,,,,001Hr000028Zc0X,919
7736ce39-1dc3-43ed-82f9-2cd5188c2451,"City Of Dania Beach, FL",Florida,Municipality,City,Maia Golub,31454,Prospect,Tier 1,1.5,26.0523,-80.1439,,,,,,,,,31,2026-02-24,,10,,21,,,,,001Hr000028Zc0h,922
e4ff934b-f2ee-4ca8-a1bc-a3f040c26685,"City Of Ormond Beach, FL",Florida,Municipality,City,Ryan Minter,43517,Prospect,Tier 1,1.5,29.2858,-81.0559,,,,,,,,,10,2025-07-23,10,,,,,,,,001Hr000028Zc5v,2596
e4e9ddcf-2fb1-4daf-97c4-81bfae516d3f,"City Of Panama City, FL",Florida,Municipality,City,Maia Golub,34045,Prospect,Tier 1,1.5,30.1588,-85.6602,Open,Proposal,Mid Funnel,Jason Ginsberg,3/23/2026,3/16/2026,"$55,000",,4,2026-02-18,,4,,,,,,,001Hr000028ZcEL,674
b1b18a49-36a4-4266-9c95-f2cffed3ed69,"City Of Lake Worth Beach, FL",Florida,Municipality,City,Ryan Minter,42496,Prospect,Tier 1,1.5,26.6168,-80.0684,,,,,,,,,2,2026-04-21,,2,,,,,,,001Hr000028ZcFs,1512
cff0ed08-0924-4b95-9c8a-fca2fc998ebc,"Village Of Royal Palm Beach, FL",Florida,Municipality,Village,Maia Golub,39043,Prospect,Tier 1,1.5,26.7084,-80.2306,Open,Initial Interest,Top of Funnel,Granger West,,6/5/2025,,,27,2026-02-26,10,17,,,,,,,001Hr000028ZcMD,2597
93fd13b8-f65a-4028-9a67-3b238c633361,"City Of Winter Haven, FL",Florida,Municipality,City,Maia Golub,52710,Prospect,Tier S,2.0,28.0264,-81.7307,,,,,,,,,4,2026-03-02,3,1,,,,,,,001Hr000028ZcVr,2595
479d30b6-a167-45d9-8e1f-d6d597401cc2,"City Of Haines City, FL",Florida,Municipality,City,Ryan Minter,29070,Prospect,Tier 1,1.5,28.1142,-81.6179,Closed Lost,,,Troy LeCaire,,1/5/2025,,,6,2026-02-23,,6,,,,,,,001Hr000028ZcWi,2307
140b3155-0255-4294-9fd7-65a944e251ff,"City Of Fort Myers, FL",Florida,Municipality,City,Ryan Minter,92245,Prospect,Tier S,2.0,26.6409,-81.8606,,,,,,,,,5,2026-04-08,,,,,,,5,,001Hr000028ZcYD,11478
667d1f29-5ffb-4ff1-a048-76a774ba08a5,"City Of Palm Beach Gardens, FL",Florida,Municipality,City,Ryan Minter,59449,Prospect,Tier S,2.0,26.8098,-80.1157,Open,Initial Interest,Top of Funnel,Ryan Minter,,3/20/2026,,,11,2026-03-24,10,1,,,,,,,001Hr000028ZcYE,11513
74b16744-da63-430d-897a-5a6c0069b7b6,"City Of Port Orange, FL",Florida,Municipality,City,Ryan Minter,63486,Prospect,Tier S,2.0,29.1383,-80.9956,Open,Initial Interest,Top of Funnel,Ryan Minter,3/26/2026,3/20/2026,,,29,2026-04-23,19,10,,,,,,,001Hr000028Zcpj,11501
62453d4a-0cd7-49a8-aec7-d377aa3e58cf,"City Of Pensacola, FL",Florida,Municipality,City,Maia Golub,53678,Prospect,Tier S,2.0,30.4077,-87.219,Open,Initial Interest,Top of Funnel,Granger West,,3/6/2025,,,18,2026-02-04,11,7,,,,,,,001Hr000028Zcqw,11523
8174ea0f-bd92-4ff5-b793-a21a301d91a7,"City Of Lauderhill, FL",Florida,Municipality,City,Ryan Minter,73458,Prospect,Tier S,2.0,26.1404,-80.2134,,,,,,,,,,,,,,,,,,,001Hr000028Zd31,11504
c15b6ee5-acd5-4605-a072-ade4d2c2f623,"City Of Deerfield Beach, FL",Florida,Municipality,City,Maia Golub,86339,Prospect,Tier S,2.0,26.3184,-80.0998,,,,,,,,,6,2026-04-16,,6,,,,,,,001Hr000028ZdBF,11475
47b3a798-c4f2-461f-a420-caea37658870,"City Of Largo, FL",Florida,Municipality,City,Maia Golub,82341,Prospect,Tier S,2.0,27.9183,-82.7749,,,,,,,,,10,2025-07-07,10,,,,,,,,001Hr000028ZdCr,11486
9eff39c9-0ac1-4e9d-91c5-809afb4e05d2,"City Of Boynton Beach, FL",Florida,Municipality,City,Maia Golub,80089,Prospect,Tier S,2.0,26.5318,-80.0905,,,,,,,,,10,2025-10-14,10,,,,,,,,001Hr000028ZdGp,11480
791e022e-5cfa-4314-b407-77b42025b729,"City Of Palm Coast, FL",Florida,Municipality,City,Ryan Minter,93833,Prospect,Tier S,2.0,29.5181,-81.2243,Open,Initial Interest,Top of Funnel,Ryan Minter,2/20/2026,2/18/2026,,,25,2026-03-13,20,5,,,,,,,001Hr000028ZdJt,11521
7628b21f-0b5c-46be-bb98-f352defb869d,"City Of North Miami, FL",Florida,Municipality,City,Ryan Minter,59229,Prospect,Tier S,2.0,25.8901,-80.1867,,,,,,,,,,,,,,,,,,,001Hr000028ZdM3,11482
6b8b1ce9-d0da-46f6-b3b5-d136f4cc3499,"City Of Sunrise, FL",Florida,Municipality,City,Ryan Minter,96021,Prospect,Tier S,2.0,26.167,-80.2566,,,,,,,,,8,2025-10-07,8,,,,,,,,001Hr000028ZdOS,11488
c9b723ce-f494-42c3-8571-4b64d5b435f2,"City Of Weston, FL",Florida,Municipality,City,Ryan Minter,67312,Prospect,Tier S,2.0,26.1004,-80.3998,,,,,,,,,3,2026-05-15,1,2,,,,,,,001Hr000028ZdP6,11508
64066df1-2f17-403f-992b-14e10ede0e5c,"City Of Bradenton, FL",Florida,Municipality,City,Maia Golub,55905,Prospect,Tier S,2.0,27.4991,-82.5734,,,,,,,,,2,2026-03-16,1,1,,,,,,,001Hr000028ZdQe,11493
48bfbf51-50e3-4dd3-b154-32f5f43f0f64,"City Of Deltona, FL",Florida,Municipality,City,Ryan Minter,95782,Prospect,Tier S,2.0,28.9005,-81.2637,,,,,,,,,1,2025-05-21,1,,,,,,,,001Hr000028ZdRY,11506
f8c404c2-d327-4f16-9e09-4e37a9f0c61d,"City Of Doral, FL",Florida,Municipality,City,Ryan Minter,75966,Prospect,Tier S,2.0,25.8217,-80.3341,,,,,,,,,3,2026-02-05,,3,,,,,,,001Hr000028ZdSL,11476
c94734d4-4006-4a6f-bf20-c8c3f372ce56,"City Of De Land, FL",Florida,Municipality,City,Ryan Minter,38764,Prospect,Tier 1,1.5,29.0283,-81.3031,,,,,,,,,7,2025-08-21,7,,,,,,,,001Hr000028ZdTm,684
fed9f029-c399-46cd-9c06-3c2c065d2c7f,"City Of Tamarac, FL",Florida,Municipality,City,Maia Golub,71541,Prospect,Tier S,2.0,26.2129,-80.2498,,,,,,,,,1,2025-10-16,1,,,,,,,,001Hr000028ZdVO,11519
8ac3e40e-838f-4361-9da9-f90ca67ac348,"City Of Pinellas Park, FL",Florida,Municipality,City,Ryan Minter,53202,Prospect,Tier S,2.0,27.8428,-82.6995,,,,,,,,,4,2026-04-20,,4,,,,,,,001Hr000028ZdXz,11505
384fd4de-07fd-49b7-894e-b2fc20615336,"City Of Plantation, FL",Florida,Municipality,City,Maia Golub,92986,Prospect,Tier S,2.0,26.1276,-80.2331,,,,,,,,,,,,,,,,,,,001Hr000028ZdYy,11516
f1ced59d-79f8-4f76-af32-b7d0b22edfc8,"City Of Boca Raton, FL",Florida,Municipality,City,Maia Golub,95787,Prospect,Tier S,2.0,26.3683,-80.1289,,,,,,,,,,,,,,,,,,,001Hr000028ZdaX,11503
563e4954-5ba8-4a62-a0f6-874eb07f2f06,"City Of Margate, FL",Florida,Municipality,City,Maia Golub,58001,Prospect,Tier S,2.0,26.2445,-80.2064,,,,,,,,,1,2025-11-10,1,,,,,,,,001Hr000028Zdah,11517
97caa82d-2941-4743-81eb-4bbc44ab98c8,"City Of Coconut Creek, FL",Florida,Municipality,City,Ryan Minter,57117,Prospect,Tier S,2.0,26.2517,-80.1789,,,,,,,,,1,2025-07-16,1,,,,,,,,001Hr000028Zdax,11494
e0735ff9-ef0f-46b3-b75a-7bb13bf01f3d,"City Of Sarasota, FL",Florida,Municipality,City,Ryan Minter,54764,Prospect,Tier S,2.0,27.3365,-82.531,,,,,,,,,,,,,,,,,,,001Hr000028ZdbQ,11522
cfafce45-4c51-4c4d-aebb-0b97a470cb58,"City Of Ocala, FL",Florida,Municipality,City,Ryan Minter,64096,Prospect,Tier S,2.0,29.1851,-82.1343,Closed Lost,,,Granger West,7/23/2025,3/6/2025,,,20,2026-02-03,10,10,,,,,,,001Hr000028Zdbl,11510
22082ce1-b10a-4625-878a-4235b9c78ed3,"Town Of Jupiter, FL",Florida,Municipality,Town,Ryan Minter,60802,Prospect,Tier S,2.0,26.9319,-80.1024,,,,,,,,,3,2026-05-15,,3,,,,,,,001Hr000028Zdbq,11495
82fe53de-8b93-4408-800d-1ac549ceb4b0,"Village Of Wellington, FL",Florida,Municipality,Village,Ryan Minter,61448,Prospect,Tier S,2.0,26.6618,-80.2684,,,,,,,,,3,2025-10-06,3,,,,,,,,001Hr000028Zdc4,11485
b19687c9-4edc-422c-9e2a-ed17b535f1d5,"City Of North Port, FL",Florida,Municipality,City,Ryan Minter,80021,Prospect,Tier S,2.0,27.075,-82.2066,,,,,,,,,1,2026-01-28,,1,,,,,,,001Hr000028Zddv,11520
75d68f6e-0e61-467c-8ff2-4307342b0d7b,"City Of Kissimmee, FL",Florida,Municipality,City,Maia Golub,79436,Prospect,Tier S,2.0,28.2956,-81.4039,,,,,,,,,6,2026-02-20,,6,,,,,,,001Hr000028ZdeF,11477
d7f83ae7-c1c8-49a9-a651-714ed373a4f4,"City Of Miami Beach, FL",Florida,Municipality,City,Ryan Minter,80671,Prospect,Tier S,2.0,25.7907,-80.13,Open,Initial Interest,Top of Funnel,Ryan Minter,,3/20/2026,,,1,2025-05-22,1,,,,,,,,001Hr000028ZdeZ,11507
7538b703-d7cb-4113-bdc5-725c4d7cc21b,"City Of Apopka, FL",Florida,Municipality,City,Ryan Minter,55496,Prospect,Tier S,2.0,28.6934,-81.5322,,,,,,,,,2,2026-02-03,,2,,,,,,,001Hr000028Zdex,11498
b9398f6a-37bb-48a5-9954-9dd69d835c79,"City Of Daytona Beach, FL",Florida,Municipality,City,Maia Golub,74437,Prospect,Tier S,2.0,29.2071,-81.0197,,,,,,,,,12,2025-10-23,12,,,,,,,,001Hr000028Zdf2,11483
0d8139fa-74af-4feb-a020-092090639bc8,"City Of Homestead, FL",Florida,Municipality,City,Ryan Minter,80528,Prospect,Tier S,2.0,25.4724,-80.4758,,,,,,,,,,,,,,,,,,,001Hr000028ZdfR,11511
e56d58ab-26f8-4dbb-ba71-9f68dd533f12,"City Of Sanford, FL",Florida,Municipality,City,Maia Golub,60681,Prospect,Tier S,2.0,28.8029,-81.2695,,,,,,,,,24,2025-10-21,24,,,,,,,,001Hr000028Zdfg,11515
c9d3e894-bfa1-4907-8a31-7c78a23ee710,"City Of Melbourne, FL",Florida,Municipality,City,Ryan Minter,85064,Prospect,Tier S,2.0,28.0794,-80.6078,,,,,,,,,4,2026-02-04,,4,,,,,,,001Hr000028Zdfl,11518
03b3684f-3c6d-4f5c-a96b-3f205e902ca5,"City Of Bonita Springs, FL",Florida,Municipality,City,Maia Golub,54904,Prospect,Tier S,2.0,26.3306,-81.801,,,,,,,,,10,2026-03-10,8,2,,,,,,,001cv00000AuaNC,19763
48cb7f70-ef6e-46d8-98b2-e662516fb831,"City Of St Cloud, FL",Florida,Municipality,City,Maia Golub,62043,Prospect,Tier S,2.0,28.2489,-81.2813,,,,,,,,,8,2026-05-18,1,7,,,,,,,001cv00000AuaOW,19903
827dc8a2-f226-46af-b2e2-0769a21a0229,"City Of Delray Beach, FL",Florida,Municipality,City,Maia Golub,66573,Prospect,Tier S,2.0,26.4638,-80.0738,,,,,,,,,10,2025-09-08,10,,,,,,,,001cv00000AuaPO,19642
99c41e54-ef62-4f06-bb4f-c9b0abd7217b,"City of Cape Coral, FL",Florida,Municipality,City,Maia Golub,233025,Prospect,Tier S,2.0,26.6297,-81.9597,Open,Initial Interest,Top of Funnel,Jenny Allison,,11/6/2025,,,7,2025-12-11,,,,,7,,,,001cv00000NoG5y,20907
cb445eba-a1ae-4057-bca7-ce2df17d1f91,"City of St. Petersburg, FL",Florida,Municipality,City,Ryan Minter,267102,Prospect,Tier S,2.0,27.5027,-81.7359,,,,,,,,,2,2026-04-23,,2,,,,,,,001cv00000bBWz9,22779
3e422585-b6fe-4780-ae6b-5c0ccb1c8dff,"County of Highlands, FL",Florida,County,County,Ryan Minter,109778,Prospect,Tier S,2.0,27.3688,-81.2519,Open,Initial Interest,Top of Funnel,Ryan Minter,7/14/2026,4/15/2026,,,4,2026-04-15,,4,,,,,,,001cv00000bBWEu,22276
a26b0269-077f-4493-901f-c67f3f4d6843,"County of Brevard, FL",Florida,County,County,Ryan Minter,658447,Prospect,Tier S,2.0,28.2639,-80.7214,,,,,,,,,,,,,,,,,,,001cv00000bBWYH,22469
f0d9b834-88f2-4ed0-97bf-2a52367a507d,"County of Polk, FL",Florida,County,County,Ryan Minter,852878,Prospect,Tier S,2.0,27.8617,-81.6912,,,,,,,,,,,,,,,,,,,001cv00000bBWYk,22520
3abe90cd-4d74-40b5-a3e1-5a66f10af894,"County of Lee, FL",Florida,County,County,Maia Golub,860959,Prospect,Tier S,2.0,30.4197,-83.3004,,,,,,,,,,,,,,,,,,,001cv00000bBWYl,22507
230587b1-636d-4a76-a576-7162b918972f,"County of Orange, FL",Florida,County,County,Ryan Minter,1533646,Prospect,Tier S,2.0,28.4845,-81.2519,,,,,,,,,,,,,,,,,,,001cv00000bBWZT,22539
0ca96143-047a-490b-af37-3b5ad9d8f1d5,"County of Palm Beach, FL",Florida,County,County,Maia Golub,1582055,Prospect,Tier S,2.0,26.6515,-80.2767,,,,,,,,,,,,,,,,,,,001cv00000bBWZW,22567
bb685538-7755-4246-bac7-8edf6d76d504,"County of Broward, FL",Florida,County,County,Ryan Minter,2037472,Prospect,Tier S,2.0,26.1901,-80.3659,,,,,,,,,,,,,,,,,,,001cv00000bBWZc,22553
dbe8d380-e3b9-4d00-9420-0d9f6ef50713,"County of Miami-Dade, FL",Florida,County,County,Maia Golub,2838461,Prospect,Tier S,2.0,25.5516,-80.6327,,,,,,,,,,,,,,,,,,,001cv00000bBWZk,22561
033c80e4-40e7-47ed-a92e-90cf66b47c8f,"County of Escambia, FL",Florida,County,County,Maia Golub,331275,Prospect,Tier S,2.0,30.6389,-87.3414,,,,,,,,,3,2026-04-14,,3,,,,,,,001cv00000bBX0Q,22813
8a6494d5-c3fd-4717-9925-d4c69dbde3b2,"County of St. Johns, FL",Florida,County,County,Ryan Minter,334928,Prospect,Tier S,2.0,29.9719,-81.4279,,,,,,,,,,,,,,,,,,,001cv00000bBX0U,22815
a941f920-6417-4b58-b7f7-c721387b1f3a,"County of St. Lucie, FL",Florida,County,County,Maia Golub,390670,Prospect,Tier S,2.0,27.3226,-80.5438,,,,,,,,,,,,,,,,,,,001cv00000bBX0r,22838
474a58c7-a724-40c1-9464-92edd172fe92,"County of Collier, FL",Florida,County,County,Maia Golub,416233,Prospect,Tier S,2.0,26.07,-81.4279,,,,,,,,,3,2026-04-14,,3,,,,,,,001cv00000bBX11,22869
47d2b6d3-cfe4-44ef-9f8e-f2e9659dcd41,"County of Marion, FL",Florida,County,County,Ryan Minter,428905,Prospect,Tier S,2.0,29.2788,-82.1278,,,,,,,,,,,,,,,,,,,001cv00000bBX16,22850
0ace5e2a-3e10-43b4-84be-c44e473830c3,"County of Manatee, FL",Florida,County,County,Maia Golub,458352,Prospect,Tier S,2.0,27.4799,-82.3452,,,,,,,,,,,,,,,,,,,001cv00000bBX1E,22858
48368f8d-a249-4707-8f63-c0a1fecf3c44,"County of Osceola, FL",Florida,County,County,Ryan Minter,468058,Prospect,Tier S,2.0,28.102,-81.0755,,,,,,,,,,,,,,,,,,,001cv00000bBX1G,22878
a8a94124-2396-4d6c-a98c-993cd42d6d03,"County of Sarasota, FL",Florida,County,County,Maia Golub,476604,Prospect,Tier S,2.0,27.1996,-82.3452,,,,,,,,,,,,,,,,,,,001cv00000bBX1K,22875
a51f8265-2cf8-4dfb-9472-b4b0aafb4203,"County of Seminole, FL",Florida,County,County,Maia Golub,494605,Prospect,Tier S,2.0,28.7132,-81.2078,,,,,,,,,,,,,,,,,,,001cv00000bBX1N,22855
fe27c87b-0657-4b58-b5e6-c5669a693be6,"County of Washington, FL",Florida,County,County,Ryan Minter,26503,Prospect,Tier 1,1.5,30.5487,-85.6846,Closed Lost,,,Ryan Minter,4/21/2026,2/25/2026,,,6,2026-04-21,,6,,,,,,,001Hr000028Zd0V,12034
d40a37ed-0f3d-4945-a963-8609a778b481,"County of Gadsden, FL",Florida,County,County,Ryan Minter,43833,Prospect,Tier 1,1.5,30.5563,-84.6479,Closed Lost,,,Ryan Minter,4/16/2026,4/14/2026,,,8,2026-04-23,1,7,,,,,,,001Hr000028Zd94,12047
b6925e22-a430-40a2-a4d2-080e0437bc6a,"County of Bradford, FL",Florida,County,County,Ryan Minter,28075,Prospect,Tier 1,1.5,29.9724,-82.1714,,,,,,,,,2,2026-04-07,,2,,,,,,,001Hr000028ZdCX,12055
56fabbe5-cd17-4b83-bae5-27b74a8a0bf4,"County of Indian River, FL",Florida,County,County,Maia Golub,169795,Prospect,Tier S,2.0,27.6948,-80.5438,Open,Verbal,Mid Funnel,Joe del Rosario,8/8/2025,6/3/2025,"$215,368",,,,,,,,,,,,001Hr000028ZdRJ,12150
191983b6-7a59-48be-a753-3217a1173ec5,"County of Monroe, FL",Florida,County,County,Ryan Minter,80908,Prospect,Tier S,2.0,25.2974,-81.0755,,,,,,,,,,,,,,,,,,,001Hr000028ZdUS,12054
5d261fcf-e699-4f45-8744-383ef9932525,"County of Clay, FL",Florida,County,County,Ryan Minter,230000,Prospect,Tier S,2.0,29.9944,-81.7787,Open,Demo,Mid Funnel,Ryan Minter,2/24/2026,2/4/2026,,Yes,24,2026-02-24,13,11,,,,,,,001Hr000028ZdWl,12151
565a8ad1-88a4-48cc-8dcd-f31632bd0a65,"County of Okeechobee, FL",Florida,County,County,Maia Golub,42369,Prospect,Tier 1,1.5,27.3462,-80.8987,,,,,,,,,3,2025-05-27,3,,,,,,,,001Hr000028ZdbJ,12046
19349a29-ae42-4b07-b972-26c3f5df06d3,"County of Columbia, FL",Florida,County,County,Maia Golub,73977,Prospect,Tier S,2.0,30.1813,-82.6051,,,,,,,,,2,2026-02-25,,2,,,,,,,001Hr000028Zddd,12041
9511ef1d-4a26-4ed9-8a3d-d3c17e832ed5,"County of Charlotte, FL",Florida,County,County,Ryan Minter,212122,Prospect,Tier S,2.0,26.8946,-81.9098,,,,,,,,,6,2026-02-25,4,2,,,,,,,001Hr000028ZdgH,12004
48716ab0-e50f-49b7-9b2e-0a537e6e072b,"County of Santa Rosa, FL",Florida,County,County,Maia Golub,207653,Prospect,Tier S,2.0,30.769,-86.9824,,,,,,,,,2,2026-02-26,,2,,,,,,,001Hr000028ZdiR,12161
0962903b-d081-4749-b9e4-9f6bf76efad8,"County of Walton, FL",Florida,County,County,Maia Golub,80069,Prospect,Tier S,2.0,30.564,-86.1752,,,,,,,,,4,2026-02-24,,4,,,,,,,001Hr000028ZdiX,12039
77a3659c-f179-41fd-ba3f-682201297acb,"County of Nassau, FL",Florida,County,County,Maia Golub,104376,Prospect,Tier S,2.0,30.5927,-81.8224,,,,,,,,,,,,,,,,,,,001Hr000028Zdin,11934
8dbaf9be-e4da-46fb-a7d9-06fa47659119,"County of Bay, FL",Florida,County,County,Ryan Minter,190769,Prospect,Tier S,2.0,30.1805,-85.6846,,,,,,,,,10,2026-04-15,4,6,,,,,,,001Hr000028ZdkX,12143
234fd7af-1bce-4846-910d-6bcbcf554ca4,"County of Sumter, FL",Florida,County,County,Maia Golub,156743,Prospect,Tier S,2.0,28.6748,-82.0843,,,,,,,,,,,,,,,,,,,001Hr000028ZdmE,12146
44c3cd04-6bfa-4050-93af-548b3e0c5efd,"County of Citrus, FL",Florida,County,County,Ryan Minter,170174,Prospect,Tier S,2.0,28.8849,-82.5186,,,,,,,,,3,2026-04-22,,3,,,,,,,001Hr000028Zdn7,12156
1ef69314-3885-4017-91f9-f7d0f3bf1932,"County of Wakulla, FL",Florida,County,County,Ryan Minter,37115,Prospect,Tier 1,1.5,30.1302,-84.3542,,,,,,,,,4,2026-04-21,,4,,,,,,,001Hr000028Zdo9,12038
1d3eb5e9-16de-4f34-b06b-c9cf5b07b056,"County of Levy, FL",Florida,County,County,Maia Golub,47765,Prospect,Tier 1,1.5,29.3179,-82.821,,,,,,,,,3,2026-04-22,1,2,,,,,,,001Hr000028ZdoJ,12037
475023b6-4702-4ed8-a1d9-83eb282ad839,"County of DeSoto, FL",Florida,County,County,Maia Golub,36744,Prospect,Tier 1,1.5,27.2142,-81.7787,,,,,,,,,3,2025-07-23,3,,,,,,,,001Hr000028Zdoi,12048
83b180bd-3dfa-477a-abf5-74a4e2930809,"County of Martin, FL",Florida,County,County,Ryan Minter,165666,Prospect,Tier S,2.0,27.0805,-80.4104,,,,,,,,,2,2026-02-24,,2,,,,,,,001Hr000028Zdpg,12149
a261c01c-b559-480a-a5d6-0ae8df8d6c82,"County of Hernando, FL",Florida,County,County,Maia Golub,218150,Prospect,Tier S,2.0,28.5579,-82.4753,,,,,,,,,2,2026-04-14,,2,,,,,,,001Hr000028Zdpl,12147
3f07f18c-aee0-4d6d-aca4-17b3ab3e18c5,"County of Flagler, FL",Florida,County,County,Ryan Minter,136744,Prospect,Tier S,2.0,29.4086,-81.2519,,,,,,,,,1,2026-04-14,,1,,,,,,,001Hr000028ZdqF,12154
78ac6885-3919-4fa6-9630-2ac9d6b2f77e,"County Of Baker, FL",Florida,County,County,Maia Golub,28715,Prospect,Tier 1,1.5,30.7971,-86.6813,,,,,,,,,4,2026-03-11,1,3,,,,,,,001cv00000Aua0f,18818
5ef85a70-66c7-4afe-bc46-8a6eba3fce3e,"County Of Hardee, FL",Florida,County,County,Maia Golub,25425,Prospect,Tier 1,1.5,27.4502,-81.8224,Closed Lost,,,Ryan Minter,3/17/2026,3/17/2026,,,15,2026-05-01,7,4,,,4,,,,001cv00000Aua2m,19423
c3e5685a-9036-4748-924d-c6b02362bd66,"County Of Hendry, FL",Florida,County,County,Ryan Minter,40313,Prospect,Tier 1,1.5,26.6105,-81.0755,,,,,,,,,4,2026-04-22,1,3,,,,,,,001cv00000Aua7l,19311
a32558bc-3d09-4371-ac96-989c78302337,"County Of Suwannee, FL",Florida,County,County,Maia Golub,44485,Prospect,Tier 1,1.5,29.3288,-83.1443,,,,,,,,,2,2025-05-23,2,,,,,,,,001cv00000AuaHJ,19119
42b4c001-0b94-443c-9282-f7b2b270b0d7,"County Of Jackson, FL",Florida,County,County,Ryan Minter,47694,Prospect,Tier 1,1.5,30.7151,-85.1894,,,,,,,,,4,2026-04-15,,4,,,,,,,001cv00000AuaKE,19542
7bb75c1e-9dc2-4aec-81fc-bd657de13444,"County Of Putnam, FL",Florida,County,County,Ryan Minter,74167,Prospect,Tier S,2.0,29.6265,-81.7787,,,,,,,,,8,2025-07-29,8,,,,,,,,001cv00000AuaWW,19811
3d03b095-20d4-4def-baa1-c99f818fc905,"County of Volusia, FL",Florida,County,County,Ryan Minter,590357,Prospect,Tier S,2.0,29.028,-81.0755,Open,Initial Interest,Top of Funnel,Ryan Minter,,5/15/2026,,Yes,2,2025-09-04,1,,,,,,,1,001cv00000C3kdi,20674
c03e8176-9f22-4c0c-9e46-952779fdd9b7,"County of Lake, FL",Florida,County,County,Ryan Minter,412924,Prospect,Tier S,2.0,28.7028,-81.7787,,,,,,,,,7,2025-08-19,7,,,,,,,,001cv00000FtQuE,20767
380b9d4a-7a5b-4516-995d-f9fc23be615d,"County of Okaloosa, FL",Florida,County,County,Ryan Minter,220483,Prospect,Tier S,2.0,30.5773,-86.6611,,,,,,,,,5,2025-08-18,5,,,,,,,,001cv00000G3INV,20769
bd7f7e84-3457-448e-b8da-5a6c3e3ccafd,"County of Leon, FL",Florida,County,County,Ryan Minter,300488,Prospect,Tier S,2.0,30.4906,-84.1857,,,,,,,,,1,2026-04-14,,1,,,,,,,001cv00000Gu0vT,20783
b78aedc8-8936-40c2-98c2-95efb21a2be2,"County of Pinellas, FL",Florida,County,County,Ryan Minter,965870,Prospect,Tier S,2.0,27.8764,-82.7779,Open,Meeting Booked,Top of Funnel,Alicia Gopal,11/19/2025,11/13/2025,,,21,2026-01-13,,,21,,,,,,001cv00000NU6E5,20899
ba5a0cb9-0fb1-463b-b54c-380aaccc6ad3,"County of Pasco, FL",Florida,County,County,Maia Golub,659114,Prospect,Tier S,2.0,28.3232,-82.4319,Open,Initial Interest,Top of Funnel,Jenny Allison,,11/6/2025,,,10,2026-01-28,,2,,,8,,,,001cv00000NoInl,20908
058cc433-2752-46e6-b47b-8f50ba7dbd2c,"County of Alachua, FL",Florida,County,County,Maia Golub,291782,Prospect,Tier S,2.0,29.658,-82.3018,,,,,,,,,1,2026-04-14,,1,,,,,,,001cv00000bBWzQ,22789
,"County of Duval, FL",Florida,County,County,Ryan Minter,1023153,Prospect,Tier S,2.0,30.3501,-81.6035,,,,,,,,,1,2026-04-28,,,,,1,,,,,24409
,"County of Hillsborough, FL",Florida,County,County,Maia Golub,1522748,Prospect,Tier S,2.0,27.9904,-82.3018,,,,,,,,,1,2026-04-28,,,,,1,,,,,24408
1dafb210-b6a3-449d-867b-db3ed64ba70e,"City Of Atlantic Beach, FL",Florida,Municipality,City,Ryan Minter,13345,Prospect,Tier 2,1.0,30.3344,-81.3987,Closed Lost,,,Asher Rosenfeld,,1/5/2025,,,13,2026-02-03,3,10,,,,,,,001Hr000028ZbdJ,874
2da3b52f-736a-4fcc-9a26-db8feae790b8,"City Of Eustis, FL",Florida,Municipality,City,Ryan Minter,23543,Customer,Tier 2,1.0,28.8528,-81.6854,Closed Won,,,Asher Rosenfeld,2/27/2024,1/5/2025,"$5,000",,,,,,,,,,,,001Hr000028ZbnO,726
d924ede3-155b-424c-bfa1-a1f341f50ebd,"City Of Oldsmar, FL",Florida,Municipality,City,Ryan Minter,14842,Prospect,Tier 2,1.0,28.0342,-82.6651,Closed Lost,,,Ryan Minter,1/14/2026,1/5/2026,,,5,2026-01-05,3,2,,,,,,,001Hr000028ZboM,687
d8e2d589-5e1e-4212-8d71-60f1fc9b473b,"City Of Safety Harbor, FL",Florida,Municipality,City,Ryan Minter,16972,Prospect,Tier 2,1.0,27.9909,-82.6932,,,,,,,,,2,2026-03-13,1,1,,,,,,,001Hr000028Zbob,691
75a52840-5718-4ca7-9589-e39498f74dc6,"City Of Marco Island, FL",Florida,Municipality,City,Maia Golub,15969,Prospect,Tier 2,1.0,25.9397,-81.7075,Closed Lost,,,Asher Rosenfeld,,1/5/2025,,,23,2026-02-04,10,13,,,,,,,001Hr000028Zbol,698
13a04df9-902f-4dd6-aa0d-bc9db59409df,"City Of Mount Dora, FL",Florida,Municipality,City,Maia Golub,16665,Prospect,Tier 2,1.0,28.8025,-81.6445,,,,,,,,,4,2026-03-31,2,,,,,2,,,001Hr000028Zbp0,690
c9582e77-8e5f-4edc-a58e-c406d4765d6b,"City Of Jacksonville Beach, FL",Florida,Municipality,City,Maia Golub,23515,Prospect,Tier 2,1.0,30.2841,-81.3961,Open,Initial Interest,Top of Funnel,Granger West,,3/7/2025,,,,,,,,,,,,,001Hr000028Zbp6,875
0366e802-ca76-4cd2-b2a9-33ec2d58080e,"City Of Cocoa, FL",Florida,Municipality,City,Ryan Minter,19344,Prospect,Tier 2,1.0,28.3861,-80.742,,,,,,,,,5,2026-03-02,1,4,,,,,,,001Hr000028ZbpA,700
63209a16-b54a-4779-8552-0f07937dbc72,"City Of West Park, FL",Florida,Municipality,City,Ryan Minter,14939,Prospect,Tier 2,1.0,25.9846,-80.2026,,,,,,,,,7,2026-02-19,,7,,,,,,,001Hr000028ZbpK,702
0b4bd58c-b98a-4057-b535-8759bef1e87a,"City Of Debary, FL",Florida,Municipality,City,Maia Golub,22628,Prospect,Tier 2,1.0,28.8713,-81.3289,,,,,,,,,14,2026-02-19,2,12,,,,,,,001Hr000028ZbpP,701
d9eb644d-d5ac-4b71-be93-0bf6a48582ce,"City Of Naples, FL",Florida,Municipality,City,Ryan Minter,19372,Prospect,Tier 2,1.0,26.1392,-81.7955,Open,Initial Interest,Top of Funnel,Ryan Minter,,3/20/2026,,,8,2026-03-24,4,4,,,,,,,001Hr000028ZbpU,704
9e13112d-f14b-4f98-ab11-b7043a41dacf,"City Of Wildwood, FL",Florida,Municipality,City,Maia Golub,16540,Prospect,Tier 2,1.0,28.8655,-82.0379,,,,,,,,,4,2026-02-19,,4,,,,,,,001Hr000028Zbq3,710
39309e68-8a64-4aa8-a34d-4a109de90fb4,"City Of Tavares, FL",Florida,Municipality,City,Ryan Minter,19526,Prospect,Tier 2,1.0,28.8042,-81.7256,,,,,,,,,33,2026-01-28,16,17,,,,,,,001Hr000028ZbqN,715
a764d6f9-5e0e-4b12-920d-a829715891e1,"City Of Lake Wales, FL",Florida,Municipality,City,Ryan Minter,16684,Prospect,Tier 2,1.0,27.9014,-81.5859,Closed Lost,,,Shane Lieberman,3/13/2024,1/5/2025,,,7,2026-02-17,5,2,,,,,,,001Hr000028Zbqd,905
3cf13bc1-93b1-41a9-90a7-09d096744d54,"Village Of Palmetto Bay, FL",Florida,Municipality,Village,Maia Golub,23820,Prospect,Tier 2,1.0,25.6218,-80.3248,,,,,,,,,6,2026-02-04,,6,,,,,,,001Hr000028Zbqn,768
fb5b2956-9124-4d50-8e40-09fc61ad36ff,"City Of Seminole, FL",Florida,Municipality,City,Maia Golub,19316,Prospect,Tier 2,1.0,27.8397,-82.7912,,,,,,,,,2,2026-02-26,,2,,,,,,,001Hr000028ZbrG,734
4506239e-4d86-47ce-8237-be248f626a02,"City Of Cape Canaveral, FL",Florida,Municipality,City,Maia Golub,10014,Prospect,Tier 2,1.0,28.3922,-80.6077,,,,,,,,,32,2025-08-20,32,,,,,,,,001Hr000028ZbrK,1104
4e548655-75bd-4908-9691-4b2ea5594670,"City Of Zephyrhills, FL",Florida,Municipality,City,Maia Golub,18154,Prospect,Tier 2,1.0,28.2364,-82.1795,,,,,,,,,3,2026-04-22,1,2,,,,,,,001Hr000028Zbrb,904
77821d29-b31e-42ab-93ba-318f9275c7c5,"City Of Maitland, FL",Florida,Municipality,City,Maia Golub,18959,Prospect,Tier 2,1.0,28.6278,-81.3631,Closed Lost,,,Joe del Rosario,5/1/2025,4/1/2025,,,10,2026-02-23,,8,2,,,,,,001Hr000028Zbrv,757
14cb8fc9-17f1-4d36-b7fc-21e138c0e25a,"City Of Sweetwater, FL",Florida,Municipality,City,Ryan Minter,18865,Prospect,Tier 2,1.0,25.7898,-80.3766,,,,,,,,,5,2026-02-23,,5,,,,,,,001Hr000028ZbsO,758
5e6255f1-4ed4-4856-adad-7cd3e0c8aa33,"Village Of Pinecrest, FL",Florida,Municipality,Village,Ryan Minter,17987,Prospect,Tier 2,1.0,25.6623,-80.307,,,,,,,,,6,2026-05-11,1,5,,,,,,,001Hr000028ZbsT,760
331b994b-3de3-40d5-88c6-bb463ff82853,"Town Of Lady Lake, FL",Florida,Municipality,Town,Maia Golub,16195,Prospect,Tier 2,1.0,28.9175,-81.9229,,,,,,,,,2,2026-04-21,1,1,,,,,,,001Hr000028ZbsZ,823
0533b468-8b5e-4962-9a49-16f5c24a6ce2,"City Of Miami Springs, FL",Florida,Municipality,City,Maia Golub,13497,Prospect,Tier 2,1.0,25.8223,-80.2895,,,,,,,,,3,2026-04-23,1,2,,,,,,,001Hr000028Zbsn,763
fb8fc0d2-b4c5-4ec7-b9db-63bfce81b8b4,"City Of Groveland, FL",Florida,Municipality,City,Maia Golub,20398,Prospect,Tier 2,1.0,28.56,-81.8565,,,,,,,,,17,2026-05-13,11,6,,,,,,,001Hr000028Zbsx,766
53a32605-31e1-409d-a8f5-04081737ce13,"City Of Wilton Manors, FL",Florida,Municipality,City,Maia Golub,11316,Prospect,Tier 2,1.0,26.1604,-80.1389,Closed Lost,,,Asher Rosenfeld,,1/5/2025,,,5,2026-02-03,,5,,,,,,,001Hr000028Zbt8,2491
bde63e43-9f38-4bf4-b273-8729a9de2e5d,"City Of Sunny Isles Beach, FL",Florida,Municipality,City,Ryan Minter,22064,Prospect,Tier 2,1.0,25.9429,-80.1234,Closed Lost,,,Asher Rosenfeld,,1/5/2025,,,7,2026-01-28,2,5,,,,,,,001Hr000028Zbtm,917
ebca4ec1-262e-4548-a86e-dd27e44117a7,"City Of Bartow, FL",Florida,Municipality,City,Maia Golub,19447,Prospect,Tier 2,1.0,27.8964,-81.8431,,,,,,,,,18,2026-01-27,2,16,,,,,,,001Hr000028Zbue,801
669c3c95-8403-4032-b0dc-23aa80495ccf,"City Of Fort Walton Beach, FL",Florida,Municipality,City,Ryan Minter,20879,Prospect,Tier 2,1.0,30.4201,-86.617,,,,,,,,,2,2026-02-18,1,1,,,,,,,001Hr000028Zbuj,800
8b9ef33e-eaae-49c4-bf14-42a6c8fa7f66,"City Of Belle Glade, FL",Florida,Municipality,City,Ryan Minter,16718,Prospect,Tier 2,1.0,26.6845,-80.6676,Open,Verbal,Mid Funnel,Jason Ginsberg,2/26/2026,2/23/2026,"$34,000",Yes,3,2026-01-27,2,1,,,,,,,001Hr000028Zbuk,833
7046d49e-b1ce-4f69-af4c-42a8fd6aaaf4,"City Of Hialeah Gardens, FL",Florida,Municipality,City,Ryan Minter,22508,Prospect,Tier 2,1.0,25.8651,-80.3245,Open,Meeting Booked,Top of Funnel,Ryan Minter,2/5/2026,1/27/2026,,,20,2026-02-05,6,14,,,,,,,001Hr000028Zbvm,822
a5440fa8-c525-4b9e-b557-a52e72102f12,"City Of Destin, FL",Florida,Municipality,City,Ryan Minter,13956,Prospect,Tier 2,1.0,30.3896,-86.4836,Closed Lost,,,Asher Rosenfeld,,1/5/2025,,,5,2026-05-13,1,4,,,,,,,001Hr000028Zbw1,829
73a734b0-2f5c-4ce2-8656-b4515040bcfe,"City Of Edgewater, FL",Florida,Municipality,City,Ryan Minter,23241,Prospect,Tier 2,1.0,28.9889,-80.9023,Open,Initial Interest,Top of Funnel,Asher Rosenfeld,,1/5/2025,,,2,2025-05-21,2,,,,,,,,001Hr000028Zbw6,826
ff11b872-37ed-4a54-a0eb-152e9bf1aca3,"Village Of North Palm Beach, FL",Florida,Municipality,Village,Ryan Minter,13103,Prospect,Tier 2,1.0,26.8171,-80.0591,Closed Lost,,,Granger West,9/16/2025,9/15/2025,,,,,,,,,,,,,001Hr000028ZbwB,832
89091fcb-6767-41cb-8c4c-2e0f68d7d4f3,"City Of Brooksville, FL",Florida,Municipality,City,Ryan Minter,10511,Prospect,Tier 2,1.0,28.5553,-82.3879,Open,Initial Interest,Top of Funnel,Ryan Minter,,4/23/2026,,,16,2026-05-18,1,15,,,,,,,001Hr000028Zbwh,1118
998b68e1-3ab8-45f9-ac26-9213a2ec598c,"City Of Vero Beach, FL",Florida,Municipality,City,Maia Golub,16707,Prospect,Tier 2,1.0,27.6386,-80.3946,Closed Lost,,,Joe del Rosario,5/13/2025,5/1/2025,,,3,2026-02-23,1,2,,,,,,,001Hr000028Zbwz,845
bcbb90a9-d412-4532-9ede-63dcb54705f3,"City Of Orange City, FL",Florida,Municipality,City,Maia Golub,13757,Prospect,Tier 2,1.0,28.9489,-81.2987,,,,,,,,,4,2025-08-28,4,,,,,,,,001Hr000028Zbxm,1176
7fd98ca8-576a-4425-a1d8-13556e9eca55,"City Of Auburndale, FL",Florida,Municipality,City,Ryan Minter,17412,Prospect,Tier 2,1.0,28.0671,-81.7886,,,,,,,,,9,2025-09-24,9,,,,,,,,001Hr000028Zby2,869
5cfe212a-fc55-45ad-8b7e-559bc7a88b1b,"City Of Niceville, FL",Florida,Municipality,City,Ryan Minter,15946,Prospect,Tier 2,1.0,30.5169,-86.4822,Open,Initial Interest,Top of Funnel,Harrison Peacock,,6/27/2025,,,1,2025-10-16,1,,,,,,,,001Hr000028Zby7,868
97cca383-9bd4-4a17-94fb-560d889800b0,"City Of Florida City, FL",Florida,Municipality,City,Ryan Minter,12735,Prospect,Tier 2,1.0,25.4479,-80.4792,,,,,,,,,17,2026-05-13,11,6,,,,,,,001Hr000028Zby8,1055
13e6f29b-dd8e-4096-a8f9-3921ebe9a509,"City Of Punta Gorda, FL",Florida,Municipality,City,Ryan Minter,19981,Prospect,Tier 2,1.0,26.9298,-82.0454,Open,Initial Interest,Top of Funnel,Ryan Minter,,1/5/2026,,Yes,28,2026-01-09,24,4,,,,,,,001Hr000028Zbyb,878
12432095-ad8a-4e69-ac8d-55feff5c4809,"City Of Palmetto, FL",Florida,Municipality,City,Ryan Minter,13480,Prospect,Tier 2,1.0,27.5214,-82.5723,,,,,,,,,12,2025-09-23,12,,,,,,,,001Hr000028Zbyg,879
49cee216-eaf5-4b1f-9cda-d0162b78db30,"City Of St Augustine, FL",Florida,Municipality,City,Maia Golub,14581,Prospect,Tier 2,1.0,29.8922,-81.3139,,,,,,,,,3,2026-02-18,1,2,,,,,,,001Hr000028Zbzy,907
3264cda0-80a2-4e7c-8032-6857f30b2dca,"City Of Minneola, FL",Florida,Municipality,City,Maia Golub,14878,Prospect,Tier 2,1.0,28.5744,-81.7462,Closed Lost,,,Shane Lieberman,2/4/2026,2/4/2026,,,2,2026-05-11,1,1,,,,,,,001Hr000028Zc0I,914
4e5ab662-618e-4d8e-a0ad-08644def27ae,"City Of Longwood, FL",Florida,Municipality,City,Maia Golub,15110,Prospect,Tier 2,1.0,28.7031,-81.3384,,,,,,,,,2,2026-04-23,1,1,,,,,,,001Hr000028Zc0N,915
ef388920-02c3-4fa3-b75d-97e5652ab481,"City Of Lake Mary, FL",Florida,Municipality,City,Ryan Minter,16616,Prospect,Tier 2,1.0,28.7589,-81.3178,Closed Lost,,,Asher Rosenfeld,,1/5/2025,,,7,2026-01-12,6,1,,,,,,,001Hr000028Zc0S,921
96574469-36f6-42ca-8b89-7278149ba841,"City Of South Miami, FL",Florida,Municipality,City,Maia Golub,11779,Prospect,Tier 2,1.0,25.7051,-80.2908,,,,,,,,,5,2026-04-20,,5,,,,,,,001Hr000028Zc0n,1058
9b4d6df1-b7b4-4b81-969f-9523a9694b7a,"City Of Miami Shores, FL",Florida,Municipality,City,Maia Golub,11417,Prospect,Tier 2,1.0,25.8632,-80.1928,,,,,,,,,16,2026-03-16,13,3,,,,,,,001Hr000028Zc17,1061
7c3134e3-1f70-4865-8485-053d81906be2,"City Of Holly Hill, FL",Florida,Municipality,City,Maia Golub,13021,Prospect,Tier 2,1.0,29.2436,-81.0376,,,,,,,,,17,2026-05-11,11,6,,,,,,,001Hr000028Zc26,1170
6b91ceb7-09c5-45d6-9c5d-b1ba5c7ac81c,"City Of South Daytona, FL",Florida,Municipality,City,Maia Golub,13364,Prospect,Tier 2,1.0,29.1658,-81.0045,,,,,,,,,1,2025-10-09,1,,,,,,,,001Hr000028Zc4g,1171
12fe71ec-948c-48a0-bfff-bf4cfbadb914,"City Of Cocoa Beach, FL",Florida,Municipality,City,Ryan Minter,11332,Prospect,Tier 2,1.0,28.3176,-80.6102,,,,,,,,,2,2026-01-21,,2,,,,,,,001Hr000028Zc7O,1106
bed19bec-e9a8-4090-83dc-df964968f2d7,"City Of Satellite Beach, FL",Florida,Municipality,City,Ryan Minter,11268,Prospect,Tier 2,1.0,28.1761,-80.5901,,,,,,,,,4,2026-02-20,,4,,,,,,,001Hr000028Zc7T,1102
c9848dde-1645-491a-a030-f7c7d33c7719,"City Of Palatka, FL",Florida,Municipality,City,Maia Golub,10512,Prospect,Tier 2,1.0,29.6472,-81.6297,,,,,,,,,5,2026-05-11,3,2,,,,,,,001Hr000028Zc9j,1172
8f335a58-36df-45ce-89eb-e8a845186f5b,"City Of Lake City, FL",Florida,Municipality,City,Maia Golub,12497,Prospect,Tier 2,1.0,30.1894,-82.6394,,,,,,,,,4,2026-04-23,1,3,,,,,,,001Hr000028Zc9t,1175
c3552a01-d91e-412b-9d45-f72254f1db83,"City Of Milton, FL",Florida,Municipality,City,Ryan Minter,10498,Prospect,Tier 2,1.0,30.6324,-87.0397,Open,Sales Qualified,Mid Funnel,Ryan Minter,4/28/2026,4/23/2026,,Yes,4,2026-04-23,3,1,,,,,,,001Hr000028ZcCB,2304
fc320402-d50e-43a1-bbde-ec711725f91b,"City Of Lighthouse Point, FL",Florida,Municipality,City,Ryan Minter,10370,Prospect,Tier 2,1.0,26.2756,-80.0873,,,,,,,,,5,2026-04-27,3,2,,,,,,,001Hr000028ZcEs,2495
286dc400-e72d-4d84-80a2-ac6198aecd75,"City Of Gulfport, FL",Florida,Municipality,City,Ryan Minter,11709,Prospect,Tier 2,1.0,27.7484,-82.7034,,,,,,,,,11,2025-08-08,11,,,,,,,,001Hr000028ZcFG,2032
2479ec6c-ed88-40a6-abca-4148352d6337,"Town Of Lantana, FL",Florida,Municipality,Town,Ryan Minter,12030,Prospect,Tier 2,1.0,26.5867,-80.052,,,,,,,,,12,2026-05-11,5,7,,,,,,,001Hr000028ZcHj,1511
bbd629e1-a4a3-4c34-bf14-a91a312968a8,"City Of Sebring, FL",Florida,Municipality,City,Maia Golub,11087,Prospect,Tier 2,1.0,27.4954,-81.4412,,,,,,,,,5,2026-01-07,2,3,,,,,,,001Hr000028ZcLy,2310
32be4c88-00bb-4f2c-a1b1-93518532580c,"City Of Davenport, FL",Florida,Municipality,City,Ryan Minter,10953,Prospect,Tier 2,1.0,28.1614,-81.6017,,,,,,,,,6,2026-05-11,3,3,,,,,,,001Hr000028ZcNI,2308
60117e03-5103-434a-bbc6-42db9f28481e,"City Of Fernandina Beach, FL",Florida,Municipality,City,Maia Golub,13199,Prospect,Tier 2,1.0,30.6697,-81.4626,,,,,,,,,27,2026-02-18,25,2,,,,,,,001Hr000028ZcSF,2359
7dd9e7e7-dd1c-408d-9fd8-409722335286,"City Of Green Cove Springs, FL",Florida,Municipality,City,Ryan Minter,10196,Prospect,Tier 2,1.0,29.9919,-81.6781,Open,Sales Qualified,Mid Funnel,Ryan Minter,4/29/2026,4/27/2026,,,6,2026-04-27,4,2,,,,,,,001Hr000028ZcWf,2358
5ddd2cd4-65a1-49c3-96c8-0d904ac1d255,"City Of Stuart, FL",Florida,Municipality,City,Maia Golub,17531,Prospect,Tier 2,1.0,27.1975,-80.2528,,,,,,,,,3,2026-05-11,1,2,,,,,,,001Hr000028Zcq7,5265
0393bb80-0d73-4ae8-bc7d-0818d1263a80,"City Of New Port Richey, FL",Florida,Municipality,City,Maia Golub,16966,Prospect,Tier 2,1.0,28.244,-82.7269,,,,,,,,,14,2026-05-11,11,3,,,,,,,001Hr000028ZdJi,681
8d1f21fc-e201-40f9-a948-c0d7141532c5,"City Of Alachua, FL",Florida,Municipality,City,Ryan Minter,10712,Prospect,Tier 2,1.0,29.7938,-82.4944,Open,Meeting Booked,Top of Funnel,Ryan Minter,1/26/2026,1/12/2026,,,28,2026-02-06,16,12,,,,,,,001Hr000028ZddN,669
149ec9c2-cf75-4021-a570-737a6df4f64b,"Village Of Key Biscayne, FL",Florida,Municipality,Village,Ryan Minter,14487,Prospect,Tier 2,1.0,25.6937,-80.1628,Closed Lost,,,Troy LeCaire,,1/5/2025,,,3,2025-10-24,3,,,,,,,,001Hr000028ZdvK,682
cff4a135-12c7-47f3-95e0-85ed79041065,"City Of Panama City Beach, FL",Florida,Municipality,City,Maia Golub,18294,Prospect,Tier 2,1.0,30.2282,-85.8886,,,,,,,,,4,2025-09-29,4,,,,,,,,001Hr000028ZdvP,675
e2c3c862-943b-4789-857d-62143c16883c,"City Of Callaway, FL",Florida,Municipality,City,Ryan Minter,13084,Prospect,Tier 2,1.0,30.1454,-85.5743,,,,,,,,,4,2026-01-26,,4,,,,,,,001Hr000028ZdvU,677
2d09b00f-3514-42c7-956f-99321afe50ff,"City Of Lynn Haven, FL",Florida,Municipality,City,Ryan Minter,18990,Prospect,Tier 2,1.0,30.2455,-85.6483,Closed Lost,,,Asher Rosenfeld,,1/5/2025,,,2,2026-02-17,1,1,,,,,,,001Hr000028Zdvj,673
bd3f6b9c-cdd1-4b20-8425-78014909f154,"City Of Opa-Locka, FL",Florida,Municipality,City,Ryan Minter,16022,Prospect,Tier 2,1.0,25.9023,-80.2503,,,,,,,,,4,2026-01-27,,4,,,,,,,001cv00000AuZp7,17766
e42ae28f-709c-4cb0-afdb-89c8ff472509,"County Of Glades, FL",Florida,County,County,Ryan Minter,12234,Prospect,Tier 2,1.0,26.9844,-81.0755,,,,,,,,,1,2026-01-27,,1,,,,,,,001cv00000AuZbc,18309
8b485eb8-2846-4115-a5e1-2e904c264757,"County Of Jefferson, FL",Florida,County,County,Ryan Minter,14555,Prospect,Tier 2,1.0,30.4312,-83.8897,,,,,,,,,4,2026-04-14,3,1,,,,,,,001cv00000AuZh7,18219
fe5f07cf-2837-453e-86d6-75b9c3153d8f,"County Of Franklin, FL",Florida,County,County,Maia Golub,12572,Prospect,Tier 2,1.0,29.7818,-84.8568,,,,,,,,,3,2026-04-15,1,2,,,,,,,001cv00000AuZif,18211
bca01281-7a0b-4652-bc9e-b5bf268698bc,"County Of Calhoun, FL",Florida,County,County,Ryan Minter,13641,Prospect,Tier 2,1.0,30.3475,-85.1894,,,,,,,,,7,2026-02-04,,7,,,,,,,001cv00000AuZmv,18012
c24002ce-41dd-4c41-bcb3-1cc3c4019d4d,"County Of Hamilton, FL",Florida,County,County,Maia Golub,13993,Prospect,Tier 2,1.0,30.4756,-82.9502,,,,,,,,,3,2026-04-14,2,1,,,,,,,001cv00000AuZnT,17898
291417b2-9e57-4737-a42b-815762df269e,"County Of Gulf, FL",Florida,County,County,Maia Golub,14363,Prospect,Tier 2,1.0,29.9343,-85.2308,,,,,,,,,6,2026-04-14,4,2,,,,,,,001cv00000AuZo0,17874
2bae578c-531a-4fe4-8e9e-f2372af74e75,"County Of Union, FL",Florida,County,County,Ryan Minter,16335,Prospect,Tier 2,1.0,30.0745,-82.3452,,,,,,,,,6,2026-04-07,4,2,,,,,,,001cv00000AuZqo,18481
978c6fd0-786d-4428-9407-99e8da51fce6,"County Of Dixie, FL",Florida,County,County,Maia Golub,17102,Prospect,Tier 2,1.0,29.5207,-83.1649,Closed Lost,,,Joe del Rosario,9/4/2025,8/20/2025,,,6,2026-04-14,5,1,,,,,,,001cv00000AuZrc,18547
5d0595e1-87d1-44e4-ba56-6ce5dbb861eb,"County Of Madison, FL",Florida,County,County,Ryan Minter,18288,Prospect,Tier 2,1.0,30.4586,-83.507,,,,,,,,,9,2026-05-12,3,6,,,,,,,001cv00000AuZuO,18537
ed415a57-284a-4529-9458-4def440b387a,"County Of Gilchrist, FL",Florida,County,County,Ryan Minter,18360,Prospect,Tier 2,1.0,29.6871,-82.821,Open,Initial Interest,Top of Funnel,Ryan Minter,,1/21/2026,,,21,2026-02-23,2,19,,,,,,,001cv00000AuZuR,18462
f25afb2f-4f22-4108-bf19-98253bc0853a,"County Of Taylor, FL",Florida,County,County,Maia Golub,21815,Prospect,Tier 2,1.0,30.0994,-83.6774,,,,,,,,,2,2026-04-07,1,1,,,,,,,001cv00000AuZy6,18967
7c72dcab-20fa-40b7-960c-9dae840e3e83,"County Of Holmes, FL",Florida,County,County,Ryan Minter,19784,Prospect,Tier 2,1.0,30.8741,-85.8077,Open,Initial Interest,Top of Funnel,Ryan Minter,,2/5/2026,,,2,2026-02-05,,2,,,,,,,001cv00000Aua37,18665
e8c275bb-82eb-4e68-8cfd-7b3802fd9ec4,Town of Interlachen,Florida,Municipality,Town,Maia Golub,1508,Prospect,Tier 3,0.75,29.6239,-81.8904,,,,,,,,,,,,,,,,,,,001cv00000bB8Pm,22712
b85c0444-36c9-4ced-afd5-022860a7d066,Town of Greenville,Florida,Municipality,Town,Ryan Minter,774,Prospect,Tier 3,0.75,30.4694,-83.6302,,,,,,,,,,,,,,,,,,,001cv00000bBVfE,21195
7c555267-1ba8-46d2-b444-34a104794dc0,Town of Penney Farms,Florida,Municipality,Town,Maia Golub,835,Prospect,Tier 3,0.75,29.9797,-81.8104,,,,,,,,,,,,,,,,,,,001cv00000bBVhW,21243
95757b25-ba39-4243-ac05-7676aa524f32,City of Cottondale,Florida,Municipality,City,Ryan Minter,879,Prospect,Tier 3,0.75,30.7971,-85.3766,,,,,,,,,,,,,,,,,,,001cv00000bBVi7,21395
a011ac52-b81b-495d-ab63-52e041939da2,Town of Grand Ridge,Florida,Municipality,Town,Maia Golub,925,Prospect,Tier 3,0.75,30.7129,-85.0202,,,,,,,,,,,,,,,,,,,001cv00000bBVis,21309
b870562b-7f1a-45e7-b160-07324ae03dcd,City of Bradenton Beach,Florida,Municipality,City,Maia Golub,927,Prospect,Tier 3,0.75,27.4683,-82.6994,,,,,,,,,,,,,,,,,,,001cv00000bBViw,21313
c007e67e-9a92-4b62-94cf-dd9c383e842d,City of Bristol,Florida,Municipality,City,Ryan Minter,942,Prospect,Tier 3,0.75,30.4321,-84.9758,,,,,,,,,,,,,,,,,,,001cv00000bBVkt,21332
b09a3de4-df52-4bd3-ad81-354ee371c927,Town of Gulf Stream,Florida,Municipality,Town,Ryan Minter,994,Prospect,Tier 3,0.75,26.4937,-80.055,,,,,,,,,,,,,,,,,,,001cv00000bBVlg,21399
32df3131-e1e1-4b9c-8470-7ae8e65e49fb,City of Anna Maria,Florida,Municipality,City,Maia Golub,1016,Prospect,Tier 3,0.75,27.5311,-82.7334,,,,,,,,,,,,,,,,,,,001cv00000bBVlz,21415
c2806e63-17ea-45b8-8255-9f0cce399a84,Town of Golden Beach,Florida,Municipality,Town,Ryan Minter,1034,Prospect,Tier 3,0.75,25.9651,-80.1223,,,,,,,,,,,,,,,,,,,001cv00000bBVmH,21419
e8faad8a-0274-4495-b886-1bea741c6df4,Town of Medley,Florida,Municipality,Town,Maia Golub,1102,Prospect,Tier 3,0.75,25.8407,-80.3264,,,,,,,,,,,,,,,,,,,001cv00000bBVp2,21487
e7e37f86-31f4-45a7-a87b-e7b854226ec6,Town of Indian Shores,Florida,Municipality,Town,Ryan Minter,1190,Prospect,Tier 3,0.75,27.8628,-82.8484,,,,,,,,,,,,,,,,,,,001cv00000bBVwa,21582
e21699b7-2e55-45d0-8c57-35624e9e7c46,City of Mexico Beach,Florida,Municipality,City,Maia Golub,1210,Prospect,Tier 3,0.75,29.948,-85.418,,,,,,,,,,,,,,,,,,,001cv00000bBVwr,21626
47e22f46-ed04-43b3-acbe-264817de3647,City of Gretna,Florida,Municipality,City,Ryan Minter,1284,Prospect,Tier 3,0.75,30.6155,-84.6618,,,,,,,,,,,,,,,,,,,001cv00000bBVxt,21664
57cdbaa5-8bae-4c54-ad39-f886d470f975,Town of Havana,Florida,Municipality,Town,Ryan Minter,1756,Prospect,Tier 3,0.75,30.6238,-84.4146,,,,,,,,,,,,,,,,,,,001cv00000bBW43,21737
11f75d91-8449-4a06-9cfa-a427a105d698,City of Keystone Heights,Florida,Municipality,City,Maia Golub,1566,Prospect,Tier 3,0.75,29.7861,-82.0315,,,,,,,,,,,,,,,,,,,001cv00000bBWBv,21999
e23f3677-0446-457c-bc2b-245bac9bf3d7,Village of El Portal,Florida,Municipality,Village,Maia Golub,1980,Prospect,Tier 3,0.75,25.8554,-80.1931,,,,,,,,,,,,,,,,,,,001cv00000bBWDg,22037
b990e6f4-709d-4dff-b215-b602d8c6f696,Town of Zolfo Springs,Florida,Municipality,Town,Maia Golub,1761,Prospect,Tier 3,0.75,27.4934,-81.7959,,,,,,,,,,,,,,,,,,,001cv00000bBWIf,21733
a01eae0d-5bb4-446f-8dd1-fe58adf5b992,Town of Century,Florida,Municipality,Town,Maia Golub,1780,Prospect,Tier 3,0.75,30.9732,-87.2639,,,,,,,,,,,,,,,,,,,001cv00000bBWIx,21754
dbe264be-280f-4b3d-8216-a1e0092b5248,Town of Sneads,Florida,Municipality,Town,Ryan Minter,1780,Prospect,Tier 3,0.75,30.7077,-84.9244,,,,,,,,,,,,,,,,,,,001cv00000bBWIy,21763
2a9738ff-d0b6-4865-a0fe-bc5ff4dad314,Town of Callahan,Florida,Municipality,Town,Ryan Minter,1785,Prospect,Tier 3,0.75,30.5622,-81.8307,,,,,,,,,,,,,,,,,,,001cv00000bBWJ3,21747
1c943c17-d57a-4875-ade3-469d375a9c55,Town of Cross City,Florida,Municipality,City,Maia Golub,1816,Prospect,Tier 3,0.75,29.6337,-83.1233,,,,,,,,,,,,,,,,,,,001cv00000bBWJN,21795
6aaa17e5-0598-4dd1-8ea3-952139924888,Town of Ocean Ridge,Florida,Municipality,Town,Ryan Minter,1888,Prospect,Tier 3,0.75,26.527,-80.0484,,,,,,,,,,,,,,,,,,,001cv00000bBWKP,21826
6a60efa2-9ec0-491e-a6c7-b6b229bf3410,City of Belleair Beach,Florida,Municipality,City,Ryan Minter,1615,Prospect,Tier 3,0.75,27.9231,-82.8432,,,,,,,,,,,,,,,,,,,001cv00000bBWNo,22103
86c58f25-a872-41a9-a456-fec4497b6d10,Town of Inglis,Florida,Municipality,Town,Ryan Minter,1622,Prospect,Tier 3,0.75,29.0303,-82.6687,,,,,,,,,,,,,,,,,,,001cv00000bBWNs,22079
3f6578e5-333f-4ccd-b48e-59a875ff1da2,Town of Howey-in-the-Hills,Florida,Municipality,Town,Maia Golub,1693,Prospect,Tier 3,0.75,28.714,-81.7745,,,,,,,,,1,2026-04-21,,1,,,,,,,001cv00000bBWOt,22152
64e2f358-53f4-4cb5-9efe-cec0469d21c4,City of Moore Haven,Florida,Municipality,City,Maia Golub,1711,Prospect,Tier 3,0.75,26.8331,-81.0931,,,,,,,,,,,,,,,,,,,001cv00000bBWPG,22164
56a374d2-fc46-4234-86dd-dc13ccedd36b,City of Crescent City,Florida,Municipality,City,Ryan Minter,1724,Prospect,Tier 3,0.75,29.4303,-81.5106,,,,,,,,,,,,,,,,,,,001cv00000bBWPZ,22178
50e3b9e0-40ab-422a-9316-e9c824f8a1c0,Town of Hillsboro Beach,Florida,Municipality,Town,Ryan Minter,2043,Prospect,Tier 3,0.75,26.294,-80.0789,,,,,,,,,,,,,,,,,,,001cv00000bBWQw,22211
5d80a413-5946-4981-8ab1-5eb14a2f4881,Town of Saint Leo,Florida,Municipality,Town,Maia Golub,2472,Prospect,Tier 3,0.75,28.3372,-82.2584,,,,,,,,,,,,,,,,,,,001cv00000bBWRX,22253
8b22c38f-040f-403c-a33e-ef1399ead133,Town of Palm Beach Shores,Florida,Municipality,Town,Maia Golub,1359,Prospect,Tier 3,0.75,26.7781,-80.0356,,,,,,,,,,,,,,,,,,,001cv00000bBWt4,22591
c9c97602-300e-4391-8177-0e26ac256e4a,City of Hawthorne,Florida,Municipality,City,Ryan Minter,1529,Prospect,Tier 3,0.75,29.5919,-82.0873,,,,,,,,,,,,,,,,,,,001cv00000bBWww,22722
,"City of Key Colony Beach, FL",Florida,Municipality,City,Maia Golub,790,Prospect,Tier 3,0.75,24.721,-81.0187,,,,,,,,,1,2026-04-28,,,,,1,,,,,24396
8307a6e6-3059-43c1-8152-ffd3fde5605f,"City Of Treasure Island, FL",Florida,Municipality,City,Ryan Minter,6559,Prospect,Tier 3,0.75,27.7692,-82.769,Closed Lost,,,Asher Rosenfeld,,1/5/2025,,,,,,,,,,,,,001Hr000028ZbpE,2031
1784b3bb-9a0a-41a1-936a-cf9c279e27ac,"City Of Inverness, FL",Florida,Municipality,City,Ryan Minter,7624,Prospect,Tier 3,0.75,28.8355,-82.3314,Closed Lost,,,Ryan Minter,1/26/2026,1/6/2026,,,4,2026-02-12,,1,,,3,,,,001Hr000028ZbpV,1120
09123dc3-0895-4d7b-96e1-4620449d47ce,"City Of Indian Harbour Beach, FL",Florida,Municipality,City,Ryan Minter,8976,Prospect,Tier 3,0.75,28.1489,-80.5884,,,,,,,,,3,2026-05-11,1,2,,,,,,,001Hr000028ZbqO,1103
e926f409-fb5f-4d5d-bb0c-7b03865c7cd0,"City Of Belleview, FL",Florida,Municipality,City,Maia Golub,5577,Prospect,Tier 3,0.75,29.0553,-82.0623,,,,,,,,,1,2025-10-14,1,,,,,,,,001Hr000028Zbrw,1115
794b78f6-ceca-4a1a-8dd8-061cea443220,"City Of Marianna, FL",Florida,Municipality,City,Maia Golub,6237,Prospect,Tier 3,0.75,30.7744,-85.2269,,,,,,,,,1,2026-02-24,,1,,,,,,,001Hr000028ZbsD,2298
df196c4b-568b-495f-a039-79974d82f390,"City Of Perry, FL",Florida,Municipality,City,Maia Golub,6920,Prospect,Tier 3,0.75,30.1116,-83.5821,,,,,,,,,2,2026-03-31,1,,,,,1,,,001Hr000028Zbsp,2299
7e014588-e0ed-48cb-84fd-9177331ae8ab,"City Of Live Oak, FL",Florida,Municipality,City,Ryan Minter,6843,Prospect,Tier 3,0.75,30.2949,-82.984,,,,,,,,,1,2026-02-25,,1,,,,,,,001Hr000028Zbub,1173
deef9218-04e0-43e1-8372-0185f0986755,"City Of West Miami, FL",Florida,Municipality,City,Ryan Minter,7058,Prospect,Tier 3,0.75,25.7561,-80.2957,,,,,,,,,4,2025-11-07,4,,,,,,,,001Hr000028ZbvY,1056
dcdb0e42-ecd5-445e-b73e-d2c287d110fb,"Village Of Islamorada, FL",Florida,Municipality,Village,Ryan Minter,7076,Prospect,Tier 3,0.75,24.9243,-80.6278,Open,Initial Interest,Top of Funnel,Ryan Minter,,2/26/2026,,,9,2026-03-02,,9,,,,,,,001Hr000028Zbvn,1059
5344e4e6-edbc-4b04-9c39-5d939e6ce49d,"City Of Marathon, FL",Florida,Municipality,City,Maia Golub,9744,Prospect,Tier 3,0.75,24.726,-81.0446,Closed Lost,,,Asher Rosenfeld,,1/5/2025,,,4,2026-05-15,,4,,,,,,,001Hr000028Zc0x,1057
a1b28337-4dd5-4075-bfbe-f1ec7579fa2b,"Town Of Surfside, FL",Florida,Municipality,Town,Maia Golub,5531,Prospect,Tier 3,0.75,25.8784,-80.1256,Closed Lost,,,Asher Rosenfeld,,1/5/2025,,,5,2026-03-13,4,1,,,,,,,001Hr000028Zc1H,1062
7500feac-cb5f-4af1-88b6-ec5dcd86a9c8,"City Of South Pasadena, FL",Florida,Municipality,City,Ryan Minter,5309,Prospect,Tier 3,0.75,27.7535,-82.7396,,,,,,,,,6,2026-02-26,,6,,,,,,,001Hr000028Zc39,2028
690715a3-9bca-49bd-b370-b908a41afeb7,"City Of Fruitland Park, FL",Florida,Municipality,City,Ryan Minter,8605,Prospect,Tier 3,0.75,28.8614,-81.9065,,,,,,,,,11,2026-01-28,3,8,,,,,,,001Hr000028Zc4B,1116
a3551e90-d5e1-40cb-a61b-a3d3ce0e8efc,"Town Of Fort Myers Beach, FL",Florida,Municipality,Town,Maia Golub,5636,Customer,Tier 3,0.75,26.452,-81.9481,Closed Won,,,Joe del Rosario,4/3/2025,4/1/2025,"$29,000",,,,,,,,,,,,001Hr000028Zc4K,1005
8af96b4c-1801-4deb-9c25-153b903bbab2,"City Of Sanibel, FL",Florida,Municipality,City,Maia Golub,6461,Prospect,Tier 3,0.75,26.449,-82.0223,,,,,,,,,12,2026-05-01,11,,,,,,1,,001Hr000028Zc4P,1004
5e3d189e-23b9-461a-b709-9d60f46a180f,"Town Of Bay Harbor Islands, FL",Florida,Municipality,Town,Ryan Minter,5761,Customer,Tier 3,0.75,25.8876,-80.1312,Closed Won,,,Joe del Rosario,11/18/2025,11/5/2025,"$39,603",,1,2025-11-05,1,,,,,,,,001Hr000028Zc4n,2494
b58e1a0f-3fb6-4723-9748-71e9b663ce9e,"City Of Fort Meade, FL",Florida,Municipality,City,Ryan Minter,5148,Prospect,Tier 3,0.75,27.7523,-81.8017,Open,Initial Interest,Top of Funnel,Ryan Minter,,2/5/2026,,Yes,2,2026-02-06,,2,,,,,,,001Hr000028Zc5a,2306
103b1e2c-ec9e-4640-9313-b64cb6fbf24f,"City Of North Bay Village, FL",Florida,Municipality,City,Maia Golub,7956,Prospect,Tier 3,0.75,25.8462,-80.1539,,,,,,,,,3,2026-03-31,,,,,,3,,,001Hr000028Zc5w,1060
804c3221-cf1e-4d0a-9766-1a9ebabea430,"City Of Dade City, FL",Florida,Municipality,City,Maia Golub,7393,Prospect,Tier 3,0.75,28.3647,-82.1959,Closed Lost,,,Troy LeCaire,,1/5/2025,,,1,2026-02-19,,1,,,,,,,001Hr000028Zc7n,1117
f7f0a3ae-2d4e-49df-a463-0d30042e58e7,"City Of Mascotte, FL",Florida,Municipality,City,Ryan Minter,7332,Prospect,Tier 3,0.75,28.5786,-81.8888,,,,,,,,,6,2026-02-17,,6,,,,,,,001Hr000028Zc7s,1119
c8628628-f8a8-44f2-933a-4295a7b93d4b,"Town Of Kenneth City, FL",Florida,Municipality,City,Maia Golub,4994,Prospect,Tier 3,0.75,27.8156,-82.7201,,,,,,,,,1,2025-05-19,1,,,,,,,,001Hr000028Zc8L,2030
39d2435a-ee9b-4844-85e1-79583c757752,"City Of Flagler Beach, FL",Florida,Municipality,City,Maia Golub,5265,Prospect,Tier 3,0.75,29.475,-81.127,,,,,,,,,3,2025-12-11,2,,,1,,,,,001Hr000028Zc9o,1174
2d6336bb-8538-427a-bf20-b42911c63072,"City Of Belle Isle, FL",Florida,Municipality,City,Ryan Minter,6968,Prospect,Tier 3,0.75,28.4731,-81.3454,Open,Initial Interest,Top of Funnel,Ryan Minter,4/30/2026,4/22/2026,,,6,2026-05-08,,6,,,,,,,001Hr000028ZcA8,1182
33895f70-982f-4336-8801-9262994af312,"City Of Arcadia, FL",Florida,Municipality,City,Ryan Minter,7527,Prospect,Tier 3,0.75,27.2159,-81.8584,Closed Lost,,,Asher Rosenfeld,,1/5/2025,,,3,2025-08-07,3,,,,,,,,001Hr000028ZcAk,2311
ab84443a-9e85-4f67-a4be-19432436a7c1,"City Of Valparaiso, FL",Florida,Municipality,City,Maia Golub,4877,Prospect,Tier 3,0.75,30.5085,-86.5027,,,,,,,,,2,2025-06-24,2,,,,,,,,001Hr000028ZcBD,2301
66dcab91-287d-4914-bae0-dd309a66c7fa,"City Of Neptune Beach, FL",Florida,Municipality,City,Maia Golub,7088,Prospect,Tier 3,0.75,30.3119,-81.3965,,,,,,,,,1,2025-08-19,1,,,,,,,,001Hr000028ZcCo,2357
c8c07a9a-5a36-4fae-934d-8f91a320b1b8,"City Of Fellsmere, FL",Florida,Municipality,City,Ryan Minter,4916,Prospect,Tier 3,0.75,27.7677,-80.6013,,,,,,,,,6,2025-07-14,6,,,,,,,,001Hr000028ZcDj,2081
4b82dade-67dc-4352-a975-ddc1ac314fe8,"Town Of Orange Park, FL",Florida,Municipality,Town,Ryan Minter,8698,Prospect,Tier 3,0.75,30.1661,-81.7065,Open,Demo,Mid Funnel,Ryan Minter,3/25/2026,3/20/2026,,,11,2026-05-13,,8,,,3,,,,001Hr000028ZcFH,2356
a828e27d-7328-4cb6-925e-0d80acb6774e,"Village Of Tequesta, FL",Florida,Municipality,Village,Maia Golub,6088,Prospect,Tier 3,0.75,26.9636,-80.1121,Open,Initial Interest,Top of Funnel,Jenny Allison,,10/26/2025,,,10,2026-02-23,4,1,,,5,,,,001Hr000028ZcGX,1510
e99b16cc-c6d5-4bbb-8878-261c51b23b3d,"City Of Pahokee, FL",Florida,Municipality,City,Ryan Minter,5394,Prospect,Tier 3,0.75,26.8201,-80.6653,,,,,,,,,7,2026-01-27,4,3,,,,,,,001Hr000028ZcI2,1515
f21a5a35-1fbf-4aef-a056-ad141b750dfe,"Town Of Palm Beach, FL",Florida,Municipality,Town,Maia Golub,9251,Prospect,Tier 3,0.75,26.7056,-80.0364,,,,,,,,,,,,,,,,,,,001Hr000028ZcI7,1513
dade24ae-3482-4c02-b19f-1f53cf99c92d,"City Of South Bay, FL",Florida,Municipality,City,Maia Golub,4479,Prospect,Tier 3,0.75,26.664,-80.7162,,,,,,,,,1,2026-01-27,,1,,,,,,,001Hr000028ZcIC,1516
31155c5f-53ae-4843-a7bc-81305aa68668,"Town Of Lake Park, FL",Florida,Municipality,Town,Ryan Minter,8980,Prospect,Tier 3,0.75,26.8003,-80.0664,,,,,,,,,2,2026-04-23,1,1,,,,,,,001Hr000028ZcIH,1514
cd8328bc-a991-4c02-ba29-1f1afba3e81e,"City Of Avon Park, FL",Florida,Municipality,City,Ryan Minter,9839,Prospect,Tier 3,0.75,27.5959,-81.5062,,,,,,,,,1,2026-02-05,,1,,,,,,,001Hr000028ZcIw,2309
93052ec5-1835-4808-9e5e-c46cca35b9d8,"City Of Lake Alfred, FL",Florida,Municipality,City,Maia Golub,6507,Prospect,Tier 3,0.75,28.092,-81.7234,,,,,,,,,1,2026-02-03,,1,,,,,,,001Hr000028ZcJL,2314
9a3ba9d3-b4bc-4e8f-abbf-e3cc278c93c0,"Town Of Southwest Ranches, FL",Florida,Municipality,Town,Maia Golub,7502,Prospect,Tier 3,0.75,26.0441,-80.3376,,,,,,,,,1,2026-01-28,,1,,,,,,,001Hr000028ZcJN,2492
55c72c44-40b6-4682-8cd3-f2fcb9ed448b,"Town Of Pembroke Park, FL",Florida,Municipality,Town,Ryan Minter,6195,Prospect,Tier 3,0.75,25.9847,-80.1753,Closed Lost,,,Shane Lieberman,4/2/2024,1/5/2025,"$23,001",,8,2026-01-13,6,2,,,,,,,001Hr000028ZcNP,2033
7cfbd23e-e05e-49e9-8ea5-4d1d3e1e45ac,"City Of St Pete Beach, FL",Florida,Municipality,City,Maia Golub,8822,Prospect,Tier 3,0.75,27.7428,-82.7505,,,,,,,,,5,2025-09-30,5,,,,,,,,001Hr000028ZcNc,2029
c3ec3d1b-f99f-436f-ac1d-cb3190f7ced9,"City Of Gulf Breeze, FL",Florida,Municipality,City,Ryan Minter,6501,Prospect,Tier 3,0.75,30.3571,-87.1639,Open,Initial Interest,Top of Funnel,Jenny Allison,,10/26/2025,,,8,2025-12-11,1,,,,7,,,,001Hr000028ZcNd,2303
0386c6dc-608d-42db-91c6-b21986448963,"City Of Defuniak Springs, FL",Florida,Municipality,City,Maia Golub,6283,Prospect,Tier 3,0.75,30.721,-86.1152,,,,,,,,,4,2025-10-24,4,,,,,,,,001Hr000028ZcQS,2302
2f719810-ef92-46ee-9c3b-30097e11e279,"Town Of Lauderdale By The Sea, FL",Florida,Municipality,Town,Ryan Minter,6106,Prospect,Tier 3,0.75,26.192,-80.0964,Open,Proposal,Mid Funnel,Ryan Minter,2/5/2026,1/13/2026,"$12,000",Yes,8,2026-01-13,6,2,,,,,,,001Hr000028ZcUa,2493
6fd3ab5c-9f1f-49ab-9254-302035e43c19,"City Of Okeechobee, FL",Florida,Municipality,City,Maia Golub,5347,Prospect,Tier 3,0.75,27.2439,-80.8298,,,,,,,,,4,2026-02-19,,4,,,,,,,001Hr000028ZcVW,2313
0c2b918c-a49d-468d-a29f-f217397e8861,"City Of Quincy, FL",Florida,Municipality,City,Ryan Minter,8004,Prospect,Tier 3,0.75,30.588,-84.5911,Closed Lost,,,Asher Rosenfeld,,1/5/2025,,,1,2025-09-23,1,,,,,,,,001Hr000028ZcWY,2300
1b7a2227-202d-4f51-8a95-a30935fe63e1,"City Of La Belle, FL",Florida,Municipality,City,Maia Golub,4974,Prospect,Tier 3,0.75,26.7617,-81.4384,Closed Lost,,,Ryan Minter,2/9/2026,1/27/2026,,,8,2026-02-18,1,7,,,,,,,001Hr000028ZcWn,2312
7de6f6d8-85a0-4937-872d-525bab985b43,"City Of Clewiston, FL",Florida,Municipality,City,Ryan Minter,7496,Customer,Tier 3,0.75,26.7542,-80.9337,Closed Won,,,Joe del Rosario,,3/7/2025,"$24,000",,,,,,,,,,,,001Hr000028ZcWx,2315
40f9bae1-9bb5-4106-ba12-1dd705843e3c,"City Of St Augustine Beach, FL",Florida,Municipality,City,Ryan Minter,6979,Prospect,Tier 3,0.75,29.8446,-81.2674,Open,Initial Interest,Top of Funnel,Ryan Minter,,3/20/2026,,,3,2026-04-22,1,2,,,,,,,001Hr000028ZcWy,2361
b3b91ff5-5a4a-4411-8f7a-cd4fd1245f01,"City Of Starke, FL",Florida,Municipality,City,Ryan Minter,5822,Prospect,Tier 3,0.75,29.9441,-82.1098,,,,,,,,,3,2026-04-28,1,,,,2,,,,001Hr000028ZcXl,2360
27092646-3c85-42af-ad8a-5fa0671e72b5,"Town Of Longboat Key, FL",Florida,Municipality,Town,Maia Golub,7463,Prospect,Tier 3,0.75,27.4125,-82.659,,,,,,,,,5,2026-02-17,,5,,,,,,,001Hr000028ZcYy,2472
77288835-c4b1-4c9c-9ede-0ea7ce6be516,"City Of Macclenny, FL",Florida,Municipality,City,Maia Golub,7554,Prospect,Tier 3,0.75,30.2822,-82.1221,,,,,,,,,8,2026-04-14,,8,,,,,,,001Hr000028ZdDQ,672
9d7f1746-0a41-4c40-860d-8f66e7a914d3,"City Of High Springs, FL",Florida,Municipality,City,Ryan Minter,6415,Prospect,Tier 3,0.75,29.8269,-82.5968,,,,,,,,,1,2025-07-01,1,,,,,,,,001Hr000028ZdZl,670
48cb7f70-ef6e-46d8-98b2-e662516fb831,"City of Saint Cloud, FL",Florida,Municipality,City,Ryan Minter,0,Prospect,Tier 3,0.75,28.2489,-81.2813,,,,,,,,,8,2026-05-18,1,7,,,,,,,001cv00000AuaOW,11502
4910b098-d3f4-4def-b4c4-c1e62f5acd6a,"City Of Newberry, FL",Florida,Municipality,City,Ryan Minter,7662,Prospect,Tier 3,0.75,29.6464,-82.6065,Open,Initial Interest,Top of Funnel,Ryan Minter,,2/17/2026,,,7,2026-02-19,,7,,,,,,,001Hr000028Zdsc,671
9aac9620-4a82-421f-92c2-9eb2bee84cbf,"City Of Springfield, FL",Florida,Municipality,City,Maia Golub,8025,Prospect,Tier 3,0.75,30.1533,-85.6113,,,,,,,,,2,2025-08-20,2,,,,,,,,001Hr000028Zdvo,676
be782fe8-b678-43a8-87a4-7e44735e046a,"City Of Eagle Lake, FL",Florida,Municipality,City,Maia Golub,3174,Prospect,Tier 3,0.75,27.9784,-81.7565,,,,,,,,,5,2026-01-26,1,4,,,,,,,001cv000007qTLT,12777
5d1a4133-d20a-4317-9098-c6b5219d94e9,"Town Of Ponce Inlet, FL",Florida,Municipality,Town,Ryan Minter,3411,Prospect,Tier 3,0.75,29.0964,-80.937,,,,,,,,,2,2026-02-17,1,1,,,,,,,001cv000007qYwA,12778
32246c8e-a674-4867-9d8a-d5da54d96d92,"City Of Atlantis, FL",Florida,Municipality,City,Maia Golub,2136,Prospect,Tier 3,0.75,26.5909,-80.1009,,,,,,,,,1,2026-02-17,,1,,,,,,,001cv000007r6st,12781
43f6cfdd-a3d2-4a9e-bd15-42a57e7eb9e5,"Town Of Redington Shores, FL",Florida,Municipality,Town,Maia Golub,2163,Prospect,Tier 3,0.75,27.8261,-82.829,,,,,,,,,4,2025-05-27,4,,,,,,,,001cv00000A7Gn4,12838
eb81f1ce-a317-4a0c-99e4-026d2a30cbc9,"Town Of Sewalls Point, FL",Florida,Municipality,Town,Maia Golub,2026,Prospect,Tier 3,0.75,27.1995,-80.2023,,,,,,,,,1,2025-07-08,1,,,,,,,,001cv00000AuWOz,12998
32c081d4-ae8a-4f20-b96b-569e8e73de18,"City Of Oak Hill, FL",Florida,Municipality,City,Maia Golub,2043,Prospect,Tier 3,0.75,28.8644,-80.8545,,,,,,,,,9,2026-02-04,,9,,,,,,,001cv00000AuWQL,13020
61cd8934-1742-495a-8837-aebc2c43f4c8,"City Of Trenton, FL",Florida,Municipality,City,Ryan Minter,2070,Prospect,Tier 3,0.75,29.6133,-82.8176,Open,Meeting Booked,Top of Funnel,Joe del Rosario,7/23/2025,7/15/2025,,,10,2026-01-13,7,3,,,,,,,001cv00000AuWYE,13262
6ea427b6-b482-4f7e-b16f-d8cdbb1dc931,"Town Of Mangonia Park, FL",Florida,Municipality,Town,Ryan Minter,2131,Prospect,Tier 3,0.75,26.7603,-80.0737,Open,Initial Interest,Top of Funnel,Ryan Minter,2/10/2026,1/26/2026,,,7,2026-02-24,,7,,,,,,,001cv00000AuWbS,13087
e2265470-7fed-4f71-b7b3-f86846125afd,"City Of Graceville, FL",Florida,Municipality,City,Ryan Minter,2171,Prospect,Tier 3,0.75,30.9568,-85.5166,,,,,,,,,,,,,,,,,,,001cv00000AuWk9,13311
229f74ed-a40a-4515-bdc9-a138141e9681,"Town Of Haverhill, FL",Florida,Municipality,Town,Ryan Minter,2182,Prospect,Tier 3,0.75,26.6912,-80.12,,,,,,,,,,,,,,,,,,,001cv00000AuWpU,13445
efcc487f-e814-4686-9165-588b50ed9488,"City Of Westlake, FL",Florida,Municipality,City,Maia Golub,2182,Prospect,Tier 3,0.75,26.747,-80.3077,,,,,,,,,2,2025-09-04,2,,,,,,,,001cv00000AuWpV,13502
8e7cfeae-6464-4eaa-b66c-97865adc6e08,"City Of Wewahitchka, FL",Florida,Municipality,City,Ryan Minter,2220,Prospect,Tier 3,0.75,30.1127,-85.2005,,,,,,,,,1,2025-08-26,1,,,,,,,,001cv00000AuWrN,13605
b9116543-91eb-4d1e-bfb5-3c8b968a2816,"City Of Belleair Bluffs, FL",Florida,Municipality,City,Maia Golub,2303,Prospect,Tier 3,0.75,27.9214,-82.817,,,,,,,,,3,2025-09-04,3,,,,,,,,001cv00000AuWyc,13608
1ad72585-135f-4682-a175-532b6b68500b,"City Of Blountstown, FL",Florida,Municipality,City,Maia Golub,2258,Prospect,Tier 3,0.75,30.4435,-85.0452,,,,,,,,,,,,,,,,,,,001cv00000AuX5u,13701
77af6b58-cfc9-4876-835a-f6917f443928,"Town Of Eatonville, FL",Florida,Municipality,Town,Maia Golub,2282,Prospect,Tier 3,0.75,28.6183,-81.3859,,,,,,,,,1,2025-09-02,1,,,,,,,,001cv00000AuX77,13693
398ac6a3-2df7-48ec-be1b-612c1c7e4aa2,"City Of Apalachicola, FL",Florida,Municipality,City,Ryan Minter,2286,Prospect,Tier 3,0.75,29.7258,-84.9832,,,,,,,,,13,2025-10-06,13,,,,,,,,001cv00000AuX7J,13838
762c0319-6df9-49e4-94dc-1e59e0eed373,"Village Of Virginia Gardens, FL",Florida,Municipality,Village,Ryan Minter,2298,Prospect,Tier 3,0.75,25.8104,-80.3023,,,,,,,,,1,2025-09-04,1,,,,,,,,001cv00000AuX7s,13735
604c2262-3e6c-4595-a502-354188ed2ef8,"City Of Chiefland, FL",Florida,Municipality,City,Maia Golub,2351,Prospect,Tier 3,0.75,29.4877,-82.86,,,,,,,,,3,2026-01-27,,3,,,,,,,001cv00000AuXAC,13900
25b2fbd7-0f02-4f0d-869d-b53bb30b3ebe,"City Of Bowling Green, FL",Florida,Municipality,City,Ryan Minter,2469,Prospect,Tier 3,0.75,27.6384,-81.824,,,,,,,,,1,2025-09-03,1,,,,,,,,001cv00000AuXNV,14005
413c60f4-92e0-43cc-97dc-84c0deadfa52,"City Of Monticello, FL",Florida,Municipality,City,Ryan Minter,2569,Prospect,Tier 3,0.75,30.5452,-83.8702,,,,,,,,,4,2025-09-05,4,,,,,,,,001cv00000AuXUq,14321
9184b94e-31bc-4ef3-8ff3-9c428e04c455,"Town Of Hypoluxo, FL",Florida,Municipality,Town,Maia Golub,2732,Prospect,Tier 3,0.75,26.5665,-80.0534,,,,,,,,,1,2025-09-23,1,,,,,,,,001cv00000AuXfq,14415
f8ee8d77-caca-4455-9ad3-a170dea01c6a,"City Of Bonifay, FL",Florida,Municipality,City,Ryan Minter,2784,Prospect,Tier 3,0.75,30.7881,-85.6798,,,,,,,,,1,2025-08-26,1,,,,,,,,001cv00000AuXhw,14515
845dd302-140e-48e3-aa4b-c75e565ae87d,"City Of Carrabelle, FL",Florida,Municipality,City,Maia Golub,2861,Prospect,Tier 3,0.75,29.8533,-84.6643,,,,,,,,,,,,,,,,,,,001cv00000AuXkj,14739
81f92c03-e797-4ba1-8435-c4bf96eedcb6,"City Of Lake Helen, FL",Florida,Municipality,City,Ryan Minter,2863,Prospect,Tier 3,0.75,28.9808,-81.2334,Open,Initial Interest,Top of Funnel,Ryan Minter,,3/20/2026,,,4,2026-04-06,1,3,,,,,,,001cv00000AuXl7,14840
992a57a6-7d39-4509-85af-8077d1a7f540,"City Of Madison, FL",Florida,Municipality,City,Ryan Minter,2947,Prospect,Tier 3,0.75,30.4694,-83.4129,,,,,,,,,,,,,,,,,,,001cv00000AuXnR,14917
876499cb-4c4a-46a4-842a-9d1633511a83,"Town Of Polk City, FL",Florida,Municipality,City,Maia Golub,2954,Prospect,Tier 3,0.75,28.1825,-81.824,,,,,,,,,3,2025-09-02,3,,,,,,,,001cv00000AuXnf,14862
6f3fa9b7-8ffa-4a83-8b92-ca1f82068f52,"Town Of Hilliard, FL",Florida,Municipality,Town,Ryan Minter,2976,Prospect,Tier 3,0.75,30.6911,-81.9173,Open,Meeting Booked,Top of Funnel,Ryan Minter,4/27/2026,3/20/2026,,,10,2026-04-27,6,4,,,,,,,001cv00000AuY16,15070
4f3719df-84c5-4b32-808c-67e3000cc76f,"City Of Crystal River, FL",Florida,Municipality,City,Ryan Minter,3402,Prospect,Tier 3,0.75,28.8998,-82.5953,,,,,,,,,,,,,,,,,,,001cv00000AuY62,15737
919e582d-14ee-4d46-b796-d02ce6fec4b7,"City Of Frostproof, FL",Florida,Municipality,City,Ryan Minter,2993,Prospect,Tier 3,0.75,27.7459,-81.5306,,,,,,,,,3,2025-09-05,3,,,,,,,,001cv00000AuYEX,15353
c7a44d23-80ba-4ceb-a4d5-56c215871419,"Town Of Windermere, FL",Florida,Municipality,Town,Maia Golub,3003,Prospect,Tier 3,0.75,28.4956,-81.5348,,,,,,,,,1,2025-08-26,1,,,,,,,,001cv00000AuYF0,15030
801b7cf4-005c-4e4f-8965-d158e5f8a943,"Village Of Bal Harbour, FL",Florida,Municipality,Village,Ryan Minter,3008,Prospect,Tier 3,0.75,25.8918,-80.127,,,,,,,,,5,2026-02-26,,5,,,,,,,001cv00000AuYFB,14965
e39c4eba-3b69-4368-9f7b-b521003831d9,"Town Of Malabar, FL",Florida,Municipality,Town,Ryan Minter,3018,Prospect,Tier 3,0.75,28.0036,-80.5656,,,,,,,,,4,2025-09-05,4,,,,,,,,001cv00000AuYFO,14892
2cd50b4f-9347-429f-8d0b-159a06f8fa3d,"City Of Bushnell, FL",Florida,Municipality,City,Maia Golub,3027,Prospect,Tier 3,0.75,28.665,-82.1129,,,,,,,,,,,,,,,,,,,001cv00000AuYFb,14962
3f272504-174d-4541-a514-a6fe073a7ca2,"Village Of Biscayne Park, FL",Florida,Municipality,Village,Maia Golub,3036,Prospect,Tier 3,0.75,25.8826,-80.1806,,,,,,,,,4,2025-08-27,4,,,,,,,,001cv00000AuYFu,15025
93323757-c907-4673-85af-85e06be5f0fb,"City Of Holmes Beach, FL",Florida,Municipality,City,Ryan Minter,3041,Prospect,Tier 3,0.75,27.4953,-82.7109,,,,,,,,,10,2025-09-23,10,,,,,,,,001cv00000AuYG4,15018
a4cc68a6-cfc8-4634-b5b1-773274547f36,"City Of Indialantic, FL",Florida,Municipality,City,Maia Golub,3048,Prospect,Tier 3,0.75,28.0895,-80.5656,,,,,,,,,8,2026-02-26,5,3,,,,,,,001cv00000AuYGI,15048
0383b813-a553-4a0a-9f03-83a7b9c2040f,"City Of Williston, FL",Florida,Municipality,City,Ryan Minter,3064,Prospect,Tier 3,0.75,29.3875,-82.4468,,,,,,,,,,,,,,,,,,,001cv00000AuYGp,15078
5c50e7ba-5353-4789-be16-c1dfd61aba00,"City Of Chattahoochee, FL",Florida,Municipality,City,Maia Golub,3327,Prospect,Tier 3,0.75,30.7052,-84.843,,,,,,,,,9,2025-07-28,9,,,,,,,,001cv00000AuYIS,15715
58124fc2-efe6-4f2d-9e09-55c50e0ce3aa,"Town Of Loxahatchee Groves, FL",Florida,Municipality,Town,Maia Golub,3397,Prospect,Tier 3,0.75,26.7065,-80.2657,,,,,,,,,1,2025-10-21,1,,,,,,,,001cv00000AuYKF,15934
508183f7-6567-410e-b66a-777f0741bb2a,"City Of Midway, FL",Florida,Municipality,City,Maia Golub,3434,Prospect,Tier 3,0.75,30.4945,-84.4544,,,,,,,,,1,2025-08-21,1,,,,,,,,001cv00000AuYLV,15883
18711599-5301-4d62-8001-08daf4bacc83,"City Of Bunnell, FL",Florida,Municipality,City,Ryan Minter,3438,Prospect,Tier 3,0.75,29.4661,-81.2578,Open,Proposal,Mid Funnel,Granger West,6/18/2025,6/5/2025,"$26,000",,2,2025-06-11,,,,,,,,2,001cv00000AuYLZ,15909
ed96933e-ea43-4186-a6ce-f39adb16c9db,"Town Of Oakland, FL",Florida,Municipality,Town,Maia Golub,3499,Prospect,Tier 3,0.75,28.5552,-81.6281,,,,,,,,,1,2025-08-26,1,,,,,,,,001cv00000AuYMs,15435
88b602dd-87a1-4d08-affe-c34c27f81f0d,"City Of Port Richey, FL",Florida,Municipality,City,Ryan Minter,3209,Prospect,Tier 3,0.75,28.2717,-82.7195,,,,,,,,,10,2026-05-06,9,1,,,,,,,001cv00000AuYOQ,15426
9fd02002-73db-4b5f-9cf4-8e81a34e3a18,"Town Of Melbourne Beach, FL",Florida,Municipality,Town,Ryan Minter,3235,Prospect,Tier 3,0.75,28.0683,-80.5603,,,,,,,,,1,2025-08-08,1,,,,,,,,001cv00000AuYOx,15403
c9f52c0a-89c9-435b-9128-ae8fe6c38077,"Town Of Lake Clarke Shores, FL",Florida,Municipality,Town,Ryan Minter,3550,Prospect,Tier 3,0.75,26.6453,-80.0759,,,,,,,,,2,2025-08-27,2,,,,,,,,001cv00000AuYRP,15502
80cec10d-c69c-4730-83a6-43feb19d8d24,"City Of Port St Joe, FL",Florida,Municipality,City,Maia Golub,3585,Prospect,Tier 3,0.75,29.8119,-85.303,,,,,,,,,1,2025-08-21,1,,,,,,,,001cv00000AuYSB,15579
664de5fa-238d-4524-ba59-a36e56871d5e,"City Of Jasper, FL",Florida,Municipality,City,Ryan Minter,3661,Prospect,Tier 3,0.75,30.5183,-82.9482,,,,,,,,,5,2025-08-25,5,,,,,,,,001cv00000AuYdb,16291
9362ac3f-db96-43c8-950e-8bbf2baed4fd,"City Of Indian Rocks Beach, FL",Florida,Municipality,City,Maia Golub,3662,Prospect,Tier 3,0.75,27.896,-82.8466,,,,,,,,,4,2025-09-02,4,,,,,,,,001cv00000AuYdg,16429
41bc6a5d-beea-4d12-8510-17db482e3cd2,"City Of Chipley, FL",Florida,Municipality,City,Ryan Minter,3664,Prospect,Tier 3,0.75,30.7819,-85.5385,,,,,,,,,5,2026-02-04,,5,,,,,,,001cv00000AuYdn,16261
665c5d46-0926-43a3-b12a-e250cf27a8ea,"City Of Madeira Beach, FL",Florida,Municipality,City,Maia Golub,3880,Prospect,Tier 3,0.75,27.7981,-82.7973,,,,,,,,,1,2025-07-08,1,,,,,,,,001cv00000AuYhA,16138
8d075a5f-6182-4ac9-bf1b-e61ad969a01b,"City Of Mary Esther, FL",Florida,Municipality,City,Ryan Minter,3994,Customer,Tier 3,0.75,30.4099,-86.663,Closed Won,,,Joe del Rosario,8/27/2025,8/21/2025,"$21,000",,2,2025-08-27,2,,,,,,,,001cv00000AuYlV,16628
6f300760-bd4e-4f10-a3ce-92c1c05adcfb,"City Of Mulberry, FL",Florida,Municipality,City,Maia Golub,4002,Prospect,Tier 3,0.75,27.8953,-81.9734,,,,,,,,,2,2025-08-22,2,,,,,,,,001cv00000AuYll,16662
a4ee8de1-6d6a-4866-b1ea-3a9fc5131b97,"City Of Umatilla, FL",Florida,Municipality,City,Maia Golub,3709,Prospect,Tier 3,0.75,28.9294,-81.6656,,,,,,,,,4,2025-09-02,4,,,,,,,,001cv00000AuYro,16473
9e393264-a09c-4ef2-9aa0-d7f10e1975da,"Town Of Juno Beach, FL",Florida,Municipality,Town,Ryan Minter,3770,Prospect,Tier 3,0.75,26.8798,-80.0534,,,,,,,,,3,2025-08-26,3,,,,,,,,001cv00000AuYsx,16482
e3fbaf1c-aec7-4a14-96a1-de04c397620e,"Town Of Highland Beach, FL",Florida,Municipality,Town,Maia Golub,4277,Prospect,Tier 3,0.75,26.3995,-80.0656,,,,,,,,,11,2025-10-10,11,,,,,,,,001cv00000AuYui,16756
2f27d4f6-be0b-4f9a-93fb-75fc9fa91f9e,"Town Of Belleair, FL",Florida,Municipality,Town,Ryan Minter,4311,Prospect,Tier 3,0.75,27.9359,-82.8062,,,,,,,,,1,2025-08-25,1,,,,,,,,001cv00000AuYvF,16673
f7745550-fe9a-473c-8279-ef6b9971c197,"City Of Indian River Shores, FL",Florida,Municipality,City,Ryan Minter,4338,Prospect,Tier 3,0.75,27.7167,-80.3842,,,,,,,,,5,2025-08-28,5,,,,,,,,001cv00000AuYvl,16910
f59cb3bb-cbc9-4f31-a9fc-744f5bb16fab,"City Of Parker, FL",Florida,Municipality,City,Ryan Minter,4499,Prospect,Tier 3,0.75,30.131,-85.6033,,,,,,,,,1,2025-08-25,1,,,,,,,,001cv00000AuYz4,20105
6d77cefc-02e1-4c61-b209-425ef96ec6b9,"Village Of Indiantown, FL",Florida,Municipality,Village,Maia Golub,6646,Prospect,Tier 3,0.75,27.0273,-80.4856,Closed Lost,,,Ryan Minter,2/10/2026,1/27/2026,,,4,2026-02-19,,4,,,,,,,001cv00000AuZCM,17262
1e58ee52-3306-45bd-a124-302e5584e58f,"City Of Freeport, FL",Florida,Municipality,City,Ryan Minter,6283,Prospect,Tier 3,0.75,30.4983,-86.1361,,,,,,,,,6,2025-07-29,6,,,,,,,,001cv00000AuZIH,17261
bc708a5f-7e7c-40fb-a859-6ae7ffa0a9f1,"Town Of Dundee, FL",Florida,Municipality,Town,Ryan Minter,5616,Prospect,Tier 3,0.75,28.0225,-81.6192,Open,Meeting Booked,Top of Funnel,Joe del Rosario,9/4/2025,8/22/2025,,,17,2026-01-13,14,3,,,,,,,001cv00000AuZK1,17383
18d32f8f-2b6e-4f50-ba52-45fb40b6f55e,"City Of Wauchula, FL",Florida,Municipality,City,Ryan Minter,4978,Prospect,Tier 3,0.75,27.5473,-81.8115,,,,,,,,,1,2025-07-16,1,,,,,,,,001cv00000AuZS3,17695
17f36d3c-c9ad-474a-911e-db2e6e5b09c0,"City Of Daytona Beach Shores, FL",Florida,Municipality,City,Ryan Minter,5223,Prospect,Tier 3,0.75,29.1761,-80.9828,,,,,,,,,8,2025-07-23,8,,,,,,,,001cv00000AuZTo,17578
e94a50a0-1b57-4b4f-8472-99190b1cfb5e,"Town Of Lake Placid, FL",Florida,Municipality,Town,Ryan Minter,2424,Prospect,Tier 3,0.75,27.2931,-81.3628,,,,,,,,,1,2025-08-28,1,,,,,,,,001cv00000B21rM,20398
29548b06-7fe8-4891-865f-1574854d48c7,"City Of Edgewood, FL",Florida,Municipality,City,Maia Golub,2666,Prospect,Tier 3,0.75,28.4868,-81.3713,,,,,,,,,3,2025-09-02,3,,,,,,,,001cv00000B21y9,20451
,"Town of Jupiter Island, FL",Florida,Municipality,Town,Ryan Minter,830,Prospect,Tier 3,0.75,27.0314,-80.1014,,,,,,,,,1,2026-04-28,,,,,1,,,,,21033
fd86abff-710b-481d-a105-0e8e20176b80,"City of Dunnellon, FL",Florida,Municipality,City,Ryan Minter,2043,Prospect,Tier 3,0.75,29.0491,-82.4609,,,,,,,,,1,2026-04-21,,1,,,,,,,001cv00000bBWQy,22215
725bff10-b830-448b-882a-f5ee3250ec85,"County Of Liberty, FL",Florida,County,County,Ryan Minter,7900,Prospect,Tier 3,0.75,30.1508,-84.8568,,,,,,,,,9,2026-04-15,6,3,,,,,,,001cv00000AuZVS,17632
c6630475-2199-4d22-b29b-9e63ba657493,"County Of Lafayette, FL",Florida,County,County,Maia Golub,8382,Prospect,Tier 3,0.75,30.03,-83.2078,,,,,,,,,3,2026-04-22,1,2,,,,,,,001cv00000AuZXk,17812
