Account ID,Account Name,State,Entity Type,Muni Type,Owner,Population,Account Classification,Tier,SQO Points,Lat,Lng,Opp Status,Stage,Funnel Position,Sourced By,Discovery Call Date,Created Date,ARR,Previously Lost,Total Calls,Last Call Date,Calls - Emily Murnane,Calls - Leila Assil,Calls - Ryan Minter,Calls - Nick Martino,Calls - Jenny Allison,Salesforce ID,Outreach ID
38a9447b-0c80-48b0-8645-eca0d877d5a3,"City Of Talladega, AL",Alabama,Municipality,,Maia Golub,15621,,Tier 2,1.0,33.4359,-86.1058,Closed Lost,,,Granger West,5/14/2025,1/30/2025,"$30,000",,2,2025-12-22,2,,,,,001Hr000028ZbsN,5155
1270c1cb-2040-4818-8a3f-ebe36e60126d,"City Of Daleville, AL",Alabama,Municipality,,Maia Golub,4862,,Tier 3,0.75,31.3102,-85.713,,,,,,,,,8,2025-07-18,,8,,,,001Hr000028Zbuh,3485
7fe906ed-3966-4cd7-9f7d-ae5a39ae6599,"City Of Smiths Station, AL",Alabama,Municipality,,Maia Golub,5381,,Tier 3,0.75,32.5394,-85.1,Closed Lost,,,Asher Rosenfeld,,1/5/2025,,,10,2025-12-17,10,,,,,001Hr000028Zbv0,3686
96e4aa4e-84a9-4537-81fc-e89cbba80118,"City Of Troy, AL",Alabama,Municipality,,Maia Golub,17609,,Tier 2,1.0,31.8088,-85.97,,,,,,,,,4,2025-10-16,4,,,,,001Hr000028ZbxW,5291
4a5dace5-db70-4461-a2ef-60974b1662c9,"City Of Homewood, AL",Alabama,Municipality,,Maia Golub,26054,,Tier 1,1.5,33.4718,-86.8008,,,,,,,,,3,2026-04-01,1,,2,,,001Hr000028Zby6,5703
82876d49-0b18-4e34-82da-949ade682610,"City Of Attalla, AL",Alabama,Municipality,,Maia Golub,5839,,Tier 3,0.75,34.0218,-86.0886,Closed Lost,,,Shane Lieberman,4/1/2024,1/5/2025,,,1,2025-10-31,1,,,,,001Hr000028Zc2R,3723
bb2480e7-edbe-4f60-acea-95301a09f145,"City Of Madison, AL",Alabama,Municipality,,Maia Golub,58357,,Tier S,2.0,34.6993,-86.7483,,,,,,,,,4,2026-03-20,4,,,,,001Hr000028Zc6j,11770
63c01815-bbaa-4f72-97fb-c72a4b7066f9,"City Of Southside, AL",Alabama,Municipality,,Maia Golub,9465,,Tier 3,0.75,33.9245,-86.0225,Open,Initial Interest,Top of Funnel,Leila Assil,,9/4/2025,,,5,2026-04-15,3,2,,,,001Hr000028Zc8D,4448
901698bd-72d7-4822-be9b-2fd3152fb1e5,"City Of Brewton, AL",Alabama,Municipality,,Maia Golub,5261,,Tier 3,0.75,31.1052,-87.0722,Closed Lost,,,Asher Rosenfeld,,1/5/2025,,,11,2025-11-19,10,1,,,,001Hr000028ZcAK,3511
113eee43-56bf-4610-acf8-3a67a2d4c798,"City Of Tuskegee, AL",Alabama,Municipality,,Maia Golub,8870,,Tier 3,0.75,32.4302,-85.7077,Open,Initial Interest,Top of Funnel,Nick Martino,,11/26/2025,,,62,2026-03-27,,,,62,,001Hr000028ZcAg,4428
8315780b-25c8-4d7d-a588-cf3d72d709e3,"City Of Demopolis, AL",Alabama,Municipality,,Maia Golub,7009,,Tier 3,0.75,32.5176,-87.8364,Closed Lost,,,Shane Lieberman,6/20/2024,1/5/2025,,,3,2025-12-01,3,,,,,001Hr000028ZcIz,4000
711b459b-a62d-45bd-a7d0-c8c025b84638,"City Of Semmes, AL",Alabama,Municipality,,Maia Golub,5209,,Tier 3,0.75,30.7787,-88.2589,,,,,,,,,3,2026-05-13,2,,1,,,001Hr000028ZcM8,3673
d014724c-b11f-4f5d-812f-a028801f943d,"City Of Pinson, AL",Alabama,Municipality,,Maia Golub,7183,,Tier 3,0.75,33.689,-86.6833,,,,,,,,,11,2026-04-23,11,,,,,001Hr000028ZcNu,4024
b42d724e-842a-484d-962a-e9c912d8f01b,"City Of Roanoke, AL",Alabama,Municipality,,Maia Golub,5279,,Tier 3,0.75,33.1512,-85.3722,,,,,,,,,1,2026-03-04,1,,,,,001Hr000028ZcOm,3735
a36b5023-2a62-48e6-bcc1-9d4b48e43b50,"City Of Atmore, AL",Alabama,Municipality,,Maia Golub,8542,,Tier 3,0.75,31.0238,-87.4939,,,,,,,,,5,2026-03-06,5,,,,,001Hr000028ZcQo,4349
5417c47e-0600-4ee8-ab44-ff65bb72f227,"City Of Leeds, AL",Alabama,Municipality,,Maia Golub,12271,,Tier 2,1.0,33.5482,-86.5444,Closed Lost,,,Shane Lieberman,3/26/2024,1/5/2025,,,8,2026-04-08,8,,,,,001Hr000028ZcRp,4850
50ce411d-61d1-4084-917b-93408b575e53,"City Of Hartselle, AL",Alabama,Municipality,,Maia Golub,15549,,Tier 2,1.0,34.4434,-86.9353,,,,,,,,,2,2026-04-13,2,,,,,001Hr000028ZcS5,5130
728c9067-588a-4492-8ed4-b178af47adef,"City Of Ozark, AL",Alabama,Municipality,,Maia Golub,14313,,Tier 2,1.0,31.459,-85.6403,Closed Lost,,,Leila Assil,2/7/2025,1/5/2025,,,9,2026-03-04,6,3,,,,001Hr000028ZcTC,5043
58d5b650-cc2d-4133-b808-38db85371c9c,"City Of Vestavia Hills, AL",Alabama,Municipality,,Maia Golub,38801,,Tier 1,1.5,33.4487,-86.7878,,,,,,,,,8,2025-12-29,5,3,,,,001Hr000028ZcVj,6016
a5860e91-7fc0-4631-8bca-74b87f15a3ec,"City Of Sheffield, AL",Alabama,Municipality,,Maia Golub,9337,,Tier 3,0.75,34.7651,-87.6986,Open,Demo,Mid Funnel,Emily Murnane,10/28/2025,7/3/2025,,,16,2025-10-07,,16,,,,001Hr000028ZcW8,4460
e505de02-b834-4eeb-9abd-f72b9d06337f,"City Of Eufaula, AL",Alabama,Municipality,,Maia Golub,12675,,Tier 2,1.0,31.8913,-85.1455,,,,,,,,,3,2025-11-12,3,,,,,001Hr000028ZcWN,4900
b56b1d25-810b-4a07-928a-6642076cdbb0,"City Of Rainbow City, AL",Alabama,Municipality,,Maia Golub,10154,,Tier 2,1.0,33.9548,-86.0419,,,,,,,,,4,2025-12-15,4,,,,,001Hr000028ZcXZ,4584
3fd29a88-d7c8-40db-9063-6edfbbe7e5e2,"City Of Rainsville, AL",Alabama,Municipality,,Maia Golub,5604,,Tier 3,0.75,34.4943,-85.8477,,,,,,,,,,,,,,,,001Hr000028ZcaT,3453
546ac491-c20e-4a85-a327-d4f624c7c3da,"City Of Chickasaw, AL",Alabama,Municipality,,Maia Golub,6395,,Tier 3,0.75,30.7638,-88.0747,,,,,,,,,2,2026-01-05,2,,,,,001Hr000028Zcb1,3669
61a383c1-60ca-4dd3-8289-f351256fe2f4,"City Of Opp, AL",Alabama,Municipality,,Maia Golub,6653,,Tier 3,0.75,31.2827,-86.2555,,,,,,,,,4,2026-03-03,1,3,,,,001Hr000028Zcc9,3859
fe630e43-829c-46fe-93be-ae311f3995d5,"City Of Oxford, AL",Alabama,Municipality,,Maia Golub,22312,,Tier 2,1.0,33.6143,-85.835,,,,,,,,,6,2025-12-22,1,,5,,,001Hr000028ZccV,5526
d1ac9d39-0efd-4c70-92f7-5ab8018ab92a,"City Of Andalusia, AL",Alabama,Municipality,,Maia Golub,8715,,Tier 3,0.75,31.3085,-86.4833,Closed Lost,,,Granger West,5/20/2025,5/6/2025,,,9,2026-03-05,9,,,,,001Hr000028Zccz,4356
a9b12e67-0fa5-4a22-87d6-aae9afab1ee1,"City Of Lincoln, AL",Alabama,Municipality,,Maia Golub,7082,,Tier 3,0.75,33.6132,-86.1183,Open,Proposal,Mid Funnel,Emily Murnane,2/11/2026,1/15/2026,"$18,000",,15,2026-05-15,3,3,,,9,001Hr000028Zcdq,3941
aec10272-7069-47a8-b6ec-521cdf240fb4,"City Of Guntersville, AL",Alabama,Municipality,,Maia Golub,8713,,Tier 3,0.75,34.3581,-86.2947,Open,Initial Interest,Top of Funnel,Emily Murnane,,5/12/2026,,Yes,15,2026-05-15,12,,3,,,001Hr000028Zce5,4323
1d3ceea6-eb15-4d4a-ab6a-6ac0035ef942,"City Of Glencoe, AL",Alabama,Municipality,,Maia Golub,5412,,Tier 3,0.75,33.957,-85.9325,,,,,,,,,1,2026-03-02,1,,,,,001Hr000028Zcec,3486
da1e63ae-fddd-48dc-a4a8-0d3937749c68,"City Of Valley, AL",Alabama,Municipality,,Maia Golub,10513,,Tier 2,1.0,32.8187,-85.1794,Open,Initial Interest,Top of Funnel,Emily Murnane,,2/19/2026,,,24,2026-03-04,12,12,,,,001Hr000028Zcf9,4639
511f302a-9203-4d6d-a728-b0b4a24f99d2,"City Of Tarrant, AL",Alabama,Municipality,,Maia Golub,6005,,Tier 3,0.75,33.5868,-86.7718,Closed Lost,,,Emily Murnane,12/17/2025,12/3/2025,,,8,2025-12-03,2,6,,,,001Hr000028Zcfh,3815
ea206bff-d5b2-4430-a0be-5f0ef7e5bd69,"City Of Monroeville, AL",Alabama,Municipality,,Maia Golub,5841,,Tier 3,0.75,31.5279,-87.3247,,,,,,,,,5,2026-03-10,5,,,,,001Hr000028Zcfv,3678
9b9349ee-caec-4a58-813a-ca3acbd84a29,"City Of Lanett, AL",Alabama,Municipality,,Maia Golub,6773,,Tier 3,0.75,32.8687,-85.1905,Open,Initial Interest,Top of Funnel,Shane Lieberman,4/3/2024,1/5/2025,,,1,2025-12-31,1,,,,,001Hr000028Zcge,3816
c16aa40d-e69b-4ebe-9a56-28ede17b6b4a,"City Of Arab, AL",Alabama,Municipality,,Maia Golub,8498,,Tier 3,0.75,34.3182,-86.4958,Open,Initial Interest,Top of Funnel,Leila Assil,,2/7/2025,,Yes,6,2026-03-03,3,3,,,,001Hr000028Zcgp,4305
4b88f565-66ef-416d-8d71-49d6d93217d5,"City Of Bay Minette, AL",Alabama,Municipality,,Maia Golub,7894,,Tier 3,0.75,30.883,-87.773,,,,,,,,,3,2026-02-24,3,,,,,001Hr000028ZchY,4167
a98bbbc9-a0e7-49f9-a87f-33b4abfc2aa7,"City Of Boaz, AL",Alabama,Municipality,,Maia Golub,10161,,Tier 2,1.0,34.2032,-86.1521,,,,,,,,,7,2026-04-14,7,,,,,001Hr000028ZciV,4583
9cd860aa-d892-4260-9e3e-6d6d8327bfb3,"City Of Satsuma, AL",Alabama,Municipality,,Maia Golub,6785,,Tier 3,0.75,30.8532,-88.0561,,,,,,,,,4,2026-01-13,4,,,,,001Hr000028Zcjh,3801
fc36c7b2-b595-49cd-8e6e-8969d3f9f310,"City Of Clanton, AL",Alabama,Municipality,,Maia Golub,8762,,Tier 3,0.75,32.8387,-86.6294,,,,,,,,,6,2026-03-03,6,,,,,001Hr000028Zcjt,4345
dd9dcff7-d005-4125-916b-b8c053976714,"City Of Pleasant Grove, AL",Alabama,Municipality,,Maia Golub,9495,,Tier 3,0.75,33.4909,-86.9703,,,,,,,,,8,2026-03-06,3,5,,,,001Hr000028Zcju,4515
012e179e-1339-455d-82a3-fbb4eaa1a050,"City Of Montevallo, AL",Alabama,Municipality,,Maia Golub,7255,,Tier 3,0.75,33.1007,-86.8642,Open,Initial Interest,Top of Funnel,Emily Murnane,,3/31/2026,,Yes,4,2026-03-31,4,,,,,001Hr000028ZckC,3944
5f2d2238-5213-49c4-aae1-9c43cb80c2f7,"City Of Oneonta, AL",Alabama,Municipality,,Maia Golub,6805,,Tier 3,0.75,33.9482,-86.4728,Closed Lost,,,Asher Rosenfeld,,1/5/2025,,,10,2025-12-17,10,,,,,001Hr000028ZclE,3892
3308d1db-631b-4723-973c-14b7c2c1cd54,"City Of Robertsdale, AL",Alabama,Municipality,,Maia Golub,6916,,Tier 3,0.75,30.5457,-87.7084,,,,,,,,,5,2026-01-06,3,2,,,,001Hr000028ZclK,3934
61874c8c-e366-46f8-9b21-4cb101251d2e,"City Of Wetumpka, AL",Alabama,Municipality,,Maia Golub,7190,,Tier 3,0.75,32.5437,-86.2119,,,,,,,,,23,2025-08-26,,23,,,,001Hr000028Zcmq,3972
5d8f9014-021d-46ad-913c-e51fec7760e8,"City Of Scottsboro, AL",Alabama,Municipality,,Maia Golub,15640,,Tier 2,1.0,34.6723,-86.0341,,,,,,,,,2,2025-12-18,2,,,,,001Hr000028Zcms,5140
b2f4984d-8e05-48a2-8092-54812fc3436e,"City Of Enterprise, AL",Alabama,Municipality,,Maia Golub,29395,,Tier 1,1.5,31.3152,-85.8552,,,,,,,,,6,2025-12-15,6,,,,,001Hr000028ZcnO,5785
17c1c65f-e4e0-4762-9586-2391c254bbc7,"City Of Orange Beach, AL",Alabama,Municipality,,Maia Golub,8347,,Tier 3,0.75,30.2697,-87.5868,,,,,,,,,4,2026-04-23,3,1,,,,001Hr000028ZcnR,4173
c2a22099-6f42-4eb9-8234-b54a01a5fd9d,"City Of Albertville, AL",Alabama,Municipality,,Maia Golub,22522,,Tier 2,1.0,34.2676,-86.2089,,,,,,,,,7,2025-12-18,2,,5,,,001Hr000028ZcnY,5530
81e29c09-ca46-4afb-bbda-4e3962d698c8,"City Of Greenville, AL",Alabama,Municipality,,Maia Golub,7263,,Tier 3,0.75,31.8296,-86.6178,,,,,,,,,10,2026-04-15,10,,,,,001Hr000028ZcoE,4064
ffaa88fb-12ca-477f-b02b-26808078b979,"City Of Tuscumbia, AL",Alabama,Municipality,,Maia Golub,9068,,Tier 3,0.75,34.7312,-87.7025,Closed Lost,,,Shane Lieberman,5/23/2024,1/5/2025,,,12,2026-01-06,12,,,,,001Hr000028ZcoW,4395
d96b5708-efa9-4206-8e3c-0a6448bd1b5a,"City Of Jasper, AL",Alabama,Municipality,,Maia Golub,14354,,Tier 2,1.0,33.8312,-87.2775,Open,Initial Interest,Top of Funnel,Shane Lieberman,6/26/2024,1/5/2025,,,8,2026-04-24,8,,,,,001Hr000028Zcof,5039
b4cfe361-e07b-44b4-9b18-f1dc9773a7f7,"City Of Fultondale, AL",Alabama,Municipality,,Maia Golub,9789,,Tier 3,0.75,33.6103,-86.7968,Open,Proposal,Mid Funnel,Emily Murnane,1/20/2026,1/8/2026,"$26,000",,8,2026-05-14,3,,,,5,001Hr000028Zcp4,4523
fb9c3ae6-6003-47bc-8160-8c2ba941977a,"City Of Spanish Fort, AL",Alabama,Municipality,,Maia Golub,10392,,Tier 2,1.0,30.6685,-87.9109,Open,Initial Interest,Top of Funnel,Emily Murnane,,11/24/2025,,Yes,7,2026-01-13,7,,,,,001Hr000028ZcqQ,4527
7bbb580a-3e70-4a8d-8dfb-f2cc3e8b688d,"City Of Millbrook, AL",Alabama,Municipality,,Maia Golub,17217,,Tier 2,1.0,32.4799,-86.3619,Closed Lost,,,Leila Assil,6/10/2025,1/5/2025,,,5,2026-03-09,1,4,,,,001Hr000028Zcrd,5221
ce5da2f3-ffe4-438c-81e1-b38653fd0aad,"City Of Mountain Brook, AL",Alabama,Municipality,,Maia Golub,22158,,Tier 2,1.0,33.5009,-86.7522,Open,Initial Interest,Top of Funnel,Asher Rosenfeld,,1/5/2025,,Yes,6,2026-04-15,5,1,,,,001Hr000028Zcsm,5525
3ddcd88d-5511-4428-b420-f5a74735a202,"City Of Center Point, AL",Alabama,Municipality,,Maia Golub,16137,,Tier 2,1.0,33.6457,-86.6836,Closed Lost,,,Asher Rosenfeld,,1/5/2025,,,3,2026-04-24,3,,,,,001Hr000028ZctC,5209
14ffa62a-ce24-4fcb-8e4d-ca4c0ad100de,"City Of Russellville, AL",Alabama,Municipality,,Maia Golub,10789,,Tier 2,1.0,34.5079,-87.7286,,,,,,,,,3,2026-04-10,3,,,,,001Hr000028ZctU,4662
12a96bd7-64fa-4208-bb3a-a6cfe8eb699c,"City Of Jacksonville, AL",Alabama,Municipality,,Maia Golub,13057,,Tier 2,1.0,33.8137,-85.7614,,,,,,,,,11,2025-12-29,8,,3,,,001Hr000028Zctt,4928
e3b1892f-d0aa-4d30-9539-4f20c25a708f,"Town Of Pike Road, AL",Alabama,Municipality,,Maia Golub,11500,,Tier 2,1.0,32.2751,-86.1455,Closed Lost,,,Shane Lieberman,3/28/2024,1/5/2025,,,8,2026-01-29,8,,,,,001Hr000028ZcuQ,4441
d8670f9a-cee5-4f51-a931-2bc9483fc9d6,"City Of Moody, AL",Alabama,Municipality,,Maia Golub,13563,,Tier 2,1.0,33.5909,-86.4908,,,,,,,,,11,2026-01-08,11,,,,,001Hr000028ZcvC,4931
fd1c5c20-b182-4ec7-b7dd-e8e256d6762c,"City Of Opelika, AL",Alabama,Municipality,,Maia Golub,31538,,Tier 1,1.5,32.6454,-85.3783,Open,Sales Qualified,Mid Funnel,Emily Murnane,1/5/2026,11/13/2025,,,11,2026-01-05,11,,,,,001Hr000028ZcvR,5863
0954dfe3-ac81-44e0-bbd2-5a8984e72294,"City Of Helena, AL",Alabama,Municipality,,Maia Golub,21560,,Tier 2,1.0,33.2962,-86.8436,Open,Initial Interest,Top of Funnel,Leila Assil,1/10/2025,1/5/2025,,,30,2026-04-13,15,15,,,,001Hr000028Zcw4,5462
ee8d59bf-0085-4df7-b5a2-78cd9de2a9ca,"City Of Hueytown, AL",Alabama,Municipality,,Maia Golub,16531,,Tier 2,1.0,33.4512,-86.9967,,,,,,,,,4,2026-04-10,4,,,,,001Hr000028ZcwD,5222
51b4c950-2eb9-43f3-a909-ac9fb99db853,"City Of Cullman, AL",Alabama,Municipality,,Maia Golub,18635,,Tier 2,1.0,34.1748,-86.8436,,,,,,,,,3,2025-12-17,3,,,,,001Hr000028ZcwS,5297
3a5db7cc-9946-4d29-a319-d403316c92a5,"City Of Prichard, AL",Alabama,Municipality,,Maia Golub,19097,,Tier 2,1.0,30.7452,-88.0897,Closed Lost,,,Emily Murnane,2/20/2026,2/17/2026,,,16,2026-02-20,14,,2,,,001Hr000028ZcwU,5403
666e8ced-9306-417b-a794-5ae1557b70ce,"City Of Clay, AL",Alabama,Municipality,,Maia Golub,10311,,Tier 2,1.0,33.7026,-86.5997,,,,,,,,,8,2025-12-17,8,,,,,001Hr000028Zcwl,4612
bc70d2ae-4966-4cb4-a44e-adb3c44d7e11,"City Of Sylacauga, AL",Alabama,Municipality,,Maia Golub,12373,,Tier 2,1.0,33.1732,-86.2516,,,,,,,,,17,2026-03-11,2,15,,,,001Hr000028Zcyo,4871
e7041f3b-9335-4db0-a1c8-e3e286c4b792,"City Of Alexander City, AL",Alabama,Municipality,,Maia Golub,14618,,Tier 2,1.0,32.944,-85.9539,,,,,,,,,18,2025-12-26,7,,11,,,001Hr000028Zcyy,5076
30689d48-f3f0-4873-9d65-660c6a819fb0,"City Of Calera, AL",Alabama,Municipality,,Maia Golub,17414,,Tier 2,1.0,33.1029,-86.7536,Open,Initial Interest,Top of Funnel,Ryan Minter,7/18/2025,7/7/2025,,,15,2026-03-31,8,,7,,,001Hr000028Zd0U,5186
2e599104-0a47-416e-a3ad-39fc77b581c3,"City Of Muscle Shoals, AL",Alabama,Municipality,,Maia Golub,16618,,Tier 2,1.0,34.7448,-87.6675,Open,Initial Interest,Top of Funnel,Leila Assil,4/11/2025,1/5/2025,,,9,2026-04-23,7,2,,,,001Hr000028Zd0z,5174
15d2e72c-dad3-4140-860a-81075efe4fb4,"City Of Foley, AL",Alabama,Municipality,,Maia Golub,22063,,Tier 2,1.0,30.4066,-87.6836,,,,,,,,,10,2026-05-15,8,,2,,,001Hr000028Zd1E,5430
f7615c3e-15d1-4668-8266-ab9f23f747c0,"City Of Pell City, AL",Alabama,Municipality,,Maia Golub,13248,,Tier 2,1.0,33.5862,-86.2861,,,,,,,,,16,2026-04-24,16,,,,,001Hr000028Zd1X,4916
f512a678-0ad0-46cd-b801-e65c073b1d9e,"City Of Fort Payne, AL",Alabama,Municipality,,Maia Golub,14834,,Tier 2,1.0,34.4443,-85.7197,,,,,,,,,6,2026-02-05,6,,,,,001Hr000028Zd2u,5073
94d3c97d-d3aa-4112-9890-f07ef848d0df,"City Of Irondale, AL",Alabama,Municipality,,Maia Golub,13518,,Tier 2,1.0,33.5382,-86.7072,,,,,,,,,21,2025-12-23,6,,15,,,001Hr000028Zd33,4961
02872d98-1e6e-4568-b71d-37c7059a1b4a,"City Of Daphne, AL",Alabama,Municipality,,Maia Golub,28777,,Tier 1,1.5,30.6035,-87.9036,,,,,,,,,9,2026-03-09,2,7,,,,001Hr000028Zd39,5738
2ea3f883-2ba3-42ac-beb5-103144c41336,"City Of Alabaster, AL",Alabama,Municipality,,Maia Golub,33676,,Tier 1,1.5,33.2443,-86.8164,,,,,,,,,21,2026-04-15,16,5,,,,001Hr000028Zd3G,5925
ff17561d-9c2d-44d8-bc9d-da7dd98ec28f,"City Of Anniston, AL",Alabama,Municipality,,Maia Golub,21157,,Tier 2,1.0,33.6598,-85.8316,Closed Won,,,Leila Assil,7/9/2025,1/5/2025,"$34,000",,11,2025-09-30,,10,,,1,001Hr000028Zd3u,5493
77dbc8d1-1edc-4ce1-96df-e0d613973e4a,"City Of Gulf Shores, AL",Alabama,Municipality,,Maia Golub,15736,,Tier 2,1.0,30.271,-87.6879,Open,Demo,Mid Funnel,Emily Murnane,11/12/2025,10/22/2025,,,8,2025-11-07,8,,,,,001Hr000028Zd59,5079
19aafc6c-aac3-45be-989b-41347dfedc88,"City Of Chelsea, AL",Alabama,Municipality,,Maia Golub,15653,,Tier 2,1.0,33.3401,-86.6303,,,,,,,,,3,2025-11-19,1,2,,,,001Hr000028Zd5J,5072
b0fc98b0-781d-4384-8fca-695aeae2af89,"City Of Selma, AL",Alabama,Municipality,,Maia Golub,17625,,Tier 2,1.0,32.4074,-87.0211,,,,,,,,,41,2026-04-20,41,,,,,001Hr000028Zd6D,5328
f7f96710-0b1d-4e84-bb54-7569adb2a33a,"City Of Gadsden, AL",Alabama,Municipality,,Maia Golub,33769,,Tier 1,1.5,34.0143,-86.0066,Closed Won,,,Asher Rosenfeld,4/3/2024,1/5/2025,"$39,000",,,,,,,,,001Hr000028Zd6F,5948
4ef865c4-f749-45d3-b450-ee19d943f3d7,"City Of Bessemer, AL",Alabama,Municipality,,Maia Golub,25615,,Tier 1,1.5,33.4018,-86.9544,Open,Initial Interest,Top of Funnel,Nick Martino,,11/26/2025,,,11,2026-01-06,,,,11,,001Hr000028Zd6k,5700
24ea6b43-a25f-425e-a2c8-3c11f091a3f9,"City Of Saraland, AL",Alabama,Municipality,,Maia Golub,16319,,Tier 2,1.0,30.8207,-88.0706,Open,Initial Interest,Top of Funnel,Asher Rosenfeld,,1/5/2025,,,12,2026-05-18,2,3,7,,,001Hr000028Zd6q,5172
1d815bcb-d82e-4543-b7c4-97eb5f74f81d,"City Of Gardendale, AL",Alabama,Municipality,,Maia Golub,16444,,Tier 2,1.0,33.6601,-86.8128,,,,,,,,,25,2025-12-22,25,,,,,001Hr000028Zd6v,5169
54a16e60-4546-4ea7-a71f-4898dd112df4,"City Of Trussville, AL",Alabama,Municipality,,Maia Golub,26388,,Tier 1,1.5,33.6198,-86.6089,Open,Initial Interest,Top of Funnel,Ryan Minter,,7/11/2025,,,9,2026-03-12,3,,6,,,001Hr000028Zd7L,5654
439ec4bf-a435-45ae-bdd6-c731b80d13fe,"City Of Phenix City, AL",Alabama,Municipality,,Maia Golub,38428,,Tier 1,1.5,32.471,-85.0008,Closed Lost,,,Leila Assil,12/18/2024,1/5/2025,"$50,000",,8,2025-12-23,8,,,,,001Hr000028Zd7w,6010
b5090836-008d-4d40-a03c-bbfc6cbfd5f6,"City Of Fairhope, AL",Alabama,Municipality,,Maia Golub,23147,,Tier 2,1.0,30.523,-87.9033,,,,,,,,,7,2026-03-30,7,,,,,001Hr000028ZdBS,5511
d95b2f48-701d-4cd8-ae82-19d5005ff2ea,"City Of Florence, AL",Alabama,Municipality,,Maia Golub,39933,,Tier 1,1.5,34.7998,-87.6773,Open,Proposal,Mid Funnel,Sydney Ireland,4/20/2026,4/13/2026,"$77,000",,13,2026-01-14,13,,,,,001Hr000028ZdBy,6040
903eafc6-d8d7-4e6d-a684-50e4c1b553c9,"City Of Pelham, AL",Alabama,Municipality,,Maia Golub,24688,,Tier 2,1.0,33.2857,-86.81,Closed Lost,,,Shane Lieberman,4/9/2024,1/5/2025,"$38,999",,9,2025-12-29,9,,,,,001Hr000028ZdDI,5611
0c0f6b50-9002-41b2-9a1e-60e9bf446577,"City Of Athens, AL",Alabama,Municipality,,Maia Golub,27027,,Tier 1,1.5,34.8029,-86.9717,Closed Won,,,Leila Assil,3/26/2025,3/6/2025,"$20,000",,,,,,,,,001Hr000028ZdDx,5664
bd466ee8-c306-4211-b1e3-e50a73ca31ed,"City Of Northport, AL",Alabama,Municipality,,Maia Golub,31009,,Tier 1,1.5,33.229,-87.5772,,,,,,,,,35,2026-03-09,13,,22,,,001Hr000028ZdEN,5854
cb29df11-445f-46d0-9305-dbe76208f3bc,"City Of Prattville, AL",Alabama,Municipality,,Maia Golub,38286,,Tier 1,1.5,32.464,-86.4597,,,,,,,,,11,2026-04-06,11,,,,,001Hr000028ZdJk,6005
034ebb45-8078-44ae-b456-88f5a386351b,"City Of Dothan, AL",Alabama,Municipality,,Maia Golub,71175,,Tier S,2.0,31.2234,-85.3893,,,,,,,,,7,2026-04-24,7,,,,,001Hr000028ZdVN,11458
b7e9f4e8-dbab-4755-840b-bddf6a9fa964,"City of Tuscaloosa, AL",Alabama,Municipality,,Maia Golub,111338,,Tier S,2.0,33.2103,-87.5659,Open,Initial Interest,Top of Funnel,Asher Rosenfeld,,1/5/2025,,,6,2026-04-10,6,,,,,001Hr000028ZdbC,11433
af6d52a4-9f80-4bcf-a58d-30be631be6f6,"City Of Hoover, AL",Alabama,Municipality,,Maia Golub,92589,,Tier S,2.0,33.4054,-86.8114,,,,,,,,,29,2026-04-24,29,,,,,001Hr000028Zddc,11429
513a96e6-142a-4ea0-8892-e6ce6d714c8a,"Shelby County, AL",Alabama,County,,Maia Golub,233000,,Tier S,2.0,33.3039,-86.6611,,,,,,,,,6,2025-12-02,5,1,,,,001Hr000028Zddl,12193
d666b48e-99b5-4a21-9851-6864cbb5cfff,"City Of Auburn, AL",Alabama,Municipality,,Maia Golub,78564,,Tier S,2.0,32.6082,-85.4799,Open,Initial Interest,Top of Funnel,Asher Rosenfeld,,1/5/2025,,,14,2026-04-27,14,,,,,001Hr000028ZdeK,11454
d2c50666-2f73-4212-bd5d-9ccbf53e9f87,"City Of Decatur, AL",Alabama,Municipality,,Maia Golub,57804,,Tier S,2.0,34.6059,-86.9833,Closed Lost,,,Emily Murnane,1/13/2026,1/5/2025,,,14,2026-04-14,12,2,,,,001Hr000028Zded,11452
82d6ca24-a82a-4ccc-8b97-e5e5318e80d6,"Calhoun County, AL",Alabama,County,,Maia Golub,,,Tier 3,0.75,33.7702,-85.8077,,,,,,,,,1,2025-05-21,,1,,,,001Hr000028ZdhO,12005
ac289e42-53f3-4f5c-add1-ca8dd92e5ddd,"Russell County, AL",Alabama,County,,Maia Golub,,,Tier 3,0.75,32.3552,-85.1894,,,,,,,,,,,,,,,,001Hr000028ZdmI,11929
2254eae1-2a2b-4ddd-bfb7-251e6de4cc99,"Lee County, AL",Alabama,County,,Maia Golub,183215,,Tier S,2.0,32.5889,-85.3963,,,,,,,,,3,2026-04-21,3,,,,,001Hr000028Zdnz,22430
9d290a87-1990-486f-aaa7-98006b7cc3a6,"Baldwin County, AL",Alabama,County,,Maia Golub,253507,,Tier S,2.0,30.6011,-87.7763,,,,,,,,,,,,,,,,001Hr000028ZdpD,12191
bd16b3c3-2815-46c7-8b9d-7f8a56f9a76c,"Mobile, AL",Alabama,Municipality,,Maia Golub,182595,,Tier S,2.0,30.6954,-88.0399,,,,,,,,,5,2025-12-29,5,,,,,001Hr000028Zdr5,12510
f375e1f6-b264-414c-8bab-b01a587e3f25,"City Of Hanceville, AL",Alabama,Municipality,,Maia Golub,3215,,Tier 3,0.75,34.0607,-86.7675,,,,,,,,,,,,,,,,001cv000006lZN8,12685
c2852d79-cfc1-4cf5-80ca-93f159df1f63,"City of Montgomery, AL",Alabama,Municipality,,Maia Golub,195287,,Tier S,2.0,32.3798,-86.3076,Closed Lost,,,Granger West,5/22/2025,5/6/2025,,,4,2026-03-06,4,,,,,001cv00000AV7CT,12843
d8a721d4-418b-4220-a94c-a0b79d40ba12,"Town Of Coaling, AL",Alabama,Municipality,,Maia Golub,2010,,Tier 3,0.75,33.159,-87.3408,,,,,,,,,,,,,,,,001cv00000AuWO8,12934
6de1d339-880d-4a26-8544-3d6b9dfd6644,"Town Of Elberta, AL",Alabama,Municipality,,Maia Golub,2015,,Tier 3,0.75,30.4144,-87.5978,,,,,,,,,8,2025-10-27,2,6,,,,001cv00000AuWOH,12887
793cf55b-f4d3-4808-93a2-f81946e94642,"Town Of Collinsville, AL",Alabama,Municipality,,Maia Golub,2029,,Tier 3,0.75,34.264,-85.8605,,,,,,,,,3,2025-10-16,2,1,,,,001cv00000AuWPD,13024
9c2a1197-3fc7-4df0-a212-d64b1ec914b6,"Town Of Uniontown, AL",Alabama,Municipality,,Maia Golub,2037,,Tier 3,0.75,32.4495,-87.5144,,,,,,,,,,,,,,,,001cv00000AuWPu,12990
e2d3871f-ecd5-47cb-a1e7-cb3e0d4e0025,"City Of Lipscomb, AL",Alabama,Municipality,,Maia Golub,2049,,Tier 3,0.75,33.4257,-86.9267,,,,,,,,,,,,,,,,001cv00000AuWQh,12908
fe2313fd-64a4-41f4-910b-504f1e98698a,"City Of Brundidge, AL",Alabama,Municipality,,Maia Golub,2070,,Tier 3,0.75,31.7202,-85.8161,,,,,,,,,,,,,,,,001cv00000AuWYD,13317
5e30ca5d-c7ca-4f66-9593-f77b3c18484c,"Town Of Thorsby, AL",Alabama,Municipality,,Maia Golub,2093,,Tier 3,0.75,32.9157,-86.7158,,,,,,,,,4,2026-03-06,4,,,,,001cv00000AuWZP,13394
5770bd8d-500a-4641-b857-afe44a357ffb,"City Of Slocomb, AL",Alabama,Municipality,,Maia Golub,2094,,Tier 3,0.75,31.1082,-85.5944,,,,,,,,,2,2026-01-13,2,,,,,001cv00000AuWZU,13417
fb107525-89e4-4caa-9483-d8a411b171ac,"City Of Aliceville, AL",Alabama,Municipality,,Maia Golub,2123,,Tier 3,0.75,33.1296,-88.1514,,,,,,,,,,,,,,,,001cv00000AuWb3,13163
0b10ccdf-2267-48d9-8128-1883970f5b04,"Town Of Vance, AL",Alabama,Municipality,,Maia Golub,2145,,Tier 3,0.75,33.1743,-87.2336,,,,,,,,,7,2025-07-15,,7,,,,001cv00000AuWcD,13185
e0eb70d8-6dd4-4db1-adad-26757a8250e3,"City Of Guin, AL",Alabama,Municipality,,Maia Golub,2172,,Tier 3,0.75,33.9657,-87.9147,,,,,,,,,,,,,,,,001cv00000AuWkC,13432
621b402c-7ba9-4866-9a78-b83d13d179da,"City Of Bayou La Batre, AL",Alabama,Municipality,,Maia Golub,2182,,Tier 3,0.75,30.407,-88.2607,,,,,,,,,,,,,,,,001cv00000AuWpT,13464
8fb61937-0837-414b-a6d0-626b58acb4e5,"City Of Greensboro, AL",Alabama,Municipality,,Maia Golub,2195,,Tier 3,0.75,32.7046,-87.5958,,,,,,,,,10,2026-03-12,10,,,,,001cv00000AuWqI,13542
e2783f89-12bf-4213-b1cc-30145750dcd6,"Town Of Kinsey, AL",Alabama,Municipality,,Maia Golub,2243,,Tier 3,0.75,31.2991,-85.3444,,,,,,,,,1,2025-07-31,,1,,,,001cv00000AuWvL,13510
c9f5d393-13aa-4264-9e8a-a7d010414db9,"Town Of Ashford, AL",Alabama,Municipality,,Maia Golub,2247,,Tier 3,0.75,31.183,-85.2363,,,,,,,,,,,,,,,,001cv00000AuX5L,13679
3b47c307-2ef5-4561-b7b0-b8bb03280390,"Town Of Riverside, AL",Alabama,Municipality,,Maia Golub,2251,,Tier 3,0.75,33.6055,-86.2035,,,,,,,,,,,,,,,,001cv00000AuX5Z,13695
65cfc076-b7dd-43b7-81fc-50799955bda9,"Town Of Morris, AL",Alabama,Municipality,,Maia Golub,2254,,Tier 3,0.75,33.7482,-86.8086,,,,,,,,,,,,,,,,001cv00000AuX5f,13690
3f234485-6ba2-4436-81e5-eef161448855,"City Of Bridgeport, AL",Alabama,Municipality,,Maia Golub,2257,,Tier 3,0.75,34.9476,-85.7144,,,,,,,,,,,,,,,,001cv00000AuX5o,13711
44889663-4450-4398-9a0a-97d9c0da57e7,"Town Of Midland City, AL",Alabama,Municipality,,Maia Golub,2264,,Tier 3,0.75,31.3191,-85.4938,,,,,,,,,,,,,,,,001cv00000AuX6A,13714
9f4a7fee-73da-44b3-8ebc-260e5d6e3a0b,"City Of East Brewton, AL",Alabama,Municipality,,Maia Golub,2266,,Tier 3,0.75,31.0932,-87.0627,,,,,,,,,1,2025-09-09,,1,,,,001cv00000AuX6G,13667
2571a0af-9940-42e1-a81b-ed1b642e3452,"Town Of Taylor, AL",Alabama,Municipality,,Maia Golub,2268,,Tier 3,0.75,31.1649,-85.4683,,,,,,,,,,,,,,,,001cv00000AuX6P,13710
bafa6d7f-b813-47fd-8a39-520a8d4b16ea,"Town Of Clayton, AL",Alabama,Municipality,,Maia Golub,2273,,Tier 3,0.75,31.8782,-85.4497,,,,,,,,,,,,,,,,001cv00000AuX6e,13777
5bd3b489-0491-4089-9332-2e33ea9e6793,"City Of Dora, AL",Alabama,Municipality,,Maia Golub,2290,,Tier 3,0.75,33.7287,-87.0903,,,,,,,,,,,,,,,,001cv00000AuX7S,13770
35866f36-8ab6-4f32-b659-c426bf1fecc8,"City Of Henagar, AL",Alabama,Municipality,,Maia Golub,2298,,Tier 3,0.75,34.6351,-85.7672,,,,,,,,,,,,,,,,001cv00000AuX7r,13717
fa8b62ff-0d3e-405f-b11a-8c11f0e769c4,"City Of Brighton, AL",Alabama,Municipality,,Maia Golub,2299,,Tier 3,0.75,33.4343,-86.9472,,,,,,,,,1,2025-10-15,1,,,,,001cv00000AuX7t,13848
254c73a1-52ee-439b-b29b-4f29adc5f657,"City Of Ashville, AL",Alabama,Municipality,,Maia Golub,2347,,Tier 3,0.75,33.837,-86.2544,,,,,,,,,4,2025-11-24,4,,,,,001cv00000AuXA5,13922
7b5e897f-ffde-4cae-bdfb-a4bc3bbe44e6,"City Of Abbeville, AL",Alabama,Municipality,,Maia Golub,2379,,Tier 3,0.75,31.5718,-85.2505,,,,,,,,,,,,,,,,001cv00000AuXBG,13942
d4326cf5-4742-47eb-ae0b-b9694e3409fb,"Town Of Brookwood, AL",Alabama,Municipality,,Maia Golub,2473,,Tier 3,0.75,33.2557,-87.3208,,,,,,,,,,,,,,,,001cv00000AuXNg,14037
238ea9de-52c8-41fe-877f-c94576878c61,"City Of Lineville, AL",Alabama,Municipality,,Maia Golub,2474,,Tier 3,0.75,33.3107,-85.7544,,,,,,,,,,,,,,,,001cv00000AuXNj,14133
7ac62fbb-ba00-4070-ac10-b1f6b845c5d6,"City Of Indian Springs Village, AL",Alabama,Municipality,,Maia Golub,2491,,Tier 3,0.75,33.3595,-86.7492,,,,,,,,,6,2025-09-18,,6,,,,001cv00000AuXOZ,14033
07985fb7-51cb-4601-8386-35f60002a668,"Town Of Trinity, AL",Alabama,Municipality,,Maia Golub,2542,,Tier 3,0.75,34.6068,-87.0883,,,,,,,,,,,,,,,,001cv00000AuXTu,14236
475aa4e4-093a-423f-97a3-9ec843b3acd0,"Town Of Good Hope, AL",Alabama,Municipality,,Maia Golub,2548,,Tier 3,0.75,34.1172,-86.8622,,,,,,,,,1,2025-11-12,1,,,,,001cv00000AuXU5,14418
59d9b251-cabf-427f-9861-b66d66133064,"City Of Lafayette, AL",Alabama,Municipality,,Maia Golub,2588,,Tier 3,0.75,32.8998,-85.4012,,,,,,,,,,,,,,,,001cv00000AuXVe,14435
4976667e-cd02-48cf-aff0-61c6839c797f,"City Of Centreville, AL",Alabama,Municipality,,Maia Golub,2792,,Tier 3,0.75,32.9446,-87.1386,,,,,,,,,,,,,,,,001cv00000AuXiK,14548
c05d4931-fa19-4c8f-a2d2-3582dda99006,"Town Of Eutaw, AL",Alabama,Municipality,,Maia Golub,2859,,Tier 3,0.75,32.8407,-87.8875,,,,,,,,,,,,,,,,001cv00000AuXkd,14779
c7f659d1-9163-4b08-b9cc-7ea88348863a,"City Of New Hope, AL",Alabama,Municipality,,Maia Golub,2891,,Tier 3,0.75,34.537,-86.3944,,,,,,,,,2,2026-02-04,2,,,,,001cv00000AuXlv,14822
0394d431-118f-4577-80d8-84a7dd07df3e,"Town Of Moundville, AL",Alabama,Municipality,,Maia Golub,3072,,Tier 3,0.75,32.9976,-87.63,,,,,,,,,,,,,,,,001cv00000AuXzK,15023
a6237288-668b-42a4-931d-f6681090a564,"City Of Brent, AL",Alabama,Municipality,,Maia Golub,2977,,Tier 3,0.75,32.9373,-87.1647,,,,,,,,,,,,,,,,001cv00000AuY1A,15146
b6454884-d53c-431e-8cbe-4fcd8d96a73b,"City Of Heflin, AL",Alabama,Municipality,,Maia Golub,3400,,Tier 3,0.75,33.6445,-85.5842,,,,,,,,,,,,,,,,001cv00000AuY5x,15637
bf0f3142-e0c9-4ecd-9e8e-249e54f1efa1,"City Of Weaver, AL",Alabama,Municipality,,Maia Golub,3401,,Tier 3,0.75,33.752,-85.8114,,,,,,,,,2,2026-01-13,2,,,,,001cv00000AuY5z,15636
c32b8766-8b4c-47f2-97fd-6ec38893f4f2,"City Of Elba, AL",Alabama,Municipality,,Maia Golub,3401,,Tier 3,0.75,31.4146,-86.0677,,,,,,,,,,,,,,,,001cv00000AuY60,15597
a0785f14-0c46-4012-8545-373e9cf42353,"City Of Centre, AL",Alabama,Municipality,,Maia Golub,3528,,Tier 3,0.75,34.152,-85.6789,,,,,,,,,19,2026-04-20,19,,,,,001cv00000AuY7X,15615
f6f34920-f38a-488f-8bbd-30be77d52bc4,"City Of Marion, AL",Alabama,Municipality,,Maia Golub,3178,,Tier 3,0.75,32.6324,-87.3192,,,,,,,,,,,,,,,,001cv00000AuYAd,15717
12eacd1f-058f-4acb-84f5-93e18650499b,"City Of Livingston, AL",Alabama,Municipality,,Maia Golub,3153,,Tier 3,0.75,32.5843,-88.1872,,,,,,,,,,,,,,,,001cv00000AuYD4,15290
4613ca5b-f010-4724-87de-34ab99180a1a,"City Of Dadeville, AL",Alabama,Municipality,,Maia Golub,2998,,Tier 3,0.75,32.8312,-85.7636,Closed Lost,,,Emily Murnane,12/3/2025,11/18/2025,,,5,2025-12-02,5,,,,,001cv00000AuYEo,15320
a0ba0514-f16c-4565-b5b4-5f83d7b65872,"City Of Union Springs, AL",Alabama,Municipality,,Maia Golub,3314,,Tier 3,0.75,32.1443,-85.715,,,,,,,,,,,,,,,,001cv00000AuYI8,15664
7fd38218-a065-4f03-bd7b-a97f0dc5c82b,"City Of Moulton, AL",Alabama,Municipality,,Maia Golub,3358,,Tier 3,0.75,34.4812,-87.2934,,,,,,,,,5,2026-03-05,5,,,,,001cv00000AuYJE,15809
8541cdd8-4f01-4db1-b03e-ec489e9ede95,"City Of Evergreen, AL",Alabama,Municipality,,Maia Golub,3370,,Tier 3,0.75,31.4342,-86.9546,,,,,,,,,,,,,,,,001cv00000AuYJX,15750
617c6c75-03b3-4ef9-920c-896455d68273,"Town Of Triana, AL",Alabama,Municipality,,Maia Golub,4936,,Tier 3,0.75,34.5885,-86.7369,,,,,,,,,5,2025-11-10,5,,,,,001cv00000AuYKC,15868
9f0e655e-3907-4c72-81d1-88e13383d032,"City Of Red Bay, AL",Alabama,Municipality,,Maia Golub,3184,,Tier 3,0.75,34.4398,-88.1409,,,,,,,,,,,,,,,,001cv00000AuYNp,15355
557bb715-77ed-4b8e-bf65-526e3f4f422b,"City Of Warrior, AL",Alabama,Municipality,,Maia Golub,3204,,Tier 3,0.75,33.8143,-86.8094,,,,,,,,,,,,,,,,001cv00000AuYOH,15383
c2b29bc7-9b82-4dc1-b919-928f2de3b723,"City Of Thomasville, AL",Alabama,Municipality,,Maia Golub,3548,,Tier 3,0.75,31.9135,-87.7358,,,,,,,,,,,,,,,,001cv00000AuYRL,15503
4ef268c6-bd0c-46f9-aabb-23e1fafbfdd0,"Town Of Lake View, AL",Alabama,Municipality,,Maia Golub,3640,,Tier 3,0.75,33.2807,-87.1375,,,,,,,,,2,2025-09-16,,2,,,,001cv00000AuYTH,16017
87a93cc0-41c9-48cc-9657-d80f70c3060e,"City Of Valley Grande, AL",Alabama,Municipality,,Maia Golub,4079,,Tier 3,0.75,32.509,-86.9875,,,,,,,,,1,2026-03-23,1,,,,,001cv00000AuYaW,16420
ef0f67f7-0f2a-4da3-ac65-4e421b8785ac,"City Of Citronelle, AL",Alabama,Municipality,,Maia Golub,3924,,Tier 3,0.75,31.0907,-88.2281,,,,,,,,,,,,,,,,001cv00000AuYiH,16094
99f44650-fc25-4a5f-818b-b1a7084bd8ab,"City Of Kimberly, AL",Alabama,Municipality,,Maia Golub,3946,,Tier 3,0.75,33.7734,-86.8139,,,,,,,,,,,,,,,,001cv00000AuYkX,16470
0b84c585-26a7-4189-b103-ceb6d30cc08f,"Town Of Loxley, AL",Alabama,Municipality,,Maia Golub,4111,,Tier 3,0.75,30.6182,-87.753,,,,,,,,,11,2026-03-31,10,1,,,,001cv00000AuYo3,16730
6b2f5e0d-272a-4a65-beba-66af89cc5d62,"City Of Fayette, AL",Alabama,Municipality,,Maia Golub,4185,,Tier 3,0.75,33.6846,-87.8309,,,,,,,,,,,,,,,,001cv00000AuYpF,16807
526c6a40-5ef2-42a2-93e0-550ffc71e086,"City Of Geneva, AL",Alabama,Municipality,,Maia Golub,4185,,Tier 3,0.75,31.033,-85.8638,,,,,,,,,,,,,,,,001cv00000AuYpG,16764
81dff12e-f4df-46e4-8b54-d55827dad74e,"Town Of Priceville, AL",Alabama,Municipality,,Maia Golub,3685,,Tier 3,0.75,34.5189,-86.8863,,,,,,,,,6,2026-02-13,6,,,,,001cv00000AuYr9,16342
050f2c5b-82cb-4110-b4a9-0861022e4123,"City Of Columbiana, AL",Alabama,Municipality,,Maia Golub,4263,,Tier 3,0.75,33.1782,-86.6072,,,,,,,,,,,,,,,,001cv00000AuYuQ,16816
c1842a6a-b9f2-45cf-bb5c-0eb56763e543,"City Of Adamsville, AL",Alabama,Municipality,,Maia Golub,4294,,Tier 3,0.75,33.6009,-86.9561,,,,,,,,,,,,,,,,001cv00000AuYuz,16830
6134fcf8-0952-4993-8d89-6a1bc9444551,"City Of Haleyville, AL",Alabama,Municipality,,Maia Golub,4351,,Tier 3,0.75,34.2265,-87.6214,,,,,,,,,,,,,,,,001cv00000AuYw3,16931
e62e3466-3eaf-46d0-b30e-2a99cf038964,"Town Of Argo, AL",Alabama,Municipality,,Maia Golub,4401,,Tier 3,0.75,33.6885,-86.5022,,,,,,,,,,,,,,,,001cv00000AuYxO,20090
2e181fa8-6ee1-4c02-be0d-cb9e6681649f,"City Of Hokes Bluff, AL",Alabama,Municipality,,Maia Golub,4435,,Tier 3,0.75,33.9982,-85.8664,,,,,,,,,,,,,,,,001cv00000AuYyC,20002
1d1b7d23-8e7e-4b9c-9561-fff5c2064d4b,"Town Of Margaret, AL",Alabama,Municipality,,Maia Golub,5427,,Tier 3,0.75,33.6862,-86.475,,,,,,,,,6,2025-12-17,6,,,,,001cv00000AuZ88,17001
5cac8137-b349-4b1c-9764-7d8d0c060531,"City Of Hamilton, AL",Alabama,Municipality,,Maia Golub,6991,,Tier 3,0.75,34.1423,-87.9886,,,,,,,,,2,2025-07-18,,2,,,,001cv00000AuZD0,17146
17e88793-294a-4ca8-baeb-66197a012fa3,"City Of Tallassee, AL",Alabama,Municipality,,Maia Golub,4808,,Tier 3,0.75,32.536,-85.8933,,,,,,,,,,,,,,,,001cv00000AuZLv,17290
37a79a2d-42fd-4a01-adb9-87e769a2fe63,"City Of Piedmont, AL",Alabama,Municipality,,Maia Golub,4810,,Tier 3,0.75,33.9245,-85.6114,,,,,,,,,,,,,,,,001cv00000AuZLx,17278
cf81c72e-dc0e-47cb-aa91-de837ce3cfce,"City Of Winfield, AL",Alabama,Municipality,,Maia Golub,4829,,Tier 3,0.75,33.929,-87.8172,,,,,,,,,,,,,,,,001cv00000AuZMJ,17163
eaf230ce-613d-4d83-a017-281bee431b69,"City Of Springville, AL",Alabama,Municipality,,Maia Golub,4935,,Tier 3,0.75,33.7751,-86.4717,Open,Meeting Booked,Top of Funnel,Emily Murnane,4/27/2026,3/24/2026,,,1,2026-03-24,1,,,,,001cv00000AuZNq,17458
e7893b59-6dfe-46d6-8204-e610deeadfd3,"County Of Greene, AL",Alabama,County,,Maia Golub,7629,,Tier 3,0.75,32.9718,-87.9335,,,,,,,,,14,2025-09-25,,14,,,,001cv00000AuZRc,17723
ee84cdc2-43c4-456a-a314-c357a67b96c6,"City Of Odenville, AL",Alabama,Municipality,,Maia Golub,4999,,Tier 3,0.75,33.6773,-86.3966,,,,,,,,,1,2026-03-24,1,,,,,001cv00000AuZSD,17548
273edc82-55ad-4bd3-9b89-5577bcb552a4,"City Of Midfield, AL",Alabama,Municipality,,Maia Golub,5115,,Tier 3,0.75,33.4614,-86.9087,Open,Meeting Booked,Top of Funnel,Emily Murnane,4/9/2026,3/31/2026,,,16,2026-04-23,16,,,,,001cv00000AuZTC,17474
064d45ba-9939-4718-99c5-0eb61c56e4cb,"City Of Headland, AL",Alabama,Municipality,,Maia Golub,5145,,Tier 3,0.75,31.3513,-85.3422,,,,,,,,,8,2026-04-14,8,,,,,001cv00000AuZTW,17464
80ae36b2-b253-465a-9860-9f7a65d11909,"County Of Perry, AL",Alabama,County,,Maia Golub,8355,,Tier 3,0.75,32.5989,-87.3016,,,,,,,,,,,,,,,,001cv00000AuZXi,17784
48d16449-291f-42dc-ab43-af34b090aeda,"County Of Conecuh, AL",Alabama,County,,Maia Golub,11328,,Tier 2,1.0,31.5016,-86.9824,,,,,,,,,,,,,,,,001cv00000AuZaV,18407
dc73dded-df29-475b-a64f-6b8d9b23c2c1,"County Of Sumter, AL",Alabama,County,,Maia Golub,12164,,Tier 2,1.0,32.6156,-88.2461,,,,,,,,,,,,,,,,001cv00000AuZbY,18390
c3b8ef29-2034-4340-82c7-a168fe457052,"County Of Bullock, AL",Alabama,County,,Maia Golub,10320,,Tier 2,1.0,32.0574,-85.7256,,,,,,,,,,,,,,,,001cv00000AuZcg,18258
42774d37-fa32-4799-8317-df5516a444ba,"County Of Wilcox, AL",Alabama,County,,Maia Golub,10446,,Tier 2,1.0,32.0105,-87.3414,,,,,,,,,,,,,,,,001cv00000AuZct,18245
f335192e-70ac-44df-9c72-cd8c9d3d62b6,"County Of Coosa, AL",Alabama,County,,Maia Golub,10450,,Tier 2,1.0,32.9305,-86.1752,,,,,,,,,,,,,,,,001cv00000AuZcu,18325
75289704-18be-43a7-b509-8f33af869362,"County Of Crenshaw, AL",Alabama,County,,Maia Golub,13083,,Tier 2,1.0,31.6672,-86.3377,,,,,,,,,,,,,,,,001cv00000AuZfu,18154
343abfb3-aa8b-4cb3-90d1-16cce0a97899,"County Of Hale, AL",Alabama,County,,Maia Golub,14754,,Tier 2,1.0,32.7859,-87.6186,,,,,,,,,2,2025-07-17,,2,,,,001cv00000AuZhK,18163
a03e709c-200c-4c62-a584-90673f057b97,"County Of Cleburne, AL",Alabama,County,,Maia Golub,15103,,Tier 2,1.0,33.6262,-85.52,,,,,,,,,1,2025-07-14,,1,,,,001cv00000AuZhb,18064
04a0f409-377e-4e9d-a0dd-ecf18fc1aef1,"County Of Washington, AL",Alabama,County,,Maia Golub,15147,,Tier 2,1.0,31.3422,-88.2461,,,,,,,,,,,,,,,,001cv00000AuZhh,18057
64b6fbad-09bb-4a0d-90f7-f242e0cb9a2a,"County Of Choctaw, AL",Alabama,County,,Maia Golub,12533,,Tier 2,1.0,32.0717,-88.2461,,,,,,,,,,,,,,,,001cv00000AuZia,18193
e8428aa6-83e9-414f-b5f8-93fdb09ad49f,"City Of Fairfield, AL",Alabama,Municipality,,Maia Golub,9832,,Tier 3,0.75,33.4859,-86.9119,,,,,,,,,2,2026-01-12,2,,,,,001cv00000AuZkG,18069
423cece5-5f8d-4dab-abfa-291c8a840b02,"County Of Lowndes, AL",Alabama,County,,Maia Golub,9965,,Tier 3,0.75,32.2215,-86.6611,,,,,,,,,,,,,,,,001cv00000AuZkT,18073
239b3f23-dbb4-4515-bc8e-43fc907fc56c,"County Of Lamar, AL",Alabama,County,,Maia Golub,13689,,Tier 2,1.0,33.6924,-88.0901,,,,,,,,,,,,,,,,001cv00000AuZn0,17973
4e6341d0-3ad9-48b0-9133-ed89e9266cf9,"County Of Clay, AL",Alabama,County,,Maia Golub,14190,,Tier 2,1.0,33.7026,-86.5997,,,,,,,,,,,,,,,,001cv00000AuZnm,17909
71f80795-c27d-4946-b65e-3350685fb891,"Town Of Wolcott, AL",Alabama,Municipality,,Maia Golub,16160,,Tier 2,1.0,32.3182,-86.9023,,,,,,,,,,,,,,,,001cv00000AuZpG,17807
ca51f07c-4456-415c-bcb7-36dc8c271fa8,"County Of Pickens, AL",Alabama,County,,Maia Golub,18801,,Tier 2,1.0,33.334,-88.0901,,,,,,,,,,,,,,,,001cv00000AuZsf,18613
e60a7d48-1d69-4f56-a9cc-be2f287ac5aa,"County Of Butler, AL",Alabama,County,,Maia Golub,18884,,Tier 2,1.0,32.0896,-88.222,,,,,,,,,,,,,,,,001cv00000AuZsk,18651
948b3767-df9d-4904-957e-a815fdcc9172,"County Of Macon, AL",Alabama,County,,Maia Golub,18895,,Tier 2,1.0,32.3731,-85.6846,,,,,,,,,,,,,,,,001cv00000AuZsl,18849
c2f0cb04-53f6-4b1e-a4c2-0681f877c732,"County Of Marengo, AL",Alabama,County,,Maia Golub,18996,,Tier 2,1.0,32.2459,-87.7763,,,,,,,,,,,,,,,,001cv00000AuZsq,18549
6190f5a6-863e-4f82-81dd-7ec845e112cb,"County Of Monroe, AL",Alabama,County,,Maia Golub,19648,,Tier 2,1.0,31.5119,-87.4604,,,,,,,,,,,,,,,,001cv00000AuZtG,18740
945e1d33-70d3-4308-b4b2-ccea856d37d7,"County Of Henry, AL",Alabama,County,,Maia Golub,17459,,Tier 2,1.0,31.4469,-85.1894,,,,,,,,,,,,,,,,001cv00000AuZtg,18483
6153a4c5-e305-41f9-99a9-551d214cf3c3,"County Of Marion, AL",Alabama,County,,Maia Golub,29246,,Tier 1,1.5,32.6324,-87.3192,,,,,,,,,,,,,,,,001cv00000Aua0y,18902
7a4dc260-8214-4d73-9229-b9bff9c5f47a,"County Of Barbour, AL",Alabama,County,,Maia Golub,24964,,Tier 2,1.0,31.8173,-85.355,,,,,,,,,,,,,,,,001cv00000Aua2M,19441
5d5addb3-b5d5-4a9d-a386-6855a474c5be,"County Of Cherokee, AL",Alabama,County,,Maia Golub,24996,,Tier 2,1.0,34.757,-87.9728,,,,,,,,,,,,,,,,001cv00000Aua2Q,19691
35341bbf-2823-4133-a913-a0819d19540f,"County Of Chambers, AL",Alabama,County,,Maia Golub,34541,,Tier 1,1.5,32.9028,-85.355,,,,,,,,,,,,,,,,001cv00000Aua6E,19354
ddf1e8ec-7f81-4048-95a2-45bad86d1568,"County Of Franklin, AL",Alabama,County,,Maia Golub,32013,,Tier 1,1.5,34.3967,-87.6186,,,,,,,,,,,,,,,,001cv00000Aua8V,18793
2305a707-8b4a-405a-a7c9-8df49e43b536,"County Of Pike, AL",Alabama,County,,Maia Golub,32991,,Tier 1,1.5,31.8395,-86.0122,,,,,,,,,,,,,,,,001cv00000Aua8p,18772
41b28f56-d186-4586-8856-58054152fb6f,"County Of Lawrence, AL",Alabama,County,,Maia Golub,33090,,Tier 1,1.5,34.5674,-87.3016,,,,,,,,,,,,,,,,001cv00000Aua8u,18770
54d20ee6-25f5-42bf-9d90-27599cc11130,"County Of Randolph, AL",Alabama,County,,Maia Golub,21989,,Tier 2,1.0,33.2682,-85.52,,,,,,,,,,,,,,,,001cv00000Aua9Y,18666
ca36b21d-3ab5-4204-86ad-4c7637800865,"County Of Bibb, AL",Alabama,County,,Maia Golub,22477,,Tier 2,1.0,32.9563,-87.1423,,,,,,,,,,,,,,,,001cv00000Aua9o,18926
c4d785ef-9b93-4b09-9a84-2fdd491c50a3,"County Of Clarke, AL",Alabama,County,,Maia Golub,22760,,Tier 2,1.0,31.7002,-87.7763,,,,,,,,,,,,,,,,001cv00000AuaA4,18886
619ce705-ac3c-4732-bd1d-4274086d9b68,"County Of Winston, AL",Alabama,County,,Maia Golub,23652,,Tier 2,1.0,34.169,-87.3414,,,,,,,,,,,,,,,,001cv00000AuaAX,18814
92e6168d-2be3-4c8c-84ff-78cd4841d967,"County Of Geneva, AL",Alabama,County,,Maia Golub,26701,,Tier 1,1.5,31.033,-85.8638,,,,,,,,,,,,,,,,001cv00000AuaBY,19237
a888bafd-6080-474b-b87a-b5fbd984d528,"County Of Escambia, AL",Alabama,County,,Maia Golub,36699,,Tier 1,1.5,31.1395,-87.1423,,,,,,,,,,,,,,,,001cv00000AuaDY,19108
9bde6faf-79e1-438d-9031-a8f13e6a44b6,"County Of Covington, AL",Alabama,County,,Maia Golub,37524,,Tier 1,1.5,31.3066,-86.4997,,,,,,,,,,,,,,,,001cv00000AuaDx,19208
55b8a576-df0a-4b1a-8a97-8848591e75e5,"County Of Dallas, AL",Alabama,County,,Maia Golub,37619,,Tier 1,1.5,32.2332,-87.1423,,,,,,,,,,,,,,,,001cv00000AuaE2,19225
c613ab35-642f-4467-9d7a-85adc48d6417,"County Of Tallapoosa, AL",Alabama,County,,Maia Golub,41023,,Tier 1,1.5,32.9201,-85.8486,,,,,,,,,10,2025-07-31,,10,,,,001cv00000AuaG3,19062
b4353a9d-3fba-449d-8852-a007a9378b7f,"County Of Chilton, AL",Alabama,County,,Maia Golub,45274,,Tier 1,1.5,32.9444,-86.6611,,,,,,,,,,,,,,,,001cv00000AuaHW,19408
84703dbf-f799-499f-b480-0d7bcf6efd54,"County Of Dale, AL",Alabama,County,,Maia Golub,49342,,Tier 1,1.5,31.4645,-85.6846,,,,,,,,,,,,,,,,001cv00000AuaKa,19483
7a38cd3a-211e-4522-bc94-8c824b3ad730,"County Of Jackson, AL",Alabama,County,,Maia Golub,52773,,Tier S,2.0,34.709,-86.0122,,,,,,,,,,,,,,,,001cv00000AuaLR,19428
eef1d74d-a86c-420e-a93f-dc69b8cac2bb,"County Of Coffee, AL",Alabama,County,,Maia Golub,54174,,Tier S,2.0,31.4751,-86.0122,,,,,,,,,,,,,,,,001cv00000AuaN5,19587
a8e18e5a-0f7d-4c00-9073-cc67a22a54cd,"County Of Colbert, AL",Alabama,County,,Maia Golub,57474,,Tier S,2.0,34.7118,-87.8942,,,,,,,,,,,,,,,,001cv00000AuaNl,19589
a0440ff4-b1db-4592-b2ca-bbdb60516834,"County Of Walker, AL",Alabama,County,,Maia Golub,64818,,Tier S,2.0,33.8564,-87.3016,,,,,,,,,,,,,,,,001cv00000AuaOx,19819
b5540cca-302a-4395-ac45-7ad2267a8818,"County Of Elmore, AL",Alabama,County,,Maia Golub,89304,,Tier S,2.0,32.5387,-86.315,,,,,,,,,,,,,,,,001cv00000AuaR7,19789
438cbd87-bd9e-4589-ab39-b722ae6a8863,"County Of Cullman, AL",Alabama,County,,Maia Golub,89496,,Tier S,2.0,34.1748,-86.8436,,,,,,,,,,,,,,,,001cv00000AuaR9,19863
bff0145f-8630-405c-a285-aacefe1e1942,"County Of Blount, AL",Alabama,County,,Maia Golub,59041,,Tier S,2.0,34.0145,-86.4997,,,,,,,,,1,2025-10-14,1,,,,,001cv00000AuaSz,19739
e3a48349-fd65-4d76-85e6-e850e1a790d8,"County Of Autauga, AL",Alabama,County,,Maia Golub,59095,,Tier S,2.0,32.5792,-86.4997,,,,,,,,,,,,,,,,001cv00000AuaT0,19906
9b865613-8a33-456e-942f-b15f4204c5a8,"County Of St Clair, AL",Alabama,County,,Maia Golub,92748,,Tier S,2.0,33.653,-86.3377,,,,,,,,,,,,,,,,001cv00000AuaUe,19932
b9e2e584-d6d8-4ee8-9172-15cdf757cedb,"County Of Lauderdale, AL",Alabama,County,,Maia Golub,94043,,Tier S,2.0,34.8841,-87.6581,,,,,,,,,,,,,,,,001cv00000AuaUn,19943
a292feaf-235f-4b00-ae1c-66c77c870a2c,"County Of Marshall, AL",Alabama,County,,Maia Golub,98228,,Tier S,2.0,34.3652,-86.3377,,,,,,,,,,,,,,,,001cv00000AuaV4,19901
2d681ffb-8835-4bde-8cf0-144f8b97ba6d,"County Of DeKalb, AL",Alabama,County,,Maia Golub,71813,,Tier S,2.0,34.5211,-85.6846,,,,,,,,,1,2025-10-14,1,,,,,001cv00000AuaWC,19780
0d7f4a95-18f5-4fc4-8756-e27e5e4ea633,"County Of Talladega, AL",Alabama,County,,Maia Golub,81524,,Tier S,2.0,33.4232,-86.1345,,,,,,,,,5,2026-02-04,5,,,,,001cv00000AuaXC,19939
a170680f-7dd4-4a05-924e-1ea66f779137,"City Of York, AL",Alabama,Municipality,,Maia Golub,2415,,Tier 3,0.75,32.4862,-88.2964,,,,,,,,,,,,,,,,001cv00000B21qs,20173
e4d2ba6f-d8ee-4536-b0d5-c41e49df0632,"City Of Sumiton, AL",Alabama,Municipality,,Maia Golub,2422,,Tier 3,0.75,33.7557,-87.05,,,,,,,,,,,,,,,,001cv00000B21rF,20392
04b9395d-6418-4e7c-a579-e0afa1a057fd,"Town Of Owens Cross Roads, AL",Alabama,Municipality,,Maia Golub,2635,,Tier 3,0.75,34.5881,-86.4589,,,,,,,,,,,,,,,,001cv00000B21wy,20399
40eaf09d-5a0c-4351-bbf4-2f529b3ddabd,"City Of Jemison, AL",Alabama,Municipality,,Maia Golub,2650,,Tier 3,0.75,32.9598,-86.7467,,,,,,,,,,,,,,,,001cv00000B21xR,20410
088ee993-bfbb-428f-a380-dae5615cc556,"City Of Hartford, AL",Alabama,Municipality,,Maia Golub,2651,,Tier 3,0.75,31.1024,-85.6969,,,,,,,,,,,,,,,,001cv00000B21xT,20337
70aa5418-b36d-4279-9b89-10920012f77a,"City Of Luverne, AL",Alabama,Municipality,,Maia Golub,2680,,Tier 3,0.75,31.7165,-86.2638,,,,,,,,,,,,,,,,001cv00000B21yh,20572
e5cd11fe-f89a-41d6-8b99-9f9f3fbc8e96,"City Of Jackson, AL",Alabama,Municipality,,Maia Golub,4644,,Tier 3,0.75,31.5091,-87.8944,,,,,,,,,,,,,,,,001cv00000B2215,20615
cae27cba-a28d-47b8-ad07-b1226727ca86,"City Of Childersburg, AL",Alabama,Municipality,,Maia Golub,4689,,Tier 3,0.75,33.2782,-86.355,,,,,,,,,,,,,,,,001cv00000B221i,20449
9e435994-116e-41ee-8ec2-67e78d6fc501,City of Stevenson,Alabama,Municipality,,Maia Golub,1975,,Tier 3,0.75,34.8698,-85.8366,,,,,,,,,,,,,,,,001cv00000bBWDb,22060
36f4a24c-2055-470f-9be5-3151ad8b2a67,Houston County,Alabama,County,,Maia Golub,109366,,Tier S,2.0,31.1319,-85.3136,,,,,,,,,,,,,,,,001cv00000bBWEt,22278
be649b55-f4dc-4c45-931a-829221b43386,City of Linden,Alabama,Municipality,,Maia Golub,1815,,Tier 3,0.75,32.3063,-87.7981,,,,,,,,,,,,,,,,001cv00000bBWJM,21766
52eca04f-18d1-43b2-a9a7-abae54b9b7e3,Town of Dauphin Island,Alabama,Municipality,,Maia Golub,1923,,Tier 3,0.75,30.2543,-88.1124,,,,,,,,,,,,,,,,001cv00000bBWKt,21874
7854a129-2d88-4603-81e5-af5ecd882a7b,Fayette County,Alabama,County,,Maia Golub,15863,,Tier 2,1.0,33.7218,-87.8242,,,,,,,,,,,,,,,,001cv00000bBWMR,21941
b639f923-8554-4454-a8e0-919d4672a655,Etowah County,Alabama,County,,Maia Golub,103207,,Tier S,2.0,34.0455,-86.053,,,,,,,,,,,,,,,,001cv00000bBWN1,21990
68ef3160-e819-4748-be02-7148d826057d,Town of Summerdale,Alabama,Municipality,,Maia Golub,1612,,Tier 3,0.75,30.4877,-87.6997,,,,,,,,,,,,,,,,001cv00000bBWNl,22072
f75cc7e4-19e0-4b12-aa1b-d70e7616488b,City of Cordova,Alabama,Municipality,,Maia Golub,1680,,Tier 3,0.75,33.7598,-87.1833,,,,,,,,,,,,,,,,001cv00000bBWOe,22124
11a3d633-5596-40d5-a437-7d733de79dee,Limestone County,Alabama,County,,Maia Golub,118942,,Tier S,2.0,34.78,-86.9424,,,,,,,,,,,,,,,,001cv00000bBWSK,22306
d7bf3075-51db-4095-81e1-0024c632626c,Morgan County,Alabama,County,,Maia Golub,126084,,Tier S,2.0,34.4241,-86.8622,,,,,,,,,,,,,,,,001cv00000bBWSa,22330
71e17f05-0907-44b1-9809-0444b8ef115f,Lee County,Alabama,County,,Maia Golub,187847,,Tier S,2.0,32.5889,-85.3963,,,,,,,,,,,,,,,,001cv00000bBWTx,22430
550f961a-10e7-4551-b4c5-78b6f581511d,City of Birmingham,Alabama,Municipality,,Maia Golub,196357,,Tier S,2.0,33.5186,-86.8104,,,,,,,,,,,,,,,,001cv00000bBWU6,22429
37acd947-83d9-4ce8-84a3-4839dc1abe37,"City of Huntsville, AL",Alabama,Municipality,,Maia Golub,230402,,Tier S,2.0,34.7296,-86.5853,Closed Lost,,,Emily Murnane,,4/3/2026,,,,,,,,,,001cv00000bBWyi,22766
16c7d92f-b6c5-4966-846c-4059aa84504d,Tuscaloosa County,Alabama,County,,Maia Golub,241212,,Tier S,2.0,33.3228,-87.4604,,,,,,,,,,,,,,,,001cv00000bBWyr,22739
49a72796-822b-4cbf-b2b6-f947d1a046b9,Mobile County,Alabama,County,,Maia Golub,412339,,Tier S,2.0,30.6082,-88.2461,,,,,,,,,,,,,,,,001cv00000bBX0x,22844
e65ed1d7-8ab1-4d7e-9adc-df966ea3cbcb,Madison County,Alabama,County,,Maia Golub,423355,,Tier S,2.0,34.7304,-86.5861,,,,,,,,,,,,,,,,001cv00000bBX13,22872
,"City of Creola, AL",Alabama,Municipality,,Maia Golub,1972,,Tier 3,0.75,32.8673,-87.27,,,,,,,,,1,2026-05-18,,,,,1,001cv00000llA0uAAE,31884
