Account ID,Account Name,State,Entity Type,Owner,Population,Account Status,Tier,SQO Points,Lat,Lng,Starbridge Buyer ID,Opp Status,Stage,Funnel Position,Sourced By,Discovery Call Date,Created Date,ARR,Previously Lost,Total Calls,Last Call Date,Calls - Ryan Minter,Calls - Joe del Rosario,Calls - Leila Assil,Calls - Quinzel Perry,Calls - Alicia Gopal,Calls - Jenny Allison,Outreach ID
001Hr000028ZboU,"City Of Ottawa, KS",Kansas,Municipality,Maia Golub,12604,Open Opportunity,Tier 2,1.0,38.6158,-95.2686,0ff3b98e-7547-4c83-b771-1fb83c605749,,,,,,,,,4,2025-11-19,4,,,,,,4882
001Hr000028Zbvl,"City Of Park City, KS",Kansas,Municipality,Maia Golub,8503,,Tier 3,0.75,37.7959,-97.3175,670e665f-d8be-4b3c-a208-ff5404f13326,,,,,,,,,4,2025-12-04,2,2,,,,,4166
001Hr000028Zbxr,"City Of Leawood, KS",Kansas,Municipality,Maia Golub,33743,,Tier 1,1.5,38.9667,-94.6169,510fbf9c-b5cd-4921-866f-bcba5e5d7c7b,,,,,,,,,10,2026-02-23,10,,,,,,5937
001Hr000028Zbz3,"City Of Colby, KS",Kansas,Municipality,Maia Golub,5516,,Tier 3,0.75,39.3958,-101.0524,a3ccaddc-a50e-440b-be0b-bbdceee78d32,,,,,,,,,4,2026-05-13,2,2,,,,,3580
001Hr000028Zc6X,"City Of Abilene, KS",Kansas,Municipality,Maia Golub,6468,,Tier 3,0.75,38.9172,-97.2139,3a45a0e8-e12d-4133-bc76-ca6a99ee0506,,,,,,,,,1,2025-05-29,,1,,,,,3821
001Hr000028ZcCH,"City Of Paola, KS",Kansas,Municipality,Maia Golub,5786,Nurture,Tier 3,0.75,38.5722,-94.8791,4ae08dcf-0faf-4ac3-a3a0-e943fafb8c16,Closed Lost,,,Ryan Minter,5/15/2026,5/12/2026,,,1,2026-05-12,1,,,,,,3635
001Hr000028ZcF0,"City Of Haysville, KS",Kansas,Municipality,Maia Golub,11315,,Tier 2,1.0,37.5643,-97.3523,fd1067fd-db6b-463c-9c0d-adc9e9c4b447,,,,,,,,,2,2025-12-04,2,,,,,,4679
001Hr000028ZcFY,"City Of McPherson, KS",Kansas,Municipality,Maia Golub,13944,Open Opportunity,Tier 2,1.0,38.3708,-97.6642,265dc567-0a2e-4436-9481-78b0c77876e5,Open,Initial Interest,Top of Funnel,Granger West,,1/10/2025,,Yes,21,2026-04-27,21,,,,,,4998
001Hr000028ZcIu,"Township Of Tonganoxie, KS",Kansas,Municipality,Maia Golub,6032,,Tier 3,0.75,39.1097,-95.0877,e5ae4b45-5e76-4fe9-b30e-5e700f9d52b7,,,,,,,,,,,,,,,,,3566
001Hr000028ZcJ3,"City Of Iola, KS",Kansas,Municipality,Maia Golub,5343,,Tier 3,0.75,37.9245,-95.4,6fada831-6b25-49e5-9094-61bf4a14e247,,,,,,,,,13,2026-02-04,13,,,,,,3553
001Hr000028ZcNB,"County Of Leavenworth, KS",Kansas,County,Maia Golub,82184,,Tier S,2.0,39.1713,-95.0182,624a918f-0bba-4eb9-ad00-bdc2b1c00bcb,,,,,,,,,2,2025-09-02,1,,1,,,,12200
001Hr000028ZcNz,"City Of Merriam, KS",Kansas,Municipality,Maia Golub,11017,,Tier 2,1.0,39.0236,-94.6936,1cc2b387-d3e1-4aaa-9395-c392bd95fd10,,,,,,,,,4,2025-12-11,4,,,,,,4710
001Hr000028ZcQv,"City Of Ulysses, KS",Kansas,Municipality,Maia Golub,5770,,Tier 3,0.75,37.5814,-101.3552,54063acc-91b4-47fe-b7a0-4a22437961f4,,,,,,,,,2,2025-07-23,2,,,,,,3605
001Hr000028ZcSh,"City Of Coffeyville, KS",Kansas,Municipality,Maia Golub,8847,All Modules Live,Tier 3,0.75,37.0373,-95.6164,7e08f006-014b-4a2b-8f4f-caf1fd3b1087,Closed Won,,,Liam Shaw,10/28/2024,1/5/2025,"$18,000",,,,,,,,,,4406
001Hr000028ZcYw,"City Of Eudora, KS",Kansas,Municipality,Maia Golub,6449,,Tier 3,0.75,38.9433,-95.0986,264ffc4d-24b0-4144-b333-55e685280b41,,,,,,,,,6,2025-07-02,,,,6,,,3893
001Hr000028ZcZ5,"City Of Concordia, KS",Kansas,Municipality,Maia Golub,5032,Nurture,Tier 3,0.75,39.5708,-97.6625,129abc5b-54ef-42f4-81f3-f73b8078a1e5,Closed Lost,,,Liam Shaw,12/5/2024,1/5/2025,,,3,2025-09-08,3,,,,,,3437
001Hr000028ZcaD,"City Of Atchison, KS",Kansas,Municipality,Maia Golub,10694,Nurture,Tier 2,1.0,39.5631,-95.1216,429b17cd-8cce-49cc-8dd0-2957a9a3e9f2,Closed Lost,,,Asher Rosenfeld,,1/5/2025,,,2,2025-12-04,2,,,,,,4668
001Hr000028Zcb5,"City Of Maize, KS",Kansas,Municipality,Maia Golub,6060,Nurture,Tier 3,0.75,37.7809,-97.4632,6ca7fbbc-01a2-4738-b923-32c148b1cd18,Closed Lost,,,Liam Shaw,10/9/2024,1/5/2025,,,13,2026-04-17,13,,,,,,3455
001Hr000028ZcdO,"City Of Parsons, KS",Kansas,Municipality,Maia Golub,9479,,Tier 3,0.75,37.3403,-95.2611,c9b9da73-75dd-42a6-8dcd-88de597168c7,,,,,,,,,7,2026-01-27,7,,,,,,4516
001Hr000028ZcgG,"City Of Chanute, KS",Kansas,Municipality,Maia Golub,8642,,Tier 3,0.75,37.6792,-95.4572,1188fcdc-0dc0-4629-b4db-bee5a7840310,,,,,,,,,4,2026-02-03,4,,,,,,4350
001Hr000028Zchj,"City Of Wellington, KS",Kansas,Municipality,Maia Golub,7664,Nurture,Tier 3,0.75,37.2653,-97.3717,074ca97d-df3d-489c-80ae-5ec7dd26329b,Closed Lost,,,Liam Shaw,10/3/2024,1/5/2025,,,2,2025-11-19,2,,,,,,4148
001Hr000028ZciR,"City Of Roeland Park, KS",Kansas,Municipality,Maia Golub,6817,Open Opportunity,Tier 3,0.75,39.0375,-94.6322,b33db4da-6932-4539-9ddb-96e770f5bf2a,Open,Demo,Mid Funnel,Ryan Minter,2/10/2026,1/26/2026,,,6,2026-04-02,4,,,,,2,3930
001Hr000028Zcig,"City Of Pratt, KS",Kansas,Municipality,Maia Golub,6573,,Tier 3,0.75,37.6439,-98.7376,eaa4bd74-0882-4e60-8601-62fe566b2eb8,,,,,,,,,2,2025-12-04,2,,,,,,3899
001Hr000028Zcit,"City Of Mulvane, KS",Kansas,Municipality,Maia Golub,6587,,Tier 3,0.75,37.4745,-97.2439,bacae8da-2492-4954-94a7-177384f0fff9,,,,,,,,,2,2025-12-04,2,,,,,,3758
001Hr000028ZckO,"City Of Fort Scott, KS",Kansas,Municipality,Maia Golub,7513,,Tier 3,0.75,37.8398,-94.7083,507b39f9-5cd8-4822-a5f8-87d76c9cecde,,,,,,,,,2,2026-05-13,2,,,,,,4108
001Hr000028Zckp,"City Of De Soto, KS",Kansas,Municipality,Maia Golub,6380,,Tier 3,0.75,38.9792,-94.9686,24b7be1e-d56a-4a50-ba73-dc6f38b0956e,,,,,,,,,2,2026-05-12,2,,,,,,3853
001Hr000028Zcmx,"City Of Spring Hill, KS",Kansas,Municipality,Maia Golub,8547,,Tier 3,0.75,38.7431,-94.8255,dc0fcfc9-e690-4ca5-978d-4ceef9ecb514,,,,,,,,,2,2025-11-03,2,,,,,,4184
001Hr000028ZcoV,"City Of Bel Aire, KS",Kansas,Municipality,Maia Golub,8448,,Tier 3,0.75,37.7662,-97.2625,c20c57d9-ba88-43ae-9b8b-ed43dc7248c0,,,,,,,,,5,2025-12-04,2,3,,,,,4232
001Hr000028ZcoY,"Township Of Valley Center, KS",Kansas,Municipality,Maia Golub,4865,Nurture,Tier 3,0.75,37.8508,-97.4165,ff38ec5a-0b2d-48c9-87cb-e639027c0993,,,,,,,,,,,,,,,,,4283
001Hr000028Zcpf,"City Of Bonner Springs, KS",Kansas,Municipality,Maia Golub,7805,,Tier 3,0.75,39.0597,-94.8836,ba221f7f-6fcb-4b5d-8034-1947642797b5,,,,,,,,,6,2025-12-05,1,5,,,,,4176
001Hr000028Zcq3,"City Of Winfield, KS",Kansas,Municipality,Maia Golub,11726,Open Opportunity,Tier 2,1.0,37.2397,-96.9956,2c9aa185-2182-4b6f-9171-191b6264b24b,Open,Meeting Booked,Top of Funnel,Ryan Minter,2/19/2026,1/29/2026,,,20,2026-04-22,20,,,,,,4802
001Hr000028ZcsZ,"Township Of Independence, KS",Kansas,Municipality,Maia Golub,2225,,Tier 3,0.75,37.2242,-95.7083,4c61c6e1-5bdc-4944-943b-bb8c750c75dc,,,,,,,,,,,,,,,,,4329
001Hr000028ZctF,"City Of Newton, KS",Kansas,Municipality,Maia Golub,18433,,Tier 2,1.0,38.0467,-97.345,1659e796-7bad-4a0d-838d-55d088468abe,,,,,,,,,12,2025-12-04,12,,,,,,5337
001Hr000028Zcu6,"City Of Augusta, KS",Kansas,Municipality,Maia Golub,9267,,Tier 3,0.75,37.6867,-96.9767,a8520f50-91f0-49d8-a713-06b6eabdf3dc,,,,,,,,,4,2025-10-23,4,,,,,,4457
001Hr000028ZcvZ,"City Of Mission, KS",Kansas,Municipality,Maia Golub,9864,,Tier 3,0.75,39.0278,-94.6558,f840842a-ee8d-4d44-a08c-b2557b424105,,,,,,,,,6,2026-05-12,6,,,,,,4547
001Hr000028Zcvb,"City Of Andover, KS",Kansas,Municipality,Maia Golub,17000,Nurture,Tier 2,1.0,37.7139,-97.1364,5593d4b7-8a27-42ae-be83-4d0e5a03c3ab,Closed Lost,,,Asher Rosenfeld,,1/5/2025,,,8,2025-12-03,8,,,,,,5108
001Hr000028Zcw9,"City Of Junction City, KS",Kansas,Municipality,Maia Golub,22429,Open Opportunity,Tier 2,1.0,39.0286,-96.8314,e609c724-cdcc-48dc-a4a0-1bc2762f739a,Open,Initial Interest,Top of Funnel,Asher Rosenfeld,,1/5/2025,,,3,2026-01-20,3,,,,,,5563
001Hr000028Zcz1,"City Of Lansing, KS",Kansas,Municipality,Maia Golub,11239,All Modules Live,Tier 2,1.0,39.2486,-94.9002,dd09eb12-23e8-4508-8aa6-2e3af24c78c8,Closed Won,,,Joe del Rosario,4/30/2025,4/22/2025,"$31,000",,,,,,,,,,4740
001Hr000028Zcz8,"City Of El Dorado, KS",Kansas,Municipality,Maia Golub,12810,Open Opportunity,Tier 2,1.0,37.8172,-96.8623,71a3b717-5469-4ee7-b9d4-d9370f1ad664,Open,Meeting Booked,Top of Funnel,Ryan Minter,5/26/2026,5/12/2026,,Yes,7,2026-05-19,2,5,,,,,4910
001Hr000028Zd0d,"City Of Arkansas City, KS",Kansas,Municipality,Maia Golub,11929,Open Opportunity,Tier 2,1.0,37.062,-97.0384,1e14f7d4-6925-486f-b650-1a3a8da29bee,Open,Proposal,Mid Funnel,Ryan Minter,1/22/2026,1/21/2026,"$20,000",,4,2026-01-21,4,,,,,,4820
001Hr000028Zd3a,"City Of Gardner, KS",Kansas,Municipality,Maia Golub,23942,,Tier 2,1.0,38.8108,-94.9272,626b300e-8513-44af-b4a5-9e17eb51b143,,,,,,,,,3,2026-01-23,3,,,,,,5565
001Hr000028Zd4C,"City Of Pittsburg, KS",Kansas,Municipality,Maia Golub,20738,,Tier 2,1.0,37.4109,-94.705,172f7591-f7c4-4287-9534-88110d788324,,,,,,,,,14,2026-05-12,14,,,,,,5461
001Hr000028Zd5T,"City Of Great Bend, KS",Kansas,Municipality,Maia Golub,14580,,Tier 2,1.0,38.3645,-98.7648,8e581c1b-9daa-42be-91a8-ef0721b92b5a,,,,,,,,,3,2025-12-04,2,1,,,,,5083
001Hr000028Zd5p,"City Of Prairie Village, KS",Kansas,Municipality,Maia Golub,22878,,Tier 2,1.0,38.9917,-94.6336,dbeadeeb-308b-4f7c-8de8-4c8cba239816,,,,,,,,,3,2026-05-13,2,1,,,,,5550
001Hr000028Zd7W,"Butler County, KS",Kansas,County,Maia Golub,68632,,Tier S,2.0,37.8649,-96.8351,14d2503f-e797-45c2-a49b-b3c34018d732,,,,,,,,,6,2026-01-26,6,,,,,,12226
001Hr000028Zd9W,"City Of Hays, KS",Kansas,Municipality,Maia Golub,20795,Nurture,Tier 2,1.0,38.8758,-99.3284,5292592c-12dc-4bfd-af34-8ef3a2aca4f8,Closed Lost,,,Emily Murnane,10/29/2025,10/20/2025,,,18,2025-08-11,18,,,,,,5474
001Hr000028Zd9z,"City Of Liberal, KS",Kansas,Municipality,Maia Golub,19640,Open Opportunity,Tier 2,1.0,37.0431,-100.921,24cf36fb-aac6-4fc6-a83e-17b6c6e333da,Open,Meeting Booked,Top of Funnel,Ryan Minter,1/12/2026,12/3/2025,,,5,2025-12-03,5,,,,,,5384
001Hr000028ZdAP,"City Of Dodge City, KS",Kansas,Municipality,Maia Golub,27690,Nurture,Tier 1,1.5,37.756,-100.0188,31091ba0-69d6-4feb-ada9-23bd0500fd40,Closed Lost,,,Asher Rosenfeld,,1/5/2025,,,16,2026-02-23,16,,,,,,5770
001Hr000028ZdAv,"City Of Emporia, KS",Kansas,Municipality,Maia Golub,24009,,Tier 2,1.0,38.4039,-96.1817,195ebe10-dfe6-4dd8-b7bd-1f75ebe9eed8,,,,,,,,,9,2025-08-15,9,,,,,,5617
001Hr000028ZdC3,"City Of Salina, KS",Kansas,Municipality,Maia Golub,46481,,Tier 1,1.5,38.8403,-97.6114,63d5d7f2-f4ad-41bb-8dca-2d645c60b07d,,,,,,,,,4,2026-05-13,4,,,,,,6126
001Hr000028ZdEB,"City Of Derby, KS",Kansas,Municipality,Maia Golub,25847,,Tier 1,1.5,37.5479,-97.2702,9b628f63-06ca-45ab-8632-2dd60bc00486,,,,,,,,,7,2026-02-20,7,,,,,,5670
001Hr000028ZdFx,"City Of Garden City, KS",Kansas,Municipality,Maia Golub,27856,,Tier 1,1.5,37.9717,-100.8727,c0053253-bb9c-4b6f-8ce5-1bef447f5e97,,,,,,,,,4,2026-02-18,4,,,,,,5775
001Hr000028ZdGi,"City Of Leavenworth, KS",Kansas,Municipality,Maia Golub,37176,,Tier 1,1.5,39.3104,-94.9279,af5e5d33-108d-4cb5-92e3-f0f332316024,,,,,,,,,4,2025-12-05,3,1,,,,,5989
001Hr000028ZdLC,"City Of Hutchinson, KS",Kansas,Municipality,Maia Golub,39712,All Modules Live,Tier 1,1.5,38.0608,-97.9298,5d9710b4-ad08-40ff-b367-2d8ff0b15e2f,Closed Won,,,Granger West,10/16/2024,1/5/2025,"$43,000",,,,,,,,,,6061
001Hr000028ZdNC,"City Of Lenexa, KS",Kansas,Municipality,Maia Golub,58388,Open Opportunity,Tier S,2.0,38.9536,-94.7336,54c5d229-67b8-4f97-bb34-6210e590aa23,Open,Initial Interest,Top of Funnel,Asher Rosenfeld,,1/5/2025,,,4,2025-12-05,4,,,,,,11732
001Hr000028ZdcC,"Finney County, KS",Kansas,County,Maia Golub,38354,,Tier 1,1.5,38.0625,-100.8903,3ab13f0e-7432-4854-8227-66119911ee34,,,,,,,,,4,2025-07-23,4,,,,,,12249
001Hr000028ZddE,"McPherson County, KS",Kansas,County,Maia Golub,30334,,Tier 1,1.5,38.3164,-97.6982,7d0dad10-fe50-4ad0-979d-4202aba0502a,,,,,,,,,4,2025-06-13,,,4,,,,12212
001Hr000028Zdfs,"City Of Manhattan, KS",Kansas,Municipality,Maia Golub,54763,Nurture,Tier S,2.0,39.1795,-96.5733,bf055f44-423c-43fb-a2c8-1dfc8f8432d6,Closed Lost,,,Asher Rosenfeld,,1/5/2025,,,8,2025-10-21,8,,,,,,11734
001Hr000028Zdfu,"Township Of Washington, KS",Kansas,Municipality,Maia Golub,3534,,Tier 3,0.75,39.2698,-96.0044,31db1d4e-6078-4021-a834-ec4de40d436c,,,,,,,,,,,,,,,,,14928
001Hr000028Zdgp,"City Of Lawrence, KS",Kansas,Municipality,Maia Golub,95256,,Tier S,2.0,38.9717,-95.2352,94235185-8eac-4a19-9a96-943cfc6a9fdc,,,,,,,,,1,2025-12-05,1,,,,,,11704
001Hr000028ZdjT,"City Of Shawnee, KS",Kansas,Municipality,Maia Golub,67511,,Tier S,2.0,39.0228,-94.7152,52039393-dab1-433c-87a6-510e8d67099b,,,,,,,,,6,2025-11-07,6,,,,,,11746
001Hr000028Zdoy,"Miami County, KS",Kansas,County,Maia Golub,35320,,Tier 1,1.5,38.6382,-94.8106,0bb44c3c-4db7-4306-9790-ad53d31b99ac,,,,,,,,,5,2025-12-02,4,,1,,,,12196
001Hr000028Zdqk,"Wyandotte County, KS",Kansas,County,Maia Golub,156752,,Tier S,2.0,39.0987,-94.7692,e4a2a819-1d66-4de5-9918-aaf8a5654abf,,,,,,,,,2,2025-07-15,2,,,,,,12407
001Hr000028ZdrX,"County Of Riley, KS",Kansas,County,Maia Golub,72208,,Tier S,2.0,39.2989,-96.8308,9c1c483f-22b8-4bbf-92ea-1e2b7496fd2b,,,,,,,,,12,2025-11-06,12,,,,,,12237
001Hr000028ZdtY,"Shawnee County, KS",Kansas,County,Maia Golub,178909,,Tier S,2.0,39.0928,-95.8143,c9ac62ce-8034-462d-a28f-159b8931415f,,,,,,,,,,,,,,,,,12425
001cv00000AuWNe,"City Of Ellis, KS",Kansas,Municipality,Maia Golub,2001,,Tier 3,0.75,38.9381,-99.5607,e1b6ce09-1776-4411-b90a-6d0db5b82fcb,,,,,,,,,1,2025-07-08,1,,,,,,12855
001cv00000AuWOF,"Township Of Douglass, KS",Kansas,Municipality,Maia Golub,2014,,Tier 3,0.75,37.5196,-97.0136,14f292c8-2e67-4b41-9a10-f2dfa3b3f783,,,,,,,,,,,,,,,,,12976
001cv00000AuWOS,"Township Of Garden Plain, KS",Kansas,Municipality,Maia Golub,2017,,Tier 3,0.75,37.6632,-97.684,6282da13-afb4-4aec-81eb-3250e817b7dd,,,,,,,,,1,2025-12-04,1,,,,,,12878
001cv00000AuWOe,"City Of Belleville, KS",Kansas,Municipality,Maia Golub,2021,,Tier 3,0.75,39.8244,-97.6325,ff387c53-0911-4384-9d0d-a5e20655373b,,,,,,,,,2,2025-07-14,2,,,,,,12920
001cv00000AuWOm,"Township Of Wea, KS",Kansas,Municipality,Maia Golub,2023,,Tier 3,0.75,38.7153,-94.6669,7ce3db55-ea9e-49f5-81b5-79bc634f5797,,,,,,,,,,,,,,,,,12860
001cv00000AuWP1,"City Of Oakley, KS",Kansas,Municipality,Maia Golub,2026,,Tier 3,0.75,39.1271,-100.848,b94e94e2-b624-44ee-aee9-c48f2e44880c,,,,,,,,,2,2025-07-17,2,,,,,,12929
001cv00000AuWPM,"Township Of Oxford, KS",Kansas,Municipality,Maia Golub,2031,,Tier 3,0.75,37.2742,-97.1689,619c1007-cd1a-413c-b5e1-1049da525574,,,,,,,,,,,,,,,,,13044
001cv00000AuWPT,"Township Of High Prairie, KS",Kansas,Municipality,Maia Golub,2033,,Tier 3,0.75,39.2955,-95.0024,2335e89a-6ecb-4674-962a-dfabf1d40859,,,,,,,,,,,,,,,,,12986
001cv00000AuWPp,"Township Of Richland, KS",Kansas,Municipality,Maia Golub,2036,,Tier 3,0.75,37.4187,-96.8565,cda34e49-1c7d-47cc-880c-521b4d5c8b46,,,,,,,,,,,,,,,,,13032
001cv00000AuWQG,"Township Of Illinois, KS",Kansas,Municipality,Maia Golub,2042,,Tier 3,0.75,37.5888,-97.5464,78785413-4c71-479a-acf5-989d1cd8b068,,,,,,,,,,,,,,,,,13034
001cv00000AuWQM,"City Of Anthony, KS",Kansas,Municipality,Maia Golub,2043,Nurture,Tier 3,0.75,37.1534,-98.0312,1a77c7bc-824c-47da-9990-fdf8a1112be4,Closed Lost,,,Ryan Minter,,7/14/2025,,,2,2025-09-02,2,,,,,,13009
001cv00000AuWQO,"County Of Stanton, KS",Kansas,County,Maia Golub,2044,,Tier 3,0.75,38.5433,-95.0544,5564ef53-233f-4c27-b73e-0f38b012023a,,,,,,,,,1,2025-07-14,1,,,,,,12958
001cv00000AuWXH,"City Of Fredonia, KS",Kansas,Municipality,Maia Golub,2111,,Tier 3,0.75,37.5339,-95.8266,d275ce0b-9fbb-461a-8bba-5a84e0f47e14,,,,,,,,,2,2025-07-16,2,,,,,,13161
001cv00000AuWYp,"County Of Wichita, KS",Kansas,County,Maia Golub,2082,,Tier 3,0.75,37.6935,-97.3382,82b8be2d-0a78-4cd6-b02f-b1c3014157f6,,,,,,,,,,,,,,,,,13310
001cv00000AuWYq,"Township Of Number 11, KS",Kansas,Municipality,Maia Golub,2082,,Tier 3,0.75,38.9417,-95.0933,bf9e7e21-d649-4b3a-93d5-25ecb840a1b4,,,,,,,,,,,,,,,,,13292
001cv00000AuWZG,"Township Of Jefferson, KS",Kansas,Municipality,Maia Golub,2091,,Tier 3,0.75,39.3477,-95.2476,49d2380a-12f6-46ac-ad72-cb9066a9378e,,,,,,,,,,,,,,,,,13326
001cv00000AuWZV,"Township Of Wakeeney, KS",Kansas,Municipality,Maia Golub,2094,,Tier 3,0.75,39.025,-99.8796,aa961852-87ba-44b9-bd36-808c25af37d1,,,,,,,,,,,,,,,,,13418
001cv00000AuWZX,"Township Of Prospect, KS",Kansas,Municipality,Maia Golub,2095,,Tier 3,0.75,37.8053,-96.7708,bd709e25-e9f2-4d4c-b1e4-d9070aa5c96c,,,,,,,,,,,,,,,,,13367
001cv00000AuWaF,"City Of Herington, KS",Kansas,Municipality,Maia Golub,2110,,Tier 3,0.75,38.6711,-96.9425,98b19ee1-bcc2-4f79-93f0-4b4845708415,,,,,,,,,2,2025-07-24,2,,,,,,13384
001cv00000AuWaI,"City Of Council Grove, KS",Kansas,Municipality,Maia Golub,2111,,Tier 3,0.75,38.6611,-96.4919,818a69ba-8ca1-4601-9283-59296ba3e520,,,,,,,,,5,2025-07-22,5,,,,,,13406
001cv00000AuWaY,"Township Of Wakarusa, KS",Kansas,Municipality,Maia Golub,2113,,Tier 3,0.75,38.8857,-95.696,b7a5c08f-2104-47bf-ba92-1e9fd66b53e2,,,,,,,,,,,,,,,,,13369
001cv00000AuWbQ,"City Of Seneca, KS",Kansas,Municipality,Maia Golub,2130,,Tier 3,0.75,39.8342,-96.0642,1d59df7b-9999-41b6-aaa4-530fb04ebe2a,,,,,,,,,3,2025-07-22,3,,,,,,13107
001cv00000AuWbg,"Township Of Big Creek, KS",Kansas,Municipality,Maia Golub,2136,,Tier 3,0.75,38.9073,-99.4263,befb7c10-2ce7-40fc-9193-5b4c50255a55,,,,,,,,,,,,,,,,,13122
001cv00000AuWbq,"Township Of Ogden, KS",Kansas,Municipality,Maia Golub,2139,,Tier 3,0.75,39.1249,-96.6692,80fa12ef-d8e6-4884-98fc-bd271f0957fe,,,,,,,,,,,,,,,,,13104
001cv00000AuWcv,"Township Of Oskaloosa, KS",Kansas,Municipality,Maia Golub,2158,,Tier 3,0.75,39.2153,-95.3127,daa6be72-e44e-42d9-aae0-0a6b2b36f0a0,,,,,,,,,,,,,,,,,13225
001cv00000AuWd0,"City Of Cherryvale, KS",Kansas,Municipality,Maia Golub,2159,,Tier 3,0.75,37.2703,-95.5525,3c3a020a-acbe-4ebd-bb50-642f2dd39c63,,,,,,,,,7,2025-07-23,7,,,,,,13237
001cv00000AuWdJ,"City Of Halstead, KS",Kansas,Municipality,Maia Golub,2165,,Tier 3,0.75,38.0031,-97.506,94f2edef-3403-4a24-8fc1-223e8d859c0c,,,,,,,,,12,2025-12-04,12,,,,,,13172
001cv00000AuWdM,"City Of Lakin, KS",Kansas,Municipality,Maia Golub,2166,Nurture,Tier 3,0.75,37.9413,-101.2555,beb4138e-f5d5-4d24-a3b0-34056fcb41af,Closed Lost,,,Ryan Minter,7/21/2025,7/15/2025,"$24,000",,4,2025-07-28,4,,,,,,13120
001cv00000AuWdc,"City Of Cheney, KS",Kansas,Municipality,Maia Golub,2170,,Tier 3,0.75,37.627,-97.781,16bf0045-e77b-4ea2-b6cd-974d2b3cc86e,,,,,,,,,1,2025-07-10,1,,,,,,13166
001cv00000AuWrj,"City Of Holcomb, KS",Kansas,Municipality,Maia Golub,2228,,Tier 3,0.75,37.9861,-100.9893,9e2d9320-39c3-44cd-8831-0d6f24ff2ce6,,,,,,,,,5,2025-07-22,5,,,,,,13576
001cv00000AuX5I,"City Of Neodesha, KS",Kansas,Municipality,Maia Golub,2246,Open Opportunity,Tier 3,0.75,37.4184,-95.6803,6375fd41-8157-488e-af32-3a9d893a8866,Open,Initial Interest,Top of Funnel,Ryan Minter,8/6/2025,8/5/2025,,,16,2025-08-11,16,,,,,,13719
001cv00000AuX5J,"Township Of Newton, KS",Kansas,Municipality,Maia Golub,2246,,Tier 3,0.75,38.0467,-97.345,f2ea6799-d9de-4e42-ae19-2bb1e0b6b6a9,,,,,,,,,,,,,,,,,13635
001cv00000AuX5g,"City Of Phillipsburg, KS",Kansas,Municipality,Maia Golub,2254,,Tier 3,0.75,39.7561,-99.324,94bef32c-c44f-49d7-83b7-7edf9be404d5,,,,,,,,,6,2025-11-06,6,,,,,,13759
001cv00000AuX61,"City Of Kechi, KS",Kansas,Municipality,Maia Golub,2261,,Tier 3,0.75,37.796,-97.2826,6d9123ac-46ca-4788-9fc0-2320f9f19ff5,,,,,,,,,9,2025-08-25,9,,,,,,13718
001cv00000AuX6I,"Township Of Scott, KS",Kansas,Municipality,Maia Golub,2266,,Tier 3,0.75,38.5625,-100.8903,35c9770b-8cde-42da-809b-a6b2af757576,,,,,,,,,,,,,,,,,13755
001cv00000AuX7Q,"City Of Eureka, KS",Kansas,Municipality,Maia Golub,2289,Nurture,Tier 3,0.75,37.8239,-96.2892,0f3d1ab0-6d65-4bbc-ab5e-f797be1d33cb,Closed Lost,,,Ryan Minter,10/21/2025,10/15/2025,,,2,2025-10-21,2,,,,,,13811
001cv00000AuX7x,"Township Of Manhattan, KS",Kansas,Municipality,Maia Golub,2300,,Tier 3,0.75,39.1795,-96.5733,11548f69-b8b3-4b7f-8534-de626d0fb6d5,,,,,,,,,,,,,,,,,13732
001cv00000AuX8q,"City Of Sterling, KS",Kansas,Municipality,Maia Golub,2318,Open Opportunity,Tier 3,0.75,38.21,-98.207,ad728c9f-a5a2-4a7d-b479-ba0d2c373584,Open,Sales Qualified,Mid Funnel,Ryan Minter,11/4/2025,10/22/2025,,,4,2025-10-22,4,,,,,,13958
001cv00000AuXEf,"Township Of Marysville, KS",Kansas,Municipality,Maia Golub,2450,,Tier 3,0.75,39.8411,-96.6472,2e6f496f-ce1d-4bbf-b122-6273ac9674a1,,,,,,,,,,,,,,,,,14049
001cv00000AuXNw,"County Of Sheridan, KS",Kansas,County,Maia Golub,2478,,Tier 3,0.75,39.3471,-100.4397,8302804a-582e-4810-803a-52683a76c211,,,,,,,,,,,,,,,,,14149
001cv00000AuXOF,"County Of Hamilton, KS",Kansas,County,Maia Golub,2484,,Tier 3,0.75,37.9795,-96.1642,ca149012-da47-4983-ab9a-e0e731c3aa1b,,,,,,,,,,,,,,,,,14125
001cv00000AuXOs,"City Of Girard, KS",Kansas,Municipality,Maia Golub,2497,,Tier 3,0.75,37.5112,-94.838,14770626-6087-4773-acaf-198035eaa498,,,,,,,,,9,2025-11-07,9,,,,,,14188
001cv00000AuXOu,"City Of South Hutchinson, KS",Kansas,Municipality,Maia Golub,2498,1+ Module Live,Tier 3,0.75,38.0281,-97.9403,af8c9386-1e9a-436c-9928-04fd3c6a8c68,Closed Won,,,Jenny Allison,11/7/2025,10/29/2025,"$15,000",,7,2025-11-04,2,,,,5,,14216
001cv00000AuXPd,"City Of Sabetha, KS",Kansas,Municipality,Maia Golub,2519,,Tier 3,0.75,39.9022,-95.8008,bbe23f05-b5d3-43c3-acf8-02724711fc5f,,,,,,,,,,,,,,,,,14234
001cv00000AuXU8,"County Of Rawlins, KS",Kansas,County,Maia Golub,2549,,Tier 3,0.75,39.8601,-101.0712,a21913df-8b2f-4541-9b18-1172b1f98354,,,,,,,,,,,,,,,,,14278
001cv00000AuXVp,"Township Of Lincoln, KS",Kansas,Municipality,Maia Golub,2592,,Tier 3,0.75,38.5647,-95.3234,d99814ca-2cc3-40b9-8ffa-ba11a3ee308f,,,,,,,,,,,,,,,,,14333
001cv00000AuXW0,"County Of Chase, KS",Kansas,County,Maia Golub,2598,,Tier 3,0.75,38.355,-98.3495,d5e4f7d7-b484-48b4-a4f8-00ccdd7a2713,,,,,,,,,,,,,,,,,14366
001cv00000AuXel,"County Of Morton, KS",Kansas,County,Maia Golub,2692,,Tier 3,0.75,37.1333,-101.798,89c1244c-64a1-47bc-9c78-65354c15de08,,,,,,,,,,,,,,,,,14376
001cv00000AuXf2,"Township Of Garden, KS",Kansas,Municipality,Maia Golub,2704,,Tier 3,0.75,37.0447,-94.676,160314eb-9a33-4699-8197-59da4b27a4ee,,,,,,,,,,,,,,,,,14440
001cv00000AuXfZ,"County Of Logan, KS",Kansas,County,Maia Golub,2722,,Tier 3,0.75,39.6617,-99.5704,4b7828d0-aafd-4cf3-858a-2739be5ca496,,,,,,,,,,,,,,,,,14532
001cv00000AuXg4,"City Of Hillsboro, KS",Kansas,Municipality,Maia Golub,2740,,Tier 3,0.75,38.352,-97.2045,1840f891-763f-4126-b089-38f476f4e1f3,,,,,,,,,4,2025-11-03,4,,,,,,14433
001cv00000AuXg9,"City Of Galena, KS",Kansas,Municipality,Maia Golub,2743,,Tier 3,0.75,37.0759,-94.6397,844e8448-f96f-423e-ba1f-f108c914cf4d,,,,,,,,,,,,,,,,,14464
001cv00000AuXgN,"City Of St Marys, KS",Kansas,Municipality,Maia Golub,2749,,Tier 3,0.75,39.1942,-96.0711,29c95964-c093-462a-a72b-aa7d67851dff,,,,,,,,,,,,,,,,,14462
001cv00000AuXgT,"County Of Decatur, KS",Kansas,County,Maia Golub,2751,,Tier 3,0.75,39.748,-100.5296,2c82bf20-e4df-427c-a77c-d55bad67e023,,,,,,,,,,,,,,,,,14445
001cv00000AuXgg,"County Of Gove, KS",Kansas,County,Maia Golub,2755,,Tier 3,0.75,38.9271,-100.5296,29ed2feb-9f0d-4016-8065-b015345d8065,,,,,,,,,,,,,,,,,14541
001cv00000AuXgm,"City Of Norton, KS",Kansas,Municipality,Maia Golub,2758,,Tier 3,0.75,39.8339,-99.8915,10be449c-c364-40f1-b6b7-b3b8273714f7,,,,,,,,,,,,,,,,,14507
001cv00000AuXi4,"Township Of Morton, KS",Kansas,Municipality,Maia Golub,2786,,Tier 3,0.75,37.1333,-101.798,75b7fbb9-6732-4c86-a69c-2ebc4a5ecde0,,,,,,,,,1,2025-12-04,1,,,,,,14657
001cv00000AuXiO,"County Of Trego, KS",Kansas,County,Maia Golub,2793,,Tier 3,0.75,38.99,-99.8125,a8cba6d7-9328-4795-b140-265f783e6d02,,,,,,,,,,,,,,,,,14631
001cv00000AuXiQ,"Township Of Rock Creek, KS",Kansas,Municipality,Maia Golub,2794,,Tier 3,0.75,39.2458,-95.5372,70db51b7-b27b-4556-8bbd-41be417c6fd9,,,,,,,,,,,,,,,,,14621
001cv00000AuXjg,"County Of Edwards, KS",Kansas,County,Maia Golub,2832,,Tier 3,0.75,37.866,-99.2786,f7eeb106-2b71-47da-bfb3-ac924c532e50,,,,,,,,,,,,,,,,,14760
001cv00000AuXkE,"City Of Osage, KS",Kansas,Municipality,Maia Golub,2846,,Tier 3,0.75,38.6339,-95.8258,a9bd390e-b94e-40bd-bb99-72ae52fac191,,,,,,,,,,,,,,,,,14694
001cv00000AuXli,"City Of Columbus, KS",Kansas,Municipality,Maia Golub,2882,,Tier 3,0.75,37.1692,-94.8441,6d388e2d-a935-4907-994f-91b54fb211e3,,,,,,,,,,,,,,,,,14841
001cv00000AuXmD,"County Of Lincoln, KS",Kansas,County,Maia Golub,2903,,Tier 3,0.75,39.0403,-98.1477,c8150cef-789f-4b86-9d05-fdcffdd5ce33,,,,,,,,,,,,,,,,,14761
001cv00000AuXmY,"Township Of Washington, KS",Kansas,Municipality,Maia Golub,2910,,Tier 3,0.75,39.2698,-96.0044,0381376b-87d5-4904-bad7-a5032e5a6282,,,,,,,,,,,,,,,,,14928
001cv00000AuXn9,"County Of Jewell, KS",Kansas,County,Maia Golub,2937,,Tier 3,0.75,39.6714,-98.1537,c2285f07-790d-462d-8c87-80cf88cc69d0,,,,,,,,,,,,,,,,,14871
001cv00000AuXna,"County Of Rush, KS",Kansas,County,Maia Golub,2953,,Tier 3,0.75,38.5359,-99.2786,e7d8ab8a-dbe3-4bca-b765-9154b220f901,,,,,,,,,,,,,,,,,14888
001cv00000AuXnk,"Township Of Sherlock, KS",Kansas,Municipality,Maia Golub,2956,,Tier 3,0.75,37.9242,-101.0259,aca34250-ad06-40ef-b034-6398e04db63d,,,,,,,,,,,,,,,,,14873
001cv00000AuYAo,"Township Of Monmouth, KS",Kansas,Municipality,Maia Golub,3182,,Tier 3,0.75,37.3631,-94.9369,d42b95d8-8925-4978-a6b9-eff10cb53535,,,,,,,,,,,,,,,,,15782
001cv00000AuYBH,"Township Of Franklin, KS",Kansas,Municipality,Maia Golub,3092,,Tier 3,0.75,37.5245,-94.705,c10602cf-f1a3-401a-8d2b-fb3c67ec71dc,,,,,,,,,,,,,,,,,15192
001cv00000AuYBf,"County Of Woodson, KS",Kansas,County,Maia Golub,3102,,Tier 3,0.75,37.9198,-95.8143,0d1bc1e1-c9d9-4c17-8ad2-fdd625e6a39c,,,,,,,,,,,,,,,,,15248
001cv00000AuYET,"City Of Ellsworth, KS",Kansas,Municipality,Maia Golub,2992,,Tier 3,0.75,38.7306,-98.2281,2f8286e4-997a-4bd3-8efd-1344b10fd6c3,,,,,,,,,,,,,,,,,15278
001cv00000AuYGg,"Township Of Belle Plaine, KS",Kansas,Municipality,Maia Golub,3060,,Tier 3,0.75,37.3939,-97.2812,78738e7b-6d99-4b52-881d-47afe09fd57b,,,,,,,,,,,,,,,,,15209
001cv00000AuYGj,"City Of Kingman, KS",Kansas,Municipality,Maia Golub,3062,Nurture,Tier 3,0.75,37.6458,-98.1137,fda13db9-1b56-43fd-b3b9-b3bfb523cb25,Closed Lost,,,Ryan Minter,9/22/2025,9/15/2025,,,6,2025-09-23,6,,,,,,15055
001cv00000AuYHY,"Township Of Auburn, KS",Kansas,Municipality,Maia Golub,3295,,Tier 3,0.75,38.9061,-95.8161,a1211942-0929-4db4-9aae-2f14d3f9312c,,,,,,,,,,,,,,,,,15643
001cv00000AuYIY,"City Of Holton, KS",Kansas,Municipality,Maia Golub,3329,,Tier 3,0.75,39.4653,-95.7364,192bcc89-8437-4c6c-bd15-9f7892e57d74,,,,,,,,,1,2026-05-12,1,,,,,,15775
001cv00000AuYJU,"Township Of Ninnescah, KS",Kansas,Municipality,Maia Golub,3367,,Tier 3,0.75,37.504,-97.5464,7d96284f-a8eb-48d7-a07f-df3f9ce5e163,,,,,,,,,,,,,,,,,15835
001cv00000AuYJk,"Township Of Minneha, KS",Kansas,Municipality,Maia Golub,3377,,Tier 3,0.75,37.7145,-97.24,b2867568-6378-4a8c-bc27-874b57bcfb7c,,,,,,,,,1,2025-12-04,1,,,,,,15837
001cv00000AuYK9,"County Of Chautauqua, KS",Kansas,County,Maia Golub,3395,,Tier 3,0.75,37.0203,-96.1767,04e07895-054f-4251-9d5c-547e9d7597f7,,,,,,,,,,,,,,,,,15845
001cv00000AuYKA,"City Of Frontenac, KS",Kansas,Municipality,Maia Golub,3395,,Tier 3,0.75,37.4556,-94.6891,ecc9393b-acb8-4880-8b7e-7101f41a018d,,,,,,,,,1,2026-05-12,1,,,,,,15907
001cv00000AuYKh,"City Of Beloit, KS",Kansas,Municipality,Maia Golub,3407,,Tier 3,0.75,39.4561,-98.1062,8d02223f-e318-4c64-8ca7-118a22453c73,,,,,,,,,1,2026-05-12,1,,,,,,15941
001cv00000AuYKz,"City Of Marysville, KS",Kansas,Municipality,Maia Golub,3417,,Tier 3,0.75,39.8411,-96.6472,202c4ab2-5ff9-466d-a3d1-8bf2c7efcd44,,,,,,,,,,,,,,,,,15902
001cv00000AuYMD,"Township Of Baker, KS",Kansas,Municipality,Maia Golub,3475,,Tier 3,0.75,39.7542,-95.563,8fca4264-ef36-488b-b1b9-e5377b60a684,,,,,,,,,,,,,,,,,15962
001cv00000AuYMi,"City Of Hesston, KS",Kansas,Municipality,Maia Golub,3495,,Tier 3,0.75,38.1383,-97.4314,136ce063-2e34-40f2-bee7-2a9742e66485,,,,,,,,,2,2025-12-04,2,,,,,,15221
001cv00000AuYMl,"City Of Lindsborg, KS",Kansas,Municipality,Maia Golub,3496,,Tier 3,0.75,38.5736,-97.6745,7d214370-7f38-422b-88f9-d33c335cb5b5,,,,,,,,,2,2025-12-04,2,,,,,,15315
001cv00000AuYMq,"County Of Osborne, KS",Kansas,County,Maia Golub,3498,,Tier 3,0.75,39.4389,-98.6948,61d0a961-5df2-4863-b28e-29c1baffeb3e,,,,,,,,,,,,,,,,,15304
001cv00000AuYO1,"City Of Garnett, KS",Kansas,Municipality,Maia Golub,3192,,Tier 3,0.75,38.2806,-95.2419,8657175a-5d5d-4f76-a5b5-5f4c44576c48,,,,,,,,,1,2026-05-06,1,,,,,,15340
001cv00000AuYPD,"City Of Hiawatha, KS",Kansas,Municipality,Maia Golub,3246,,Tier 3,0.75,39.8525,-95.5358,b6170317-c904-4c69-8986-2e5f92741549,,,,,,,,,,,,,,,,,15444
001cv00000AuYRZ,"City Of Lyons, KS",Kansas,Municipality,Maia Golub,3556,Open Opportunity,Tier 3,0.75,38.345,-98.2017,de929fa5-d947-426d-b291-dd4ac0fbc857,Open,Initial Interest,Top of Funnel,Ryan Minter,9/25/2025,9/24/2025,,,4,2025-09-25,4,,,,,,15670
001cv00000AuYRh,"City Of Mission Hills, KS",Kansas,Municipality,Maia Golub,3565,,Tier 3,0.75,39.0178,-94.6169,bc1aa166-1aae-4046-8f9c-eebe38888104,,,,,,,,,6,2025-09-25,6,,,,,,15513
001cv00000AuYRy,"County Of Smith, KS",Kansas,County,Maia Golub,3576,,Tier 3,0.75,39.7334,-98.7481,021b63c6-db50-47e2-bfda-3c778d227a82,,,,,,,,,,,,,,,,,15621
001cv00000AuYSl,"City Of Larned, KS",Kansas,Municipality,Maia Golub,3621,,Tier 3,0.75,38.1806,-99.0987,17c22593-a24b-46b6-9121-91c88bfb834b,,,,,,,,,5,2026-01-26,5,,,,,,16129
001cv00000AuYdt,"County Of Haskell, KS",Kansas,County,Maia Golub,3668,,Tier 3,0.75,37.5588,-100.8903,00e18dbb-d33f-4cc7-b97d-bb167a3d9c05,,,,,,,,,,,,,,,,,16312
001cv00000AuYgj,"City Of Baxter Springs, KS",Kansas,Municipality,Maia Golub,3852,,Tier 3,0.75,37.0237,-94.7355,8fe26e22-26ae-4d24-804b-5cbfab49d698,,,,,,,,,4,2026-01-27,4,,,,,,16188
001cv00000AuYhW,"County Of Kearny, KS",Kansas,County,Maia Golub,3891,,Tier 3,0.75,38.0281,-101.2524,dfd34010-d51b-4188-9fc0-61090fa4ef29,,,,,,,,,8,2025-11-04,8,,,,,,16176
001cv00000AuYha,"Township Of St Marys, KS",Kansas,Municipality,Maia Golub,3893,,Tier 3,0.75,39.1942,-96.0711,178fad03-b973-459d-961d-1505f8f4e411,,,,,,,,,,,,,,,,,16258
001cv00000AuYm8,"County Of Meade, KS",Kansas,County,Maia Golub,4022,,Tier 3,0.75,37.2855,-100.3401,49d22d9a-d0bd-4b0a-be10-d324c2a1a944,,,,,,,,,,,,,,,,,16620
001cv00000AuYmN,"County Of Stafford, KS",Kansas,County,Maia Golub,4034,,Tier 3,0.75,37.9622,-98.6006,b96b9dfd-dca3-4b53-bb68-9fec651c622e,,,,,,,,,1,2025-12-04,1,,,,,,16519
001cv00000AuYmX,"Township Of Emma, KS",Kansas,Municipality,Maia Golub,4043,,Tier 3,0.75,38.1457,-97.4165,92c95614-6d96-4c01-86e2-eae1b5b7e9f6,,,,,,,,,,,,,,,,,16653
001cv00000AuYnu,"City Of Scott City, KS",Kansas,Municipality,Maia Golub,4104,Nurture,Tier 3,0.75,38.4825,-100.9071,2bfb8e53-4ac3-44b0-b94c-e4a7dda86993,Closed Lost,,,Ryan Minter,9/17/2025,9/12/2025,,,10,2025-09-17,10,,,,,,16691
001cv00000AuYo2,"County Of Barber, KS",Kansas,County,Maia Golub,4110,,Tier 3,0.75,37.23,-98.7481,3ccf0576-3daf-4350-a3d3-f16c52fc2a0e,,,,,,,,,,,,,,,,,16658
001cv00000AuYoU,"City Of Clay Center, KS",Kansas,Municipality,Maia Golub,4138,,Tier 3,0.75,39.3769,-97.1247,7497c49b-4d2c-408f-bc12-45a8e9f7c128,,,,,,,,,1,2026-05-12,1,,,,,,16645
001cv00000AuYp1,"City Of Fairway, KS",Kansas,Municipality,Maia Golub,4171,,Tier 3,0.75,39.0222,-94.6319,84c4eb6a-63ef-4c5f-8493-e4388f17b0b2,,,,,,,,,10,2025-09-09,10,,,,,,16654
001cv00000AuYss,"City Of Hugoton, KS",Kansas,Municipality,Maia Golub,3764,,Tier 3,0.75,37.1753,-101.3496,276c39d2-6642-41d4-b1e7-ddc67e1283ff,,,,,,,,,2,2026-01-21,2,,,,,,16542
001cv00000AuYuV,"City Of Rose Hill, KS",Kansas,Municipality,Maia Golub,4269,,Tier 3,0.75,37.5584,-97.135,3b16bd3b-bba4-4301-8ad7-2e75fc7e1d81,,,,,,,,,4,2026-05-13,4,,,,,,16748
001cv00000AuYul,"City Of Osawatomie, KS",Kansas,Municipality,Maia Golub,4280,Open Opportunity,Tier 3,0.75,38.4972,-94.9505,ffd6b78e-c12f-422d-b893-ecce7f113b75,Open,Meeting Booked,Top of Funnel,Ryan Minter,10/20/2025,10/13/2025,,,8,2025-10-23,8,,,,,,16804
001cv00000AuYuy,"Township Of Williamsport, KS",Kansas,Municipality,Maia Golub,4293,,Tier 3,0.75,38.9109,-95.7089,6a43ddf3-a1fe-4343-9d0f-7df0cdf6e7e4,,,,,,,,,,,,,,,,,16732
001cv00000AuYvK,"Township Of Reno, KS",Kansas,Municipality,Maia Golub,4313,,Tier 3,0.75,39.0511,-95.12,ee2ab84f-b551-42c9-b554-5b049ef651a4,,,,,,,,,,,,,,,,,16922
001cv00000AuYwV,"City Of Russell, KS",Kansas,Municipality,Maia Golub,4388,Open Opportunity,Tier 3,0.75,38.8953,-98.8598,48de1ae6-e03b-45ad-916d-3a4eb46bc76a,Open,Initial Interest,Top of Funnel,Ryan Minter,10/3/2025,9/25/2025,,,10,2025-10-21,10,,,,,,16871
001cv00000AuYyO,"City Of Goodland, KS",Kansas,Municipality,Maia Golub,4450,Open Opportunity,Tier 3,0.75,39.3508,-101.7102,1b8fd0ee-2764-4b67-b5d0-70e3c3982758,Open,Meeting Booked,Top of Funnel,Ryan Minter,10/30/2025,9/25/2025,,,6,2025-10-22,6,,,,,,19996
001cv00000AuZ7X,"County Of Stevens, KS",Kansas,County,Maia Golub,5293,,Tier 3,0.75,37.1869,-101.2524,aad92f90-6d8d-4870-8e35-83df4745e083,,,,,,,,,,,,,,,,,17097
001cv00000AuZ7k,"County Of Harper, KS",Kansas,County,Maia Golub,5331,,Tier 3,0.75,37.2867,-98.0259,3a14bb84-0467-437f-990d-3f4e76449205,,,,,,,,,,,,,,,,,17084
001cv00000AuZ7n,"County Of Norton, KS",Kansas,County,Maia Golub,5342,,Tier 3,0.75,39.8339,-99.8915,cf0f2973-1b10-4ddf-b2c9-384eabd0a829,,,,,,,,,,,,,,,,,17028
001cv00000AuZ7q,"County Of Morris, KS",Kansas,County,Maia Golub,5356,,Tier 3,0.75,38.7145,-96.6638,59ca6f45-4929-448e-81e4-cbe2e2e3fbeb,,,,,,,,,,,,,,,,,17023
001cv00000AuZ86,"Township Of Pleasant, KS",Kansas,Municipality,Maia Golub,5423,,Tier 3,0.75,38.1778,-94.7113,55a889f3-9815-4a1b-91a7-7d13b8f81360,,,,,,,,,,,,,,,,,17102
001cv00000AuZ8J,"Township Of Grant, KS",Kansas,Municipality,Maia Golub,5458,,Tier 3,0.75,39.0267,-95.2371,00e3f622-63f0-4865-9b28-840e2f2386a4,,,,,,,,,,,,,,,,,16993
001cv00000AuZ8T,"County Of Washington, KS",Kansas,County,Maia Golub,5511,,Tier 3,0.75,39.8413,-97.179,80982bb8-343d-468b-a4f1-158c668141f1,,,,,,,,,,,,,,,,,17025
001cv00000AuZAU,"County Of Ottawa, KS",Kansas,County,Maia Golub,5838,,Tier 3,0.75,38.6158,-95.2686,5279daac-92c4-40c8-ab7e-b49536fc25e5,,,,,,,,,,,,,,,,,17134
001cv00000AuZAh,"County Of Sherman, KS",Kansas,County,Maia Golub,5895,,Tier 3,0.75,39.2982,-101.798,d23351c2-f39a-43c9-8282-c4a0bcf94ff9,,,,,,,,,,,,,,,,,17054
001cv00000AuZAv,"County Of Greenwood, KS",Kansas,County,Maia Golub,5939,,Tier 3,0.75,37.9026,-96.1527,cfcb8242-51c1-43bd-92e9-99ca7449fe99,,,,,,,,,,,,,,,,,17036
001cv00000AuZBc,"County Of Pawnee, KS",Kansas,County,Maia Golub,6225,,Tier 3,0.75,38.2018,-99.2786,de4bf7b5-66cd-4300-8e6b-9d240a1c8ab4,,,,,,,,,2,2025-12-04,2,,,,,,17223
001cv00000AuZCV,"County Of Russell, KS",Kansas,County,Maia Golub,6703,,Tier 3,0.75,38.8953,-98.8598,b855e756-91c1-4068-b232-8067d59ebfa0,,,,,,,,,1,2025-08-28,1,,,,,,17178
001cv00000AuZCy,"County Of Wabaunsee, KS",Kansas,County,Maia Golub,6966,Open Opportunity,Tier 3,0.75,39.1461,-96.3461,e5f8124a-2c29-4c41-84c3-fe2376c8807f,Open,Meeting Booked,Top of Funnel,Ryan Minter,9/10/2025,9/9/2025,,,9,2025-09-10,9,,,,,,17283
001cv00000AuZIT,"County Of Ellsworth, KS",Kansas,County,Maia Golub,6336,,Tier 3,0.75,38.7306,-98.2281,dbad67a4-3060-4ec6-9b29-e6709a2113f5,,,,,,,,,,,,,,,,,17176
001cv00000AuZK7,"County Of Gray, KS",Kansas,County,Maia Golub,5644,,Tier 3,0.75,37.6841,-100.4397,9b7fce79-fc0c-417f-843a-3d0671b43ef2,,,,,,,,,,,,,,,,,17186
001cv00000AuZKJ,"Township Of Wamego, KS",Kansas,Municipality,Maia Golub,5724,,Tier 3,0.75,39.2019,-96.305,97ded7a6-347e-40b3-8b4b-70335f7eb3b5,,,,,,,,,,,,,,,,,17297
001cv00000AuZKL,"Township Of Garden City, KS",Kansas,Municipality,Maia Golub,5728,,Tier 3,0.75,37.9717,-100.8727,e8d911f7-a2d0-43b6-ba86-8d402ecb7672,,,,,,,,,,,,,,,,,17257
001cv00000AuZKP,"County Of Mitchell, KS",Kansas,County,Maia Golub,5748,,Tier 3,0.75,39.4437,-98.2213,5007eeef-3eea-42ce-b6c8-657898c69a8f,,,,,,,,,4,2025-09-05,4,,,,,,17264
001cv00000AuZM3,"County Of Phillips, KS",Kansas,County,Maia Golub,4815,,Tier 3,0.75,39.7666,-99.3673,2b73a438-819f-4564-9768-990adb4bdb6b,,,,,,,,,,,,,,,,,17331
001cv00000AuZML,"County Of Rooks, KS",Kansas,County,Maia Golub,4831,,Tier 3,0.75,39.3639,-99.2786,19b9174f-fc3e-4f45-82bb-0c5a7cc14594,,,,,,,,,,,,,,,,,17286
001cv00000AuZMk,"City Of Wamego, KS",Kansas,Municipality,Maia Golub,4860,,Tier 3,0.75,39.2019,-96.305,efb29c15-4242-4a2a-aa43-69e5165c35bc,,,,,,,,,8,2026-01-23,8,,,,,,17391
001cv00000AuZN4,"City Of Baldwin City, KS",Kansas,Municipality,Maia Golub,4882,,Tier 3,0.75,38.775,-95.1864,013f4f46-e7ae-4379-97e0-ea25144df7a2,,,,,,,,,14,2025-11-06,14,,,,,,17422
001cv00000AuZOk,"Township Of Park, KS",Kansas,Municipality,Maia Golub,7171,,Tier 3,0.75,39.1125,-100.3587,f65a86ec-f488-46ee-a678-554c7c38e5c0,,,,,,,,,,,,,,,,,17378
001cv00000AuZOs,"City Of Basehor, KS",Kansas,Municipality,Maia Golub,7219,,Tier 3,0.75,39.1417,-94.9386,a49e4498-d7dd-4085-ac51-d1210d2e91d8,,,,,,,,,8,2025-11-17,8,,,,,,17459
001cv00000AuZQs,"County Of Grant, KS",Kansas,County,Maia Golub,7324,,Tier 3,0.75,37.5246,-101.2524,a8708a26-9ec9-4ce4-99bd-a7832e9b6d58,,,,,,,,,,,,,,,,,17524
001cv00000AuZR2,"County Of Kingman, KS",Kansas,County,Maia Golub,7392,,Tier 3,0.75,37.6458,-98.1137,4aac4423-7c86-4a0f-8cea-afc34c8abcc2,,,,,,,,,1,2025-12-04,1,,,,,,17583
001cv00000AuZRD,"County Of Doniphan, KS",Kansas,County,Maia Golub,7471,,Tier 3,0.75,39.6417,-95.0806,85c958ea-e803-4f8a-a302-11c6d10631c4,,,,,,,,,,,,,,,,,17483
001cv00000AuZRo,"Township Of Attica, KS",Kansas,Municipality,Maia Golub,7710,,Tier 3,0.75,37.7059,-97.5356,a2169aa8-f228-474a-ad7d-5e5972e5b5cf,,,,,,,,,1,2025-12-04,1,,,,,,17702
001cv00000AuZRp,"Township Of Palmyra, KS",Kansas,Municipality,Maia Golub,7712,,Tier 3,0.75,38.8112,-95.1641,f50b5e84-00f2-4f55-9275-702f0a1d80dc,,,,,,,,,,,,,,,,,17674
001cv00000AuZS8,"City Of Louisburg, KS",Kansas,Municipality,Maia Golub,4994,,Tier 3,0.75,38.6195,-94.6808,ddbb66d5-280a-4bb2-aa4a-f557cf281f3a,,,,,,,,,4,2026-01-21,4,,,,,,17634
001cv00000AuZSr,"Township Of Blue, KS",Kansas,Municipality,Maia Golub,5075,,Tier 3,0.75,39.2813,-96.557,28d5d9a1-cbbf-4c9b-901c-3ec5d09cbec5,,,,,,,,,,,,,,,,,17475
001cv00000AuZTN,"County Of Scott, KS",Kansas,County,Maia Golub,5131,,Tier 3,0.75,38.5625,-100.8903,85d91dc8-d86c-406e-a9db-8b1b9a06d987,,,,,,,,,,,,,,,,,17493
001cv00000AuZVD,"Township Of Tecumseh, KS",Kansas,Municipality,Maia Golub,7765,,Tier 3,0.75,39.0443,-95.5822,8739c964-ca11-4cbd-8429-927210f93f70,,,,,,,,,,,,,,,,,17735
001cv00000AuZVF,"County Of Anderson, KS",Kansas,County,Maia Golub,7778,,Tier 3,0.75,38.2809,-95.3102,f5b37d4d-dd21-4e38-995f-d68f3648bc88,,,,,,,,,,,,,,,,,17744
001cv00000AuZVG,"Township Of Eudora, KS",Kansas,Municipality,Maia Golub,7784,,Tier 3,0.75,38.9417,-95.0933,f181c509-d477-4e12-bab0-5738cbb72be6,,,,,,,,,,,,,,,,,17716
001cv00000AuZVO,"County Of Thomas, KS",Kansas,County,Maia Golub,7877,,Tier 3,0.75,39.3703,-101.0712,10b20f6e-3709-450c-b44c-fdfe9aaa38c8,,,,,,,,,,,,,,,,,17677
001cv00000AuZXh,"County Of Coffey, KS",Kansas,County,Maia Golub,8338,,Tier 3,0.75,38.2571,-95.8143,45f78a32-9985-4eb6-bb57-6a10a1a35c1c,,,,,,,,,,,,,,,,,17791
001cv00000AuZY2,"County Of Wilson, KS",Kansas,County,Maia Golub,8526,,Tier 3,0.75,38.8272,-98.4735,33f2ffd9-6409-4cb8-93ec-e86fa5f29410,,,,,,,,,10,2025-10-08,10,,,,,,17799
001cv00000AuZZ0,"Township Of Smoky Hill, KS",Kansas,Municipality,Maia Golub,9010,,Tier 3,0.75,39.0544,-96.8994,05e3eaae-e604-4a5a-a8db-69c957f94b9e,,,,,,,,,,,,,,,,,18576
001cv00000AuZZG,"County Of Pratt, KS",Kansas,County,Maia Golub,9181,,Tier 3,0.75,37.6439,-98.7376,49864a28-a0be-4637-a8d8-11303dd2aa62,,,,,,,,,,,,,,,,,18403
001cv00000AuZZf,"County Of Rice, KS",Kansas,County,Maia Golub,9390,,Tier 3,0.75,38.2809,-98.2213,49fa68a6-3f60-4912-b0cd-cc9294701bf5,,,,,,,,,,,,,,,,,18398
001cv00000AuZZo,"County Of Brown, KS",Kansas,County,Maia Golub,9455,Nurture,Tier 3,0.75,39.77,-95.4778,e4cbae40-08a9-4f0e-9caf-e88c0618bcd2,Closed Lost,,,Ryan Minter,1/23/2026,1/6/2026,,,2,2026-01-22,2,,,,,,18437
001cv00000AuZZr,"Township Of Salem, KS",Kansas,Municipality,Maia Golub,9481,,Tier 3,0.75,37.5177,-97.3301,b72a2449-c368-48f7-9c12-04331e522127,,,,,,,,,,,,,,,,,18413
001cv00000AuZao,"Township Of Fairmount, KS",Kansas,Municipality,Maia Golub,11590,,Tier 2,1.0,39.1917,-94.9355,c74934b9-5f5f-4858-85be-b638006452e9,,,,,,,,,,,,,,,,,18303
001cv00000AuZax,"County Of Marion, KS",Kansas,County,Maia Golub,11712,,Tier 2,1.0,38.3483,-97.0172,f1928dec-d737-4276-a003-676fa7fa5b71,,,,,,,,,3,2025-11-04,3,,,,,,18256
001cv00000AuZcH,"County Of Marshall, KS",Kansas,County,Maia Golub,9979,,Tier 3,0.75,39.7177,-96.493,3ff7640a-d393-42bf-8405-e951820a6f45,,,,,,,,,,,,,,,,,18335
001cv00000AuZcK,"Township Of Gypsum, KS",Kansas,Municipality,Maia Golub,9996,,Tier 3,0.75,37.6105,-97.2006,32916dbb-3696-4b3b-b0bb-f220b48962a1,,,,,,,,,,,,,,,,,18254
001cv00000AuZcS,"Township Of Mission, KS",Kansas,Municipality,Maia Golub,10068,,Tier 2,1.0,39.0278,-94.6558,f3f40b79-9399-4d33-92b9-72bd65c18833,,,,,,,,,,,,,,,,,21281
001cv00000AuZcb,"County Of Nemaha, KS",Kansas,County,Maia Golub,10216,,Tier 2,1.0,39.7451,-95.9833,df1564f8-b7e9-4661-9b73-1d3053c1a451,,,,,,,,,4,2025-11-04,4,,,,,,18345
001cv00000AuZdF,"Township Of Madison, KS",Kansas,Municipality,Maia Golub,8693,,Tier 3,0.75,38.1113,-96.1951,86f06ee4-d2b2-4a39-a4af-ce4fdead86f0,,,,,,,,,,,,,,,,,17767
001cv00000AuZdo,"County Of Cloud, KS",Kansas,County,Maia Golub,8928,,Tier 3,0.75,39.4796,-97.6982,bc178272-2cd1-4d24-9f68-845bd0d235d1,,,,,,,,,,,,,,,,,17800
001cv00000AuZg8,"Township Of Riverside, KS",Kansas,Municipality,Maia Golub,13248,,Tier 2,1.0,37.6985,-97.3598,fa9bba4d-2488-48ad-b9d3-57ed9912de0d,,,,,,,,,,,,,,,,,18259
001cv00000AuZg9,"County Of Jackson, KS",Kansas,County,Maia Golub,13261,,Tier 2,1.0,39.4241,-95.8143,fac18b72-5594-440b-aff2-974195f05787,,,,,,,,,,,,,,,,,18160
001cv00000AuZhc,"Township Of Soldier, KS",Kansas,Municipality,Maia Golub,15112,,Tier 2,1.0,39.5361,-95.9642,3519fb4b-ab13-4726-8abf-779ec2162d88,,,,,,,,,6,2025-07-28,6,,,,,,18231
001cv00000AuZiV,"County Of Allen, KS",Kansas,County,Maia Golub,12464,,Tier 2,1.0,38.6561,-96.1697,ce190148-2c08-4137-80a2-32cbbc8d3217,,,,,,,,,,,,,,,,,18131
001cv00000AuZk2,"County Of Linn, KS",Kansas,County,Maia Golub,9747,Open Opportunity,Tier 3,0.75,39.68,-97.0842,c1c66a46-4f1d-4a11-a75e-362153da749b,Open,Meeting Booked,Top of Funnel,Ryan Minter,10/16/2025,10/8/2025,,,1,2025-10-08,1,,,,,,18033
001cv00000AuZnu,"County Of Bourbon, KS",Kansas,County,Maia Golub,14323,,Tier 2,1.0,37.7957,-94.8106,bdad7a9a-eb2e-4890-9e81-5c24ca974f53,,,,,,,,,,,,,,,,,17903
001cv00000AuZor,"County Of Osage, KS",Kansas,County,Maia Golub,15768,,Tier 2,1.0,38.6009,-95.6458,c80359fb-a8ca-4950-9433-4c956fc50ae9,,,,,,,,,,,,,,,,,17939
001cv00000AuZou,"County Of Neosho, KS",Kansas,County,Maia Golub,15784,,Tier 2,1.0,37.6046,-95.3102,f0fbdc90-b17c-4e14-adac-33835773ff8b,,,,,,,,,,,,,,,,,17885
001cv00000AuZpJ,"County Of Atchison, KS",Kansas,County,Maia Golub,16239,,Tier 2,1.0,39.5701,-95.3521,24b4754e-1083-446a-afd8-43804e5080a3,,,,,,,,,2,2025-09-15,2,,,,,,17821
001cv00000AuZsM,"County Of Dickinson, KS",Kansas,County,Maia Golub,18459,,Tier 2,1.0,38.8506,-97.179,d6f78148-c2fd-4d49-b873-5c54a6c9d9ab,,,,,,,,,,,,,,,,,18544
001cv00000AuZsu,"County Of Cherokee, KS",Kansas,County,Maia Golub,19130,,Tier 2,1.0,37.1142,-94.8106,c9d78b4f-af0b-4e8a-af7f-6b935c53a257,,,,,,,,,,,,,,,,,18545
001cv00000AuZtb,"Township Of Bruno, KS",Kansas,Municipality,Maia Golub,17360,,Tier 2,1.0,37.7004,-97.1144,586efe83-d10d-4614-988f-11bcbb491279,,,,,,,,,,,,,,,,,18459
001cv00000AuZuV,"County Of Jefferson, KS",Kansas,County,Maia Golub,18411,,Tier 2,1.0,39.2828,-95.3102,320e709e-3e3d-44dd-a9fa-f018983b37a5,,,,,,,,,,,,,,,,,18638
001cv00000AuZy5,"County Of Seward, KS",Kansas,County,Maia Golub,21747,,Tier 2,1.0,37.221,-100.8903,738672f8-8969-48a0-a4a2-8b1ba88b7df6,,,,,,,,,2,2025-12-03,2,,,,,,19115
001cv00000Aua0i,"County Of Ellis, KS",Kansas,County,Maia Golub,28790,,Tier 1,1.5,38.9381,-99.5607,7a66e228-40fe-4ed0-a87f-208058630262,,,,,,,,,8,2025-10-14,8,,,,,,18817
001cv00000Aua2e,"County Of Barton, KS",Kansas,County,Maia Golub,25216,,Tier 1,1.5,38.5001,-98.6601,710a4fe3-a649-41d0-ac94-504e3fa4f188,,,,,,,,,4,2025-12-15,4,,,,,,19300
001cv00000Aua31,"County Of Pottawatomie, KS",Kansas,County,Maia Golub,25790,,Tier 1,1.5,39.3976,-96.3226,a369b724-a929-4373-a41b-6ea3d9b66313,,,,,,,,,3,2026-02-20,2,,1,,,,19351
001cv00000Aua3J,"County Of Labette, KS",Kansas,County,Maia Golub,19912,,Tier 2,1.0,37.2639,-95.3102,c9359dd7-e248-4e94-b383-3187d1aa7bd2,,,,,,,,,,,,,,,,,18566
001cv00000Aua5p,"County Of Harvey, KS",Kansas,County,Maia Golub,33817,,Tier 1,1.5,38.0025,-97.3517,c875d973-7b38-4037-bd73-98a7d17ab188,,,,,,,,,1,2025-08-04,1,,,,,,19275
001cv00000Aua5z,"County Of Ford, KS",Kansas,County,Maia Golub,34159,Open Opportunity,Tier 1,1.5,37.654,-99.8125,8e1a38b9-33a0-4810-81f6-5f20c2555179,Closed Lost,,,Ryan Minter,8/5/2025,8/4/2025,,,3,2025-08-05,3,,,,,,19220
001cv00000Aua6D,"County Of Cowley, KS",Kansas,County,Maia Golub,34496,,Tier 1,1.5,37.266,-96.9209,4daa21b9-8b41-4f76-bd30-ac8e51d1064b,,,,,,,,,,,,,,,,,19281
001cv00000Aua7I,"County Of Crawford, KS",Kansas,County,Maia Golub,39110,,Tier 1,1.5,37.4558,-94.8106,5900a087-7bbc-460d-814b-23ac42dd3068,,,,,,,,,1,2026-04-17,1,,,,,,19324
001cv00000Aua8G,"County Of Montgomery, KS",Kansas,County,Maia Golub,31156,,Tier 1,1.5,37.2403,-95.8143,e6dd9b5d-6c11-4dcf-920d-ccda492cdab3,,,,,,,,,6,2026-02-23,6,,,,,,18700
001cv00000Aua8U,"County Of Lyon, KS",Kansas,County,Maia Golub,31998,Nurture,Tier 1,1.5,38.345,-98.2017,f9236c05-54fa-4017-bee3-4537e73de6cc,Closed Lost,,,Alicia Gopal,5/6/2026,4/30/2026,,,2,2025-07-23,2,,,,,,18781
001cv00000Aua9l,"County Of Sumner, KS",Kansas,County,Maia Golub,22385,,Tier 2,1.0,37.2236,-97.6114,7a07476c-db9f-42b6-b2b6-0a654b3acee8,,,,,,,,,1,2025-11-20,1,,,,,,18906
001cv00000AuaAh,"Township Of Rockford, KS",Kansas,Municipality,Maia Golub,23851,,Tier 2,1.0,37.5257,-97.2006,a23e7cee-d0ab-43f2-8079-23ecb15dbe87,,,,,,,,,,,,,,,,,18767
001cv00000AuaBD,"County Of Franklin, KS",Kansas,County,Maia Golub,25986,,Tier 1,1.5,38.6166,-95.3102,fae1d2a1-b086-4eaf-aa04-6f34b84e0d25,,,,,,,,,4,2026-02-20,4,,,,,,19217
001cv00000AuaDC,"County Of Geary, KS",Kansas,County,Maia Golub,35934,Open Opportunity,Tier 1,1.5,38.9985,-96.7922,24452bf9-3b58-48f4-bef1-bc95f8422742,Open,Initial Interest,Top of Funnel,Ryan Minter,,4/17/2026,,,,,,,,,,,19150
001cv00000AuaMz,"County Of Saline, KS",Kansas,County,Maia Golub,53888,,Tier S,2.0,38.8175,-97.6982,138b140a-6298-482b-acd0-ce6937fc944e,,,,,,,,,7,2025-11-06,7,,,,,,19688
001cv00000B21pj,"Township Of Mound, KS",Kansas,Municipality,Maia Golub,2383,,Tier 3,0.75,38.203,-97.5191,fc7fdf6d-f76b-4cac-9907-6fa0140fb99e,,,,,,,,,,,,,,,,,20187
001cv00000B21pr,"Township Of Benton, KS",Kansas,Municipality,Maia Golub,2387,,Tier 3,0.75,37.7889,-97.1086,e7a6df80-3ef3-4a57-bce0-3d859f727efd,,,,,,,,,,,,,,,,,20157
001cv00000B21q4,"County Of Kiowa, KS",Kansas,County,Maia Golub,2392,,Tier 3,0.75,37.0172,-98.4854,9d016636-6aa3-4027-a3f1-80383249ed11,,,,,,,,,,,,,,,,,20132
001cv00000B21q9,"Township Of Ridgeway, KS",Kansas,Municipality,Maia Golub,2394,,Tier 3,0.75,38.8296,-95.6668,8d3b5be3-e11d-4e16-8775-709a71562b47,,,,,,,,,,,,,,,,,20130
001cv00000B21qK,"County Of Graham, KS",Kansas,County,Maia Golub,2400,,Tier 3,0.75,39.3198,-99.8125,8e912ae0-b0f7-4acd-a575-4ef052af0797,,,,,,,,,,,,,,,,,20154
001cv00000B21rp,"Township Of Cimarron, KS",Kansas,Municipality,Maia Golub,2436,,Tier 3,0.75,37.8068,-100.3484,17c2da8d-d265-451f-85bb-b99d3a1270b8,,,,,,,,,,,,,,,,,20275
001cv00000B21rr,"Township Of Gardner, KS",Kansas,Municipality,Maia Golub,2437,,Tier 3,0.75,38.8108,-94.9272,7b256a9d-0da3-473f-a99d-afa3928c2b2a,,,,,,,,,,,,,,,,,20248
001cv00000B21s5,"County Of Elk, KS",Kansas,County,Maia Golub,2441,,Tier 3,0.75,37.3936,-96.1527,96109fea-8c59-42e9-aed5-ace96153b3be,,,,,,,,,,,,,,,,,20304
001cv00000B21sU,"Township Of Towanda, KS",Kansas,Municipality,Maia Golub,2608,,Tier 3,0.75,37.7975,-96.9998,ff5fb875-091d-48ad-8fe3-c38f3cd5e62b,,,,,,,,,,,,,,,,,20389
001cv00000B21wl,"City Of Clearwater, KS",Kansas,Municipality,Maia Golub,2626,,Tier 3,0.75,37.5047,-97.4968,e0d347b2-bafa-46c6-bc2b-e54458e569e1,,,,,,,,,,,,,,,,,20393
001cv00000B21wo,"Township Of Union, KS",Kansas,Municipality,Maia Golub,2628,,Tier 3,0.75,39.2253,-95.2058,105320e8-2fa3-4400-86bb-eaf4e7269b6c,,,,,,,,,,,,,,,,,20421
001cv00000B21wv,"County Of Cheyenne, KS",Kansas,County,Maia Golub,2633,,Tier 3,0.75,39.7878,-101.798,3e1d91d6-701a-4bfe-8755-a12375e2a7bf,,,,,,,,,,,,,,,,,20388
001cv00000B21xA,"City Of Burlington, KS",Kansas,Municipality,Maia Golub,2641,,Tier 3,0.75,38.1945,-95.7428,db267671-0639-48c4-8859-446054e9ccbf,,,,,,,,,,,,,,,,,20367
001cv00000B21xl,"City Of Hoisington, KS",Kansas,Municipality,Maia Golub,2657,,Tier 3,0.75,38.5181,-98.7781,81e98e49-7fb9-47fb-8ddd-4d04dacdd668,,,,,,,,,,,,,,,,,20336
001cv00000B21yO,"County Of Ness, KS",Kansas,County,Maia Golub,2672,,Tier 3,0.75,38.477,-99.9912,bb99f080-1d29-43c6-b342-3b8601cc77d2,,,,,,,,,,,,,,,,,20517
001cv00000B220c,"City Of Edwardsville, KS",Kansas,Municipality,Maia Golub,4610,Nurture,Tier 3,0.75,39.0611,-94.8197,72b24bd1-3e20-436f-9289-dddca2dd1ebf,Closed Lost,,,Ryan Minter,12/9/2025,9/25/2025,,,5,2025-12-09,5,,,,,,20556
001cv00000B221G,"Township Of Aubry, KS",Kansas,Municipality,Maia Golub,4655,,Tier 3,0.75,38.7715,-94.6678,831b96cb-b1fc-4030-a6fd-02f497d4d828,,,,,,,,,,,,,,,,,20553
001cv00000B221L,"County Of Republic, KS",Kansas,County,Maia Golub,4662,,Tier 3,0.75,39.808,-97.6982,6a15c548-7b5c-465e-b26e-ac582d50386c,,,,,,,,,,,,,,,,,20514
001cv00000B221a,"Township Of St George, KS",Kansas,Municipality,Maia Golub,4681,,Tier 3,0.75,39.1911,-96.4203,3a53f820-adb0-42fa-80af-409178d6e513,,,,,,,,,,,,,,,,,20591
001cv00000B2Gty,"County Of Clay, KS",Kansas,County,Maia Golub,8077,,Tier 3,0.75,39.3479,-97.179,0b063947-34a9-47f4-b92a-f4e90266cc8a,,,,,,,,,,,,,,,,,20664
001cv00000CLwiD,"Township Of Sherman, KS",Kansas,Municipality,Maia Golub,2799,,Tier 3,0.75,39.0268,-94.9974,05b30fe8-51ab-46d7-b1aa-ef1c008bf642,,,,,,,,,,,,,,,,,20704
001cv00000CLwiE,"Township Of Stranger, KS",Kansas,Municipality,Maia Golub,5150,,Tier 3,0.75,39.1497,-95.0391,bda8bbdd-b4e0-452a-8911-eb536d907644,,,,,,,,,,,,,,,,,20712
001cv00000CLwiF,"City Of Valley Center, KS",Kansas,Municipality,Maia Golub,7419,Nurture,Tier 3,0.75,37.8323,-97.372,2b027d3e-71f0-4790-8064-a719f064cccf,Closed Lost,,,Liam Shaw,10/28/2024,1/5/2025,,,3,2026-02-23,3,,,,,,20703
001cv00000CLwwp,"City Of Tonganoxie, KS",Kansas,Municipality,Maia Golub,5702,,Tier 3,0.75,39.1097,-95.0877,2958201b-0fed-499e-9eff-abc317b71976,,,,,,,,,27,2026-02-04,27,,,,,,20702
001cv00000CLwwq,"City Of Independence, KS",Kansas,Municipality,Maia Golub,8464,,Tier 3,0.75,37.2242,-95.7083,bd5d6452-a663-4698-a9da-aff615555227,,,,,,,,,11,2025-08-01,11,,,,,,20708
001cv00000DWSg2,"City of Douglass, KS",Kansas,Municipality,Maia Golub,1500,,Tier 3,0.75,37.5196,-97.0136,be4f67a2-6e60-44a7-9842-1b1c0320504d,,,,,,,,,,,,,,,,,20739
001cv00000bAeBc,City of Overland Park,Kansas,Municipality,Maia Golub,202893,,Tier S,2.0,38.9822,-94.6708,2ba3e22a-9c78-4ae7-a009-78303e93a40e,,,,,,,,,,,,,,,,,22736
001cv00000bBVeg,City of Greensburg,Kansas,Municipality,Maia Golub,731,,Tier 3,0.75,37.6028,-99.2926,ee2a848a-d267-4467-9aba-5a9b307fccb9,,,,,,,,,,,,,,,,,21199
001cv00000bBVei,City of Ashland,Kansas,Municipality,Maia Golub,734,,Tier 3,0.75,37.1886,-99.7657,7e90e4fb-d7cf-41c0-86a8-bbc0ba5ff900,,,,,,,,,,,,,,,,,21193
001cv00000bBVes,City of Jetmore,Kansas,Municipality,Maia Golub,748,,Tier 3,0.75,38.0845,-99.8935,354f1b12-4334-4012-9eb7-2d0c33149124,,,,,,,,,,,,,,,,,21184
001cv00000bBVfj,City of Galva,Kansas,Municipality,Maia Golub,826,,Tier 3,0.75,38.382,-97.5375,51a7faef-1ebb-4c2f-834a-c900cbec98a4,,,,,,,,,,,,,,,,,21204
001cv00000bBVfq,City of Cottonwood Falls,Kansas,Municipality,Maia Golub,833,,Tier 3,0.75,38.3722,-96.5428,cf591252-34d2-47ac-88fc-4b57e77da44d,,,,,,,,,,,,,,,,,21229
001cv00000bBVhe,City of Alma,Kansas,Municipality,Maia Golub,839,,Tier 3,0.75,38.98,-96.284,b3db18a9-6f12-4ac1-aea2-b06bf6fa7a6f,,,,,,,,,,,,,,,,,21252
001cv00000bBVi3,City of Kiowa,Kansas,Municipality,Maia Golub,870,,Tier 3,0.75,37.0172,-98.4854,5d678ffd-b335-4c15-ad13-8fdf15d591a1,,,,,,,,,,,,,,,,,21311
001cv00000bBViB,Township of Mission,Kansas,Municipality,Maia Golub,883,,Tier 3,0.75,39.0278,-94.6558,c95ff417-71a8-4101-9c45-87b37cef9836,,,,,,,,,,,,,,,,,21281
001cv00000bBViF,City of Lebo,Kansas,Municipality,Maia Golub,887,,Tier 3,0.75,38.4167,-95.853,4d64cc00-5372-4538-adca-ade982ae4304,,,,,,,,,,,,,,,,,21354
001cv00000bBViZ,City of Chetopa,Kansas,Municipality,Maia Golub,905,,Tier 3,0.75,37.0373,-95.09,8bf86b75-0553-4b4a-997f-de50cd084094,,,,,,,,,,,,,,,,,21274
001cv00000bBVia,City of Dighton,Kansas,Municipality,Maia Golub,907,,Tier 3,0.75,38.482,-100.4671,4f8fcc40-7a3f-46da-bdaf-4aaa9121efe7,,,,,,,,,,,,,,,,,21299
001cv00000bBVin,City of Stafford,Kansas,Municipality,Maia Golub,920,,Tier 3,0.75,37.9622,-98.6006,924d02ca-4908-47c0-bba0-2d5b3e5cd532,,,,,,,,,,,,,,,,,21310
001cv00000bBVlY,City of Troy,Kansas,Municipality,Maia Golub,982,,Tier 3,0.75,39.78,-95.092,600131d3-9e75-429a-ad0f-b0ff44f7b3dc,,,,,,,,,,,,,,,,,21391
001cv00000bBVli,City of Montezuma,Kansas,Municipality,Maia Golub,994,,Tier 3,0.75,37.5959,-100.4432,c1497332-56cb-4549-b4ac-54d7b1feabd6,,,,,,,,,,,,,,,,,21410
001cv00000bBVlr,City of Lake Quivira,Kansas,Municipality,Maia Golub,1006,,Tier 3,0.75,39.0395,-94.7787,00aeb023-b9b8-4d8a-bcf7-d3502e974aac,,,,,,,,,,,,,,,,,21396
001cv00000bBVls,City of Plains,Kansas,Municipality,Maia Golub,1006,,Tier 3,0.75,37.2603,-100.5927,26b59904-4eea-49a3-a58c-560a82c18976,,,,,,,,,,,,,,,,,21402
001cv00000bBVmK,City of Erie,Kansas,Municipality,Maia Golub,1035,,Tier 3,0.75,37.5681,-95.2433,183768a3-76de-4cbe-9b03-9a535be6d039,,,,,,,,,,,,,,,,,21436
001cv00000bBVnx,City of Oxford,Kansas,Municipality,Maia Golub,1036,,Tier 3,0.75,37.2742,-97.1689,608f992b-a158-46d8-bb5e-602b6bf39006,,,,,,,,,,,,,,,,,21443
001cv00000bBVny,City of Lyndon,Kansas,Municipality,Maia Golub,1037,,Tier 3,0.75,38.6098,-95.6844,efeb2a66-930d-4dce-8667-a4afbdae9c4d,,,,,,,,,,,,,,,,,21424
001cv00000bBVoA,City of Altamont,Kansas,Municipality,Maia Golub,1047,,Tier 3,0.75,37.1903,-95.2972,0a94ab19-92ea-4b23-b3bf-07939a9556c2,,,,,,,,,,,,,,,,,21455
001cv00000bBVoa,City of Washington,Kansas,Municipality,Maia Golub,1075,,Tier 3,0.75,39.8181,-97.0509,32dd6f3c-fd11-4045-a9ee-f2123b2ead18,,,,,,,,,,,,,,,,,21451
001cv00000bBVsj,City of Lincoln,Kansas,Municipality,Maia Golub,1160,,Tier 3,0.75,39.0403,-98.1477,016997a1-84ca-4920-96dd-19102b9df433,,,,,,,,,,,,,,,,,21548
001cv00000bBVw8,City of Saint John,Kansas,Municipality,Maia Golub,1173,,Tier 3,0.75,38.0022,-98.7601,22a6901e-e75f-4d0f-9a74-f43e7560716e,,,,,,,,,,,,,,,,,21563
001cv00000bBVwC,City of Hoxie,Kansas,Municipality,Maia Golub,1176,,Tier 3,0.75,39.3575,-100.4418,5fd02253-b89c-4e57-851a-6b821e109383,,,,,,,,,,,,,,,,,21553
001cv00000bBVwZ,Township of Maple Hill,Kansas,Municipality,Maia Golub,1189,,Tier 3,0.75,39.0846,-96.0282,e15d4055-4f25-467b-9c75-3bdc2bfb9527,,,,,,,,,,,,,,,,,21576
001cv00000bBVxY,City of Wathena,Kansas,Municipality,Maia Golub,1260,,Tier 3,0.75,39.7592,-94.9497,56cead5f-cc33-4da5-aee7-722db3073652,,,,,,,,,,,,,,,,,21671
001cv00000bBVxl,City of Osborne,Kansas,Municipality,Maia Golub,1274,,Tier 3,0.75,39.4389,-98.6948,6942c577-5c68-4e95-a3cc-cb862dee3a72,,,,,,,,,,,,,,,,,21658
001cv00000bBVxr,City of Saint Francis,Kansas,Municipality,Maia Golub,1282,,Tier 3,0.75,39.7742,-101.8014,291f6c8f-7593-4010-9bb9-d79e6c08f6e1,,,,,,,,,,,,,,,,,21649
001cv00000bBVy5,City of Harper,Kansas,Municipality,Maia Golub,1293,,Tier 3,0.75,37.2867,-98.0259,0f977ba7-c894-4b87-b306-4f7b44327c22,,,,,,,,,,,,,,,,,21683
001cv00000bBVyB,Unified Government of Greeley County,Kansas,Municipality,Maia Golub,1304,,Tier 3,0.75,38.4738,-101.798,792fff4d-ece1-4ff0-8094-01327bf27912,,,,,,,,,,,,,,,,,21703
001cv00000bBVyK,City of Yates Center,Kansas,Municipality,Maia Golub,1315,,Tier 3,0.75,37.8811,-95.7333,67771891-59be-4b9b-acae-b6c22e6c3f27,,,,,,,,,,,,,,,,,21697
001cv00000bBWBy,City of Smith Center,Kansas,Municipality,Maia Golub,1569,,Tier 3,0.75,39.7792,-98.7851,309da25f-8ba1-4cfb-b691-fb536e2762fa,,,,,,,,,,,,,,,,,22006
001cv00000bBWC4,City of Sedgwick,Kansas,Municipality,Maia Golub,1582,,Tier 3,0.75,37.9157,-97.4271,fbd9c450-606d-424e-81de-933bd58b9ef5,,,,,,,,,,,,,,,,,22004
001cv00000bBWDQ,City of Moundridge,Kansas,Municipality,Maia Golub,1965,,Tier 3,0.75,38.203,-97.5191,252cf345-56fe-4047-bccc-066e9c76c27f,,,,,,,,,,,,,,,,,22040
001cv00000bBWDU,City of Ellinwood,Kansas,Municipality,Maia Golub,1969,,Tier 3,0.75,38.3556,-98.5809,f83ce2e4-ae45-42fa-8e78-9dd6c09b60e9,,,,,,,,,,,,,,,,,22075
001cv00000bBWDe,City of Cimarron,Kansas,Municipality,Maia Golub,1977,,Tier 3,0.75,37.8068,-100.3484,eced909e-e101-4470-8a60-0cf1dfe61dda,,,,,,,,,,,,,,,,,22139
001cv00000bBWIh,City of WaKeeney,Kansas,Municipality,Maia Golub,1766,,Tier 3,0.75,39.025,-99.8796,c546fd94-762d-412a-be45-7c4274dd6d93,,,,,,,,,,,,,,,,,21728
001cv00000bBWJA,City of North Newton,Kansas,Municipality,Maia Golub,1798,,Tier 3,0.75,38.0722,-97.3456,078eed2e-0eb2-4817-81c8-94cddff1e5ed,,,,,,,,,,,,,,,,,21792
001cv00000bBWJI,City of Syracuse,Kansas,Municipality,Maia Golub,1807,,Tier 3,0.75,37.9806,-101.7527,8f4b9f53-c698-42b7-b72c-846d2166f339,,,,,,,,,,,,,,,,,21793
001cv00000bBWJR,City of Humboldt,Kansas,Municipality,Maia Golub,1817,,Tier 3,0.75,37.8106,-95.4369,185d828b-a20f-4e1a-be48-404fd24f1d3f,,,,,,,,,,,,,,,,,21797
001cv00000bBWKD,Clark County,Kansas,County,Maia Golub,1873,,Tier 3,0.75,37.226,-99.833,e1b4b9a6-2fc3-4d31-88dd-91be25cc3535,,,,,,,,,,,,,,,,,21848
001cv00000bBWKz,City of Wellsville,Kansas,Municipality,Maia Golub,1933,,Tier 3,0.75,38.7185,-95.0819,25288d72-1cb0-423b-a3c4-b29c1520d317,,,,,,,,,,,,,,,,,21882
001cv00000bBWL3,City of Minneapolis,Kansas,Municipality,Maia Golub,1939,,Tier 3,0.75,39.1219,-97.7067,b0edbc82-724e-4b74-ab13-e5af49176b20,,,,,,,,,,,,,,,,,21883
001cv00000bBWM7,City of Goddard,Kansas,Municipality,Maia Golub,6009,,Tier 3,0.75,37.6641,-97.575,cd353c58-9571-483c-a9c5-ab1fe4ceab4a,,,,,,,,,1,2026-05-12,1,,,,,,21948
001cv00000bBWMp,Reno County,Kansas,County,Maia Golub,61417,,Tier S,2.0,37.957,-98.0465,ba4cdd9e-a4e0-4ec9-9f22-b494009ba3fb,,,,,,,,,,,,,,,,,21982
001cv00000bBWNj,City of Oberlin,Kansas,Municipality,Maia Golub,1610,,Tier 3,0.75,39.8183,-100.5282,7f05572f-d2b2-408b-ad76-32c768ffe086,,,,,,,,,,,,,,,,,22095
001cv00000bBWON,City of Ogden,Kansas,Municipality,Maia Golub,1656,,Tier 3,0.75,39.1111,-96.7061,11c688b0-35f4-444d-92c1-1cabd6603a1a,,,,,,,,,,,,,,,,,22094
001cv00000bBWOZ,Hodgeman County,Kansas,County,Maia Golub,1673,,Tier 3,0.75,38.143,-99.9912,ccc4872f-4a23-4757-b850-bb8eb5f4627d,,,,,,,,,,,,,,,,,22132
001cv00000bBWOu,City of Plainville,Kansas,Municipality,Maia Golub,1693,,Tier 3,0.75,39.2347,-99.2982,7204d6f5-9581-4395-9c4c-a59112108da6,,,,,,,,,,,,,,,,,22142
001cv00000bBWPD,City of Medicine Lodge,Kansas,Municipality,Maia Golub,1708,,Tier 3,0.75,37.2811,-98.5804,96fd9002-3c8f-4f85-ba7c-1bfd9e7e85a6,,,,,,,,,,,,,,,,,22154
001cv00000bBWPL,City of Edgerton,Kansas,Municipality,Maia Golub,1716,,Tier 3,0.75,38.7649,-95.007,ad558e56-ec13-464d-bde3-49147a9270f6,,,,,,,,,,,,,,,,,22179
001cv00000bBWPR,City of Westwood,Kansas,Municipality,Maia Golub,1719,,Tier 3,0.75,39.0406,-94.6169,c68473dd-498b-4c40-abcb-a1e411509299,,,,,,,,,,,,,,,,,22149
001cv00000bBWPf,City of Elkhart,Kansas,Municipality,Maia Golub,1726,,Tier 3,0.75,37.0081,-101.8902,161e0ede-892a-4085-851e-ae695ade0635,,,,,,,,,,,,,,,,,22196
001cv00000bBWSR,Douglas County,Kansas,County,Maia Golub,121989,,Tier S,2.0,38.867,-95.236,6a4a6d2e-73fe-4841-935b-9df9e81b8922,,,,,,,,,,,,,,,,,22334
001cv00000bBWSZ,City of Topeka,Kansas,Municipality,Maia Golub,125467,,Tier S,2.0,39.0473,-95.6752,6c566e5c-801d-4c5a-b9f9-44d60061bd7d,,,,,,,,,,,,,,,,,22331
001cv00000bBWTM,City of Olathe,Kansas,Municipality,Maia Golub,149035,,Tier S,2.0,38.8814,-94.8191,9f31b9c5-7ead-4fcd-9616-79193399b10d,,,,,,,,,,,,,,,,,22381
001cv00000bBWXr,Sedgwick County,Kansas,County,Maia Golub,536081,,Tier S,2.0,37.6537,-97.5247,13ce1f32-0445-4bac-9dea-f7536fdb52f1,,,,,,,,,,,,,,,,,22439
001cv00000bBWsi,City of Inman,Kansas,Municipality,Maia Golub,1328,,Tier 3,0.75,38.2319,-97.7732,320870b2-9cd0-4095-acea-969c3b8f5fff,,,,,,,,,,,,,,,,,22577
001cv00000bBWt5,City of Kinsley,Kansas,Municipality,Maia Golub,1361,,Tier 3,0.75,37.9231,-99.4098,7abaa07d-8ed7-4969-9f86-f4ad48686f5b,,,,,,,,,,,,,,,,,22594
001cv00000bBWtM,Township of Payne,Kansas,Municipality,Maia Golub,1374,,Tier 3,0.75,37.7923,-97.1683,58a8a2ac-7b49-499c-8b74-7348ab3039ff,,,,,,,,,,,,,,,,,22632
001cv00000bBWtY,City of Chapman,Kansas,Municipality,Maia Golub,1388,,Tier 3,0.75,38.9724,-97.0197,ab803559-c972-4acb-a210-d27d76f29a4f,,,,,,,,,,,,,,,,,22610
001cv00000bBWu3,City of Meade,Kansas,Municipality,Maia Golub,1436,,Tier 3,0.75,37.2855,-100.3401,b068db65-2c1d-41fe-8837-aa5ce7a45a42,,,,,,,,,,,,,,,,,22657
001cv00000bBWuK,City of Horton,Kansas,Municipality,Maia Golub,1461,,Tier 3,0.75,39.6606,-95.5264,11e2a366-58b5-4ede-8cc3-bf65151d265d,,,,,,,,,,,,,,,,,22664
001cv00000bBWuU,Wallace County,Kansas,County,Maia Golub,1472,,Tier 3,0.75,38.9697,-101.798,5ed8823c-8c9e-4ab4-89a7-528370b163eb,,,,,,,,,,,,,,,,,22685
001cv00000bBWua,Lane County,Kansas,County,Maia Golub,1482,,Tier 3,0.75,38.4295,-100.5296,6c4bc0c1-1a97-4504-876f-8766494f7421,,,,,,,,,,,,,,,,,22703
001cv00000bBX0u,City of Wichita,Kansas,Municipality,Maia Golub,400991,,Tier S,2.0,37.6935,-97.3382,5c560165-23b1-41bd-9332-e39a0c10c8ff,,,,,,,,,,,,,,,,,22847
