Account ID,Account Name,State,Entity Type,Owner,Population,Account Status,Tier,SQO Points,Lat,Lng,Starbridge Buyer ID,Opp Status,Stage,Funnel Position,Sourced By,Discovery Call Date,Created Date,ARR,Previously Lost,Total Calls,Last Call Date,Calls - Ben Laddis,Calls - Joe del Rosario,Calls - Quinzel Perry,Calls - Jenny Allison,Calls - Emily Murnane,Calls - Ryan Minter,Salesforce ID
001Hr000028Zbn2,"City Of Denison, IA",Iowa,Municipality,Ben Laddis,8178,Nurture,Tier 3,0.75,42.025,-95.3589,9ea57176-e8eb-4233-b6b1-2cbf42e17ec5,Closed Lost,,,Quinzel Perry,7/1/2025,4/7/2025,,,15,2026-04-06,2,,13,,,,
001Hr000028Zbp2,"City Of Glenwood, IA",Iowa,Municipality,Ben Laddis,5170,,Tier 3,0.75,41.0469,-95.7425,04bd4441-fd9e-4198-88ee-87fbc948e397,,,,,,,,,1,2026-02-03,1,,,,,,
001Hr000028Zbs3,"City Of Storm Lake, IA",Iowa,Municipality,Ben Laddis,11256,,Tier 2,1.0,42.643,-95.2019,2f426d4c-c77d-435d-adcb-4076264a9655,,,,,,,,,3,2026-05-18,2,,,,,1,
001Hr000028Zbt9,"City Of Manchester, IA",Iowa,Municipality,Ben Laddis,5094,Open Opportunity,Tier 3,0.75,42.4858,-91.458,cac7e8b2-27b9-459a-b8ea-386a53bd62bc,Open,Proposal,Mid Funnel,Ben Laddis,2/4/2026,2/2/2026,"$12,000",,11,2026-05-19,1,,,10,,,
001Hr000028ZbuO,"City Of Spencer, IA",Iowa,Municipality,Ben Laddis,11356,,Tier 2,1.0,43.1457,-95.1451,1063475e-56ca-4820-8923-45b6011513f7,,,,,,,,,18,2026-03-17,16,2,,,,,
001Hr000028ZbxV,"City Of Fort Madison, IA",Iowa,Municipality,Ben Laddis,10174,,Tier 2,1.0,40.6298,-91.3145,3cef1546-cb72-4025-9364-f27167924f48,,,,,,,,,2,2026-04-07,1,1,,,,,
001Hr000028ZbxX,"City Of Waukee, IA",Iowa,Municipality,Ben Laddis,26495,,Tier 1,1.5,41.615,-93.8722,ff4bb0a9-862b-43ee-b42c-08fc7b45bb30,,,,,,,,,29,2026-04-17,7,20,2,,,,
001Hr000028Zbyw,"City Of Atlantic, IA",Iowa,Municipality,Ben Laddis,6758,Nurture,Tier 3,0.75,41.4036,-95.0139,db57194f-f886-4fae-8952-672dc7c7301c,Closed Lost,,,Harrison Peacock,9/18/2024,1/5/2025,,,5,2026-04-23,5,,,,,,
001Hr000028Zbz9,"City Of Osceola, IA",Iowa,Municipality,Ben Laddis,5536,,Tier 3,0.75,41.0343,-93.7668,fe5224e4-c5a3-417e-a7bd-b2f4d181b114,,,,,,,,,2,2026-02-09,2,,,,,,
001Hr000028Zc1d,"City Of Asbury, IA",Iowa,Municipality,Ben Laddis,5984,,Tier 3,0.75,42.5146,-90.7502,5b772a5e-0c06-4622-873a-2b7f8043d338,,,,,,,,,1,2026-04-08,,,,1,,,
001Hr000028Zc2b,"City Of Ames, IA",Iowa,Municipality,Ben Laddis,66424,Open Opportunity,Tier S,2.0,42.0308,-93.6319,6022af34-20cf-44d2-8371-2f41bb9cad01,Open,Initial Interest,Top of Funnel,Ben Laddis,,4/15/2026,,,34,2026-04-15,16,2,,,16,,
001Hr000028Zc86,"City Of Le Mars, IA",Iowa,Municipality,Ben Laddis,10572,,Tier 2,1.0,42.7942,-96.1656,89eb22b6-2b23-4c0c-8082-265133c0b416,,,,,,,,,12,2026-03-13,11,1,,,,,
001Hr000028ZcBt,"City Of Anamosa, IA",Iowa,Municipality,Ben Laddis,5350,Open Opportunity,Tier 3,0.75,42.1083,-91.2852,f37249b3-1acc-447e-bc4b-eb86235b167e,Open,Meeting Booked,Top of Funnel,Ben Laddis,7/14/2026,4/13/2026,,Yes,3,2026-04-13,3,,,,,,
001Hr000028ZcCI,"City Of Nevada, IA",Iowa,Municipality,Ben Laddis,7057,Open Opportunity,Tier 3,0.75,42.0227,-93.4523,fef98ada-5c16-4705-873c-ee1aeac2ad4c,Open,Meeting Booked,Top of Funnel,Ben Laddis,9/17/2026,4/23/2026,,,21,2026-04-30,21,,,,,,
001Hr000028ZcGS,"City Of Vinton, IA",Iowa,Municipality,Ben Laddis,4931,Nurture,Tier 3,0.75,42.1646,-92.0186,9c288372-2a2b-49e1-898d-417bc7dc4e1b,Closed Lost,,,Joe del Rosario,9/3/2024,1/5/2025,,,9,2026-04-16,6,3,,,,,
001Hr000028ZcH2,"City Of Carroll, IA",Iowa,Municipality,Ben Laddis,10224,,Tier 2,1.0,42.0656,-94.8673,8e06d78c-f6ba-49ae-b13b-64ded4b1c519,,,,,,,,,4,2026-04-09,3,1,,,,,
001Hr000028ZcJG,"City Of Sheldon, IA",Iowa,Municipality,Ben Laddis,5428,Open Opportunity,Tier 3,0.75,43.1812,-95.857,806102e2-f1ea-49c8-b456-6d9fa138f161,Open,Initial Interest,Top of Funnel,Ben Laddis,5/21/2026,3/18/2026,,,19,2026-05-21,18,,,1,,,
001Hr000028ZcL3,"City Of Mount Pleasant, IA",Iowa,Municipality,Ben Laddis,8982,,Tier 3,0.75,40.9717,-91.5488,27ffdc0a-13fe-470c-887f-6179e99e5482,,,,,,,,,,,,,,,,,
001Hr000028ZcNK,"City Of Estherville, IA",Iowa,Municipality,Ben Laddis,5861,,Tier 3,0.75,43.4013,-94.8392,49065273-e8c1-4b58-9fcc-aff9acbf71e2,,,,,,,,,2,2026-02-02,2,,,,,,
001Hr000028ZcOH,"City Of Winterset, IA",Iowa,Municipality,Ben Laddis,5385,,Tier 3,0.75,41.3308,-94.0138,aa617019-46b1-40e1-bccf-1ab8ff34a5f9,,,,,,,,,1,2026-04-14,1,,,,,,
001Hr000028ZcOd,"City Of Spirit Lake, IA",Iowa,Municipality,Ben Laddis,5420,,Tier 3,0.75,43.4226,-95.1022,c22082fe-3712-4537-bb59-2c0a5d559fa2,,,,,,,,,1,2026-02-03,1,,,,,,
001Hr000028ZcOs,"City Of Clarinda, IA",Iowa,Municipality,Ben Laddis,5493,,Tier 3,0.75,40.7419,-95.0383,35cba5db-e9ef-480b-ba67-72b22ee00182,,,,,,,,,1,2026-04-23,1,,,,,,
001Hr000028ZcQi,"City Of De Witt, IA",Iowa,Municipality,Ben Laddis,5520,,Tier 3,0.75,41.824,-90.539,7a2bb609-e4be-43b3-b2c8-1238d021ac6c,,,,,,,,,,,,,,,,,
001Hr000028ZcSi,"City Of Waverly, IA",Iowa,Municipality,Ben Laddis,10398,,Tier 2,1.0,42.7272,-92.4669,89a59dc8-d27c-4313-9cb7-f8a25f65ba0d,,,,,,,,,1,2026-01-30,1,,,,,,
001Hr000028ZcTJ,"Linn County, IA",Iowa,County,Ben Laddis,,,Tier 3,0.75,42.066,-91.6761,d180f08c-bdcb-4837-b6d5-f775dd06cfa8,,,,,,,,,,,,,,,,,
001Hr000028ZcTV,"City Of Mason City, IA",Iowa,Municipality,Ben Laddis,27138,,Tier 1,1.5,43.1527,-93.2027,e73757e4-77ee-4b73-ac5d-ae8ce3dba08a,,,,,,,,,5,2026-03-25,5,,,,,,
001Hr000028ZcTm,"City Of Oelwein, IA",Iowa,Municipality,Ben Laddis,5844,,Tier 3,0.75,42.6785,-91.912,c7af0a28-3692-4fd1-beca-a693410102ac,,,,,,,,,2,2026-04-16,2,,,,,,
001Hr000028ZcUp,"City Of Charles City, IA",Iowa,Municipality,Ben Laddis,7281,,Tier 3,0.75,43.0664,-92.6724,cc1bdbab-334a-4f51-98a6-ef5c2225c093,,,,,,,,,3,2026-03-24,1,2,,,,,
001Hr000028ZcVA,"City Of Hiawatha, IA",Iowa,Municipality,Ben Laddis,7147,,Tier 3,0.75,42.0492,-91.6815,788d7be2-5b38-4c70-8952-00a1ef9e4ea0,,,,,,,,,6,2026-02-18,6,,,,,,
001Hr000028ZcVK,"City Of Decorah, IA",Iowa,Municipality,Ben Laddis,7454,,Tier 3,0.75,43.3033,-91.7857,f95240b3-b649-436d-83f1-798583579918,,,,,,,,,5,2026-02-03,5,,,,,,
001Hr000028ZcXG,"City Of Iowa Falls, IA",Iowa,Municipality,Ben Laddis,5063,,Tier 3,0.75,42.5199,-93.2646,2bf4e8c5-4dd8-458d-9bb2-c7ed0bf08760,,,,,,,,,,,,,,,,,
001Hr000028ZcZp,"City Of Independence, IA",Iowa,Municipality,Ben Laddis,6166,,Tier 3,0.75,42.4686,-91.8893,485972b3-a6ab-4653-94fd-c10266ed7b74,,,,,,,,,3,2026-02-05,3,,,,,,
001Hr000028Zcc0,"City Of Creston, IA",Iowa,Municipality,Ben Laddis,7487,Nurture,Tier 3,0.75,41.0586,-94.3613,fc324af9-5cef-4e46-b0bd-0521e50f7935,Closed Lost,,,Joe del Rosario,9/4/2024,1/5/2025,,,12,2026-03-11,12,,,,,,
001Hr000028ZcdR,"City Of Knoxville, IA",Iowa,Municipality,Ben Laddis,7440,,Tier 3,0.75,41.3203,-93.0997,fc63b02b-3518-4f02-a753-18af7fb666bb,,,,,,,,,16,2026-03-13,16,,,,,,
001Hr000028Zcdh,"City Of Red Oak, IA",Iowa,Municipality,Ben Laddis,5582,,Tier 3,0.75,41.0171,-95.2214,c813dc69-f71e-4b99-9fb6-e56f0f115792,,,,,,,,,14,2026-02-23,14,,,,,,
001Hr000028Zcdk,"City Of Clear Lake, IA",Iowa,Municipality,Ben Laddis,7574,,Tier 3,0.75,43.1436,-93.3788,ec4e363b-deff-4e97-9c51-0c7ff985b152,,,,,,,,,6,2026-02-19,6,,,,,,
001Hr000028ZceB,"City Of Pleasant Hill, IA",Iowa,Municipality,Ben Laddis,10860,,Tier 2,1.0,41.5874,-93.5196,433c0e4e-ded6-4b32-86ed-0ff6011705d3,,,,,,,,,6,2026-05-18,,1,,3,,2,
001Hr000028ZceY,"City Of Maquoketa, IA",Iowa,Municipality,Ben Laddis,6068,,Tier 3,0.75,42.0689,-90.6657,39063763-d905-454c-aaec-36b147960454,,,,,,,,,4,2026-02-18,4,,,,,,
001Hr000028Zceb,"City Of Webster City, IA",Iowa,Municipality,Ben Laddis,7751,,Tier 3,0.75,42.4694,-93.8159,b7b9909e-ce9f-4760-aa46-5e943999f3d1,,,,,,,,,4,2026-02-19,4,,,,,,
001Hr000028ZcfZ,"City Of Marshalltown, IA",Iowa,Municipality,Ben Laddis,27388,,Tier 1,1.5,42.0495,-92.908,ff3d1f18-3349-4a21-86ad-b3a728a39265,,,,,,,,,8,2026-04-07,6,2,,,,,
001Hr000028Zcfz,"City Of Centerville, IA",Iowa,Municipality,Ben Laddis,5325,,Tier 3,0.75,40.7291,-92.8738,cf07220e-92eb-4625-a291-da41832308f5,,,,,,,,,11,2026-05-18,11,,,,,,
001Hr000028Zcg4,"City Of Algona, IA",Iowa,Municipality,Ben Laddis,5336,Nurture,Tier 3,0.75,43.07,-94.233,137cea2a-7e0d-4a9c-ab03-f029bb72b413,Closed Lost,,,Ben Laddis,2/23/2026,2/13/2026,,,6,2026-02-23,5,,,1,,,
001Hr000028ZcgW,"City Of Eldridge, IA",Iowa,Municipality,Ben Laddis,6745,,Tier 3,0.75,41.6581,-90.5846,6210231d-2754-4fff-8886-578811925dc5,,,,,,,,,13,2026-03-05,12,1,,,,,
001Hr000028ZciO,"City Of Johnston, IA",Iowa,Municipality,Ben Laddis,24195,Open Opportunity,Tier 2,1.0,41.673,-93.6977,c56ea1b7-b138-489b-860a-62be5e29dadd,Open,Initial Interest,Top of Funnel,Ben Laddis,,4/27/2026,,Yes,4,2026-02-05,4,,,,,,
001Hr000028Zcjw,"City Of Orange City, IA",Iowa,Municipality,Ben Laddis,6228,,Tier 3,0.75,43.0072,-96.0584,de169b07-7601-46ce-94fb-093ce9061238,,,,,,,,,8,2026-02-19,3,5,,,,,
001Hr000028Zck7,"City Of Washington, IA",Iowa,Municipality,Ben Laddis,7255,Open Opportunity,Tier 3,0.75,41.3014,-91.6916,e62d120c-3395-4234-a2f4-90d556bf9fc7,Open,Initial Interest,Top of Funnel,Joe del Rosario,9/17/2024,1/5/2025,,,4,2026-03-16,4,,,,,,
001Hr000028ZckJ,"City Of Clinton, IA",Iowa,Municipality,Ben Laddis,24434,Nurture,Tier 2,1.0,41.8445,-90.1887,65c1ab7e-76d9-4c48-8518-e66add5b1e2b,Closed Lost,,,Granger West,9/5/2024,1/5/2025,,,4,2026-04-14,3,1,,,,,
001Hr000028ZckZ,"City Of Clive, IA",Iowa,Municipality,Ben Laddis,18814,,Tier 2,1.0,41.6061,-93.7724,09235743-39c3-45ba-b275-ac64311d44f0,,,,,,,,,18,2026-05-15,15,3,,,,,
001Hr000028Zcke,"City Of Oskaloosa, IA",Iowa,Municipality,Ben Laddis,11536,Nurture,Tier 2,1.0,41.2917,-92.6494,a8ec8bf1-3f99-4610-9f37-7c6ce61524ea,Closed Lost,,,Joe del Rosario,2/5/2025,2/4/2025,,,4,2026-04-07,4,,,,,,
001Hr000028Zckv,"City Of Bondurant, IA",Iowa,Municipality,Ben Laddis,8035,,Tier 3,0.75,41.7005,-93.462,48b18cfc-f548-4f9d-81b2-6bae7d02a0eb,,,,,,,,,2,2026-02-10,,,,2,,,
001Hr000028Zcme,"Pottawattamie County, IA",Iowa,County,Ben Laddis,93529,,Tier S,2.0,41.3912,-95.4778,2f0b8186-5c46-4ac0-98e5-807b7c1d03f5,,,,,,,,,8,2026-04-24,8,,,,,,
001Hr000028ZcnG,"City Of Grinnell, IA",Iowa,Municipality,Ben Laddis,9513,,Tier 3,0.75,41.7434,-92.7232,4ca3cc5a-e41d-4b1a-b4a1-a876822ac2bd,,,,,,,,,9,2026-02-25,9,,,,,,
001Hr000028Zcpz,"City Of Perry, IA",Iowa,Municipality,Ben Laddis,7929,Nurture,Tier 3,0.75,41.8386,-94.1072,1c61cf93-fb31-43ac-9805-209a9177d6d5,Closed Lost,,,Quinzel Perry,4/8/2025,4/3/2025,,,12,2026-03-12,12,,,,,,
001Hr000028ZcqF,"City Of Sioux Center, IA",Iowa,Municipality,Ben Laddis,8273,,Tier 3,0.75,43.0798,-96.1757,edd5231e-998a-4052-9ad6-23d90b5e525e,,,,,,,,,9,2026-05-13,9,,,,,,
001Hr000028Zcsv,"City Of Keokuk, IA",Iowa,Municipality,Ben Laddis,9792,Open Opportunity,Tier 3,0.75,40.4045,-91.3964,e4ae5b8f-21e6-49ad-beb5-f220c35da277,Open,Initial Interest,Top of Funnel,Ben Laddis,4/7/2026,3/27/2026,,Yes,2,2026-03-20,2,,,,,,
001Hr000028Zcti,"City Of Grimes, IA",Iowa,Municipality,Ben Laddis,15949,Nurture,Tier 2,1.0,41.6884,-93.7925,c8515d9c-34b8-47c4-9049-9f237294cd19,Closed Lost,,,Joe del Rosario,9/10/2024,1/5/2025,,,4,2026-04-17,3,1,,,,,
001Hr000028Zcvd,"City Of Fairfield, IA",Iowa,Municipality,Ben Laddis,9641,,Tier 3,0.75,41.0076,-91.9637,3149830f-63e3-4436-8d33-0a79cf91304c,,,,,,,,,14,2026-04-07,14,,,,,,
001Hr000028Zcx0,"City Of Pella, IA",Iowa,Municipality,Ben Laddis,10554,,Tier 2,1.0,41.408,-92.9164,205b8d6c-9431-4ad6-8050-c71cfec75309,,,,,,,,,2,2026-02-02,2,,,,,,
001Hr000028Zd13,"City Of Newton, IA",Iowa,Municipality,Ben Laddis,15667,Nurture,Tier 2,1.0,41.7033,-93.0574,bb214711-115d-415d-8c3e-684fff308b9d,Closed Lost,,,Joe del Rosario,9/13/2024,1/5/2025,,,1,2026-02-02,1,,,,,,
001Hr000028Zd1v,"City Of Norwalk, IA",Iowa,Municipality,Ben Laddis,13609,Open Opportunity,Tier 2,1.0,41.4754,-93.6825,370b31da-50ef-422f-9ea9-793a156cf062,Open,Demo,Mid Funnel,Ben Laddis,5/21/2026,4/15/2026,,,9,2026-05-22,3,1,,5,,,
001Hr000028Zd2U,"City Of Boone, IA",Iowa,Municipality,Ben Laddis,12469,,Tier 2,1.0,42.0597,-93.8802,ff9117f4-3d3b-4828-a8b2-3ecefd93f80b,,,,,,,,,5,2026-04-14,4,1,,,,,
001Hr000028Zd3O,"City Of Indianola, IA",Iowa,Municipality,Ben Laddis,15747,,Tier 2,1.0,41.3583,-93.5583,2542e94f-13a4-4c93-832f-53344e01fb2e,,,,,,,,,15,2026-03-12,15,,,,,,
001Hr000028Zd4r,"City Of Burlington, IA",Iowa,Municipality,Ben Laddis,23713,Nurture,Tier 2,1.0,40.8077,-91.1129,9bacc3c5-fa34-42be-ace5-4e1d36ec5a78,Closed Lost,,,Quinzel Perry,6/12/2025,6/2/2025,,,1,2025-06-02,,,1,,,,
001Hr000028Zd57,"City Of North Liberty, IA",Iowa,Municipality,Ben Laddis,20875,,Tier 2,1.0,41.7522,-91.6076,58ce15ed-fe39-4fa8-9cd9-e0635f0d14c5,,,,,,,,,4,2026-02-20,4,,,,,,
001Hr000028ZdA9,"City Of Altoona, IA",Iowa,Municipality,Ben Laddis,20705,,Tier 2,1.0,41.6436,-93.4751,f721ac2a-0aed-4d91-9a7b-2b6856522137,,,,,,,,,10,2026-03-13,10,,,,,,
001Hr000028ZdBI,"City Of Muscatine, IA",Iowa,Municipality,Ben Laddis,23474,Nurture,Tier 2,1.0,41.4245,-91.0432,d23d774a-ee35-4945-ade0-e90ebf8026a7,Closed Lost,,,Joe del Rosario,9/10/2024,1/5/2025,,,2,2026-02-03,2,,,,,,
001Hr000028ZdBl,"City Of Coralville, IA",Iowa,Municipality,Ben Laddis,22949,,Tier 2,1.0,41.696,-91.6086,f0fa456c-5612-4ccb-b182-c699c501e194,,,,,,,,,8,2026-02-20,8,,,,,,
001Hr000028ZdC2,"City Of Urbandale, IA",Iowa,Municipality,Ben Laddis,45923,Nurture,Tier 1,1.5,41.6294,-93.7607,caaa8e26-8c0e-498b-b97b-b5aa7ce47220,Closed Lost,,,Ben Laddis,4/21/2026,2/3/2026,,,3,2026-04-22,3,,,,,,
001Hr000028ZdDh,"City Of Fort Dodge, IA",Iowa,Municipality,Ben Laddis,24912,Open Opportunity,Tier 2,1.0,42.4975,-94.168,43954c99-0b12-401a-a5b1-d3bff00b9ea7,Open,Initial Interest,Top of Funnel,Joe del Rosario,9/12/2024,1/5/2025,,,24,2026-05-20,24,,,,,,
001Hr000028ZdEH,"City Of Ottumwa, IA",Iowa,Municipality,Ben Laddis,25350,Open Opportunity,Tier 1,1.5,41.016,-92.4083,67ee2101-ea32-4229-8a89-6cdfb2f6eaec,Open,Proposal,Mid Funnel,Ben Laddis,4/24/2026,4/13/2026,,,21,2026-04-24,21,,,,,,
001Hr000028ZdIQ,"City Of Marion, IA",Iowa,Municipality,Ben Laddis,41703,,Tier 1,1.5,42.0333,-91.5969,aa95e889-54d6-40cc-8f93-30a21f74375f,,,,,,,,,20,2026-03-12,20,,,,,,
001Hr000028ZdIs,"City Of Cedar Falls, IA",Iowa,Municipality,Ben Laddis,41417,Open Opportunity,Tier 1,1.5,42.5349,-92.4453,5a19da4a-902b-47df-bb72-d1af7ddae8a5,Open,Initial Interest,Top of Funnel,Ben Laddis,,4/16/2026,,,14,2026-04-22,12,2,,,,,
001Hr000028ZdJz,"City Of Bettendorf, IA",Iowa,Municipality,Ben Laddis,39327,Open Opportunity,Tier 1,1.5,41.5263,-90.5073,52f0345f-74dd-4241-89cb-6875689f8db9,Open,Meeting Booked,Top of Funnel,Ben Laddis,7/14/2026,2/20/2026,,,18,2026-05-20,18,,,,,,
001Hr000028ZdMD,"Jasper County, IA",Iowa,County,Ben Laddis,38107,Open Opportunity,Tier 1,1.5,41.6415,-93.0176,334324fb-5aa1-4ca3-be52-90c9f2607f5a,Open,Initial Interest,Top of Funnel,Ben Laddis,,4/23/2026,,,9,2026-04-17,9,,,,,,
001Hr000028ZdN7,"City Of West Des Moines, IA",Iowa,Municipality,Ben Laddis,69792,,Tier S,2.0,41.5677,-93.7566,a7913435-5819-4044-ae40-ad1ad4691c25,,,,,,,,,21,2026-04-07,20,,1,,,,
001Hr000028ZdSa,"City Of Iowa City, IA",Iowa,Municipality,Ben Laddis,74596,,Tier S,2.0,41.6578,-91.5346,2951cda2-f91a-4fe9-a4b6-85ac13c014fd,,,,,,,,,8,2026-04-22,8,,,,,,
001Hr000028ZdTc,"City Of Ankeny, IA",Iowa,Municipality,Ben Laddis,70287,,Tier S,2.0,41.7318,-93.6001,d49881c8-e0d4-468a-8ce7-9e503df3592b,,,,,,,,,35,2026-05-18,25,10,,,,,
001Hr000028ZdU7,"City Of Council Bluffs, IA",Iowa,Municipality,Ben Laddis,62415,,Tier S,2.0,41.2619,-95.8608,c9d15219-79ba-4b70-9f8d-4bf925f3031d,,,,,,,,,3,2026-02-06,1,,2,,,,
001Hr000028ZdXH,"County Of Dubuque, IA",Iowa,County,Ben Laddis,98718,,Tier S,2.0,42.4695,-90.8294,3cf9c1b7-a237-4306-8283-ed961a2fcbad,,,,,,,,,4,2026-03-04,3,1,,,,,
001Hr000028Zday,"County Of Marshall, IA",Iowa,County,Ben Laddis,39853,,Tier 1,1.5,42.0407,-92.9376,f3c42494-3313-4181-be0f-4ebb4bb24a66,,,,,,,,,10,2026-03-27,10,,,,,,
001Hr000028ZdeP,"City Of Waterloo, IA",Iowa,Municipality,Ben Laddis,66941,,Tier S,2.0,42.4928,-92.3426,4c10d1ca-38fc-46fc-bce8-1cb6e6e45f83,,,,,,,,,33,2026-05-20,30,3,,,,,
001Hr000028Zdfn,"County Of Webster, IA",Iowa,County,Ben Laddis,37147,,Tier 1,1.5,41.4383,-92.1691,fb4c31f7-9515-43a0-8ce4-e7d50ae126e8,,,,,,,,,1,2026-02-26,1,,,,,,
001Hr000028Zdfq,"City Of Dubuque, IA",Iowa,Municipality,Ben Laddis,59119,,Tier S,2.0,42.5064,-90.6677,dd2b5143-06e3-4fd2-a681-5154fc90df42,,,,,,,,,1,2026-04-07,1,,,,,,
001Hr000028ZdiG,"City Of Sioux City, IA",Iowa,Municipality,Ben Laddis,85617,,Tier S,2.0,42.4963,-96.4049,5f38d7a5-ea64-400f-b321-641a95a0d512,,,,,,,,,26,2026-03-12,18,,8,,,,
001Hr000028Zdiw,"Black Hawk County, IA",Iowa,County,Ben Laddis,130471,,Tier S,2.0,42.4478,-92.3814,505b69af-b396-457a-b729-278349483357,,,,,,,,,6,2026-04-09,2,4,,,,,
001Hr000028ZdjQ,"Dallas County, IA",Iowa,County,Ben Laddis,111092,Open Opportunity,Tier S,2.0,41.612,-93.9878,d0e16ddf-253a-4f52-8e18-394e623dcd49,Open,Sales Qualified,Mid Funnel,Ben Laddis,3/30/2026,2/26/2026,,,2,2026-03-30,2,,,,,,
001Hr000028Zdod,"County Of Cerro Gordo, IA",Iowa,County,Ben Laddis,42706,,Tier 1,1.5,43.0486,-93.3389,8b23e9af-8f93-4729-8afe-673f73ea2e46,,,,,,,,,7,2026-03-12,3,4,,,,,
001Hr000028ZdpX,"Johnson County, IA",Iowa,County,Ben Laddis,157528,,Tier S,2.0,41.6699,-91.5984,f5ac032e-da13-4ea9-9cdf-9643077c9f4f,,,,,,,,,9,2026-03-12,9,,,,,,
001Hr000028Zdq0,"Scott County, IA",Iowa,County,Ben Laddis,174270,,Tier S,2.0,41.6393,-90.6394,68374385-2287-47aa-ba0e-d61dc55fd693,,,,,,,,,7,2026-03-12,6,1,,,,,
001Hr000028ZdrI,"County Of Story, IA",Iowa,County,Ben Laddis,99472,,Tier S,2.0,42.104,-93.5003,0c220909-e11b-4dc5-976a-1d5036f9dd73,,,,,,,,,11,2026-03-16,8,3,,,,,
001Hr000028Zdrd,"County Of Wapello, IA",Iowa,County,Ben Laddis,35256,,Tier 1,1.5,41.1814,-91.1854,7a3887cc-7445-41f1-88d4-feb7e450e9c9,,,,,,,,,1,2026-02-26,1,,,,,,
001cv00000AuWNd,"City Of Ogden, IA",Iowa,Municipality,Ben Laddis,2001,,Tier 3,0.75,42.0396,-94.032,81949bbf-c816-4423-9849-d57711775bf1,,,,,,,,,4,2025-07-11,,4,,,,,
001cv00000AuWNu,"City Of Britt, IA",Iowa,Municipality,Ben Laddis,2006,,Tier 3,0.75,43.0977,-93.8019,ce2db5fa-f93b-4ec2-b660-1456f92d78a2,,,,,,,,,3,2025-07-14,,3,,,,,
001cv00000AuWO5,"City Of Monroe, IA",Iowa,Municipality,Ben Laddis,2009,,Tier 3,0.75,41.5208,-93.1038,f16a29ed-73d1-4f06-b666-1f2627eee73b,,,,,,,,,1,2025-07-09,,1,,,,,
001cv00000AuWOE,"City Of Parkersburg, IA",Iowa,Municipality,Ben Laddis,2014,,Tier 3,0.75,42.5775,-92.7869,3f19f206-1512-445d-b97b-99df5eaf41b7,,,,,,,,,4,2025-07-22,,4,,,,,
001cv00000AuWP4,"City Of Epworth, IA",Iowa,Municipality,Ben Laddis,2027,,Tier 3,0.75,42.4452,-90.9319,976537e9-672d-445e-aa10-c147124108d1,,,,,,,,,3,2025-07-11,,3,,,,,
001cv00000AuWPP,"City Of Sumner City, IA",Iowa,Municipality,Ben Laddis,2032,,Tier 3,0.75,42.8475,-92.0916,5ba6b0fc-9b95-491c-8ea5-b6b6d31575f5,,,,,,,,,1,2025-07-08,,1,,,,,
001cv00000AuWPh,"City Of Audubon, IA",Iowa,Municipality,Ben Laddis,2035,,Tier 3,0.75,41.718,-94.9325,1f73c730-135b-4609-9cbd-5d52aa6c536f,,,,,,,,,,,,,,,,,
001cv00000AuWQD,"City Of Sac City, IA",Iowa,Municipality,Ben Laddis,2041,,Tier 3,0.75,42.4222,-94.9897,9ac4c320-2e93-4163-9692-0bc4f61701e5,,,,,,,,,,,,,,,,,
001cv00000AuWQU,"City Of Ida Grove, IA",Iowa,Municipality,Ben Laddis,2045,,Tier 3,0.75,42.3463,-95.4716,743c71f2-811c-484f-b7f6-4c726756cf53,,,,,,,,,,,,,,,,,
001cv00000AuWVb,"City Of Lamoni, IA",Iowa,Municipality,Ben Laddis,2052,,Tier 3,0.75,40.6228,-93.9341,f0574c8b-690f-4099-8e8e-e0dd22379f6e,,,,,,,,,,,,,,,,,
001cv00000AuWXf,"City Of Wapello, IA",Iowa,Municipality,Ben Laddis,2058,,Tier 3,0.75,41.1814,-91.1854,9316751d-10f8-4c15-9f15-cb6a7ca830c1,,,,,,,,,1,2025-07-07,,1,,,,,
001cv00000AuWXr,"City Of Northwood, IA",Iowa,Municipality,Ben Laddis,2063,,Tier 3,0.75,43.4441,-93.221,4d1cad72-0495-45a9-b55d-4d8455a34a7a,,,,,,,,,,,,,,,,,
001cv00000AuWYO,"City Of Greenfield, IA",Iowa,Municipality,Ben Laddis,2073,,Tier 3,0.75,41.3053,-94.4614,5d7f1639-670b-4b7e-9290-1a4fc13f2349,,,,,,,,,2,2025-09-02,,2,,,,,
001cv00000AuWYi,"City Of Alta, IA",Iowa,Municipality,Ben Laddis,2078,,Tier 3,0.75,42.675,-95.3042,269b7272-8f8b-4681-b193-97ff02997a14,,,,,,,,,6,2025-07-17,,6,,,,,
001cv00000AuWZf,"City Of Atkins, IA",Iowa,Municipality,Ben Laddis,2098,,Tier 3,0.75,41.9969,-91.8621,0e67a053-4613-4954-89d6-f5cb2acbfef9,,,,,,,,,,,,,,,,,
001cv00000AuWc7,"City Of Lake Mills, IA",Iowa,Municipality,Ben Laddis,2144,,Tier 3,0.75,43.4193,-93.5325,005d01cc-2ccc-42fb-ae61-d12852e29d52,,,,,,,,,,,,,,,,,
001cv00000AuWr7,"City Of Lisbon, IA",Iowa,Municipality,Ben Laddis,2215,,Tier 3,0.75,41.9211,-91.3854,760f2759-b58b-42e1-9e31-7e24a7d3adef,,,,,,,,,,,,,,,,,
001cv00000AuX5c,"City Of Colfax, IA",Iowa,Municipality,Ben Laddis,2252,,Tier 3,0.75,41.6771,-93.2451,78a06296-65f3-42dd-b196-1ef83cabd18c,,,,,,,,,,,,,,,,,
001cv00000AuX5v,"City Of Rockwell City, IA",Iowa,Municipality,Ben Laddis,2258,,Tier 3,0.75,42.3953,-94.6339,d1ccb32e-bcd3-48f0-9d6a-e4606c0bc6ea,,,,,,,,,,,,,,,,,
001cv00000AuX6B,"City Of La Porte City, IA",Iowa,Municipality,Ben Laddis,2264,,Tier 3,0.75,42.315,-92.1921,35f93385-9967-4b2d-a39c-9a93c6576dd0,,,,,,,,,,,,,,,,,
001cv00000AuX9Q,"City Of Belle Plaine, IA",Iowa,Municipality,Ben Laddis,2332,,Tier 3,0.75,41.8956,-92.2757,682e86ca-6f99-43bc-86cf-ca77f7b3c8be,,,,,,,,,,,,,,,,,
001cv00000AuX9g,"City Of Toledo, IA",Iowa,Municipality,Ben Laddis,2336,,Tier 3,0.75,41.9972,-92.5835,604d027e-c3a4-4489-bb97-6e28df973017,,,,,,,,,,,,,,,,,
001cv00000AuXA2,"City Of Ely, IA",Iowa,Municipality,Ben Laddis,2346,,Tier 3,0.75,41.8736,-91.5852,c272a820-5cc1-4290-9d8a-22dcd7f9a74a,,,,,,,,,,,,,,,,,
001cv00000AuXA9,"City Of Bellevue, IA",Iowa,Municipality,Ben Laddis,2349,,Tier 3,0.75,42.2589,-90.4258,71c8735e-7f8a-4c12-bcde-c84b484d8fcf,,,,,,,,,,,,,,,,,
001cv00000AuXNQ,"City Of Postville, IA",Iowa,Municipality,Ben Laddis,2468,,Tier 3,0.75,43.0847,-91.5682,6a6c2e15-95eb-43e6-9192-120f0f71043d,,,,,,,,,,,,,,,,,
001cv00000AuXPS,"City Of Jesup, IA",Iowa,Municipality,Ben Laddis,2514,,Tier 3,0.75,42.4755,-92.0638,cc4e07ef-ac2a-4064-8a0a-d05361663b61,,,,,,,,,2,2025-07-15,,2,,,,,
001cv00000AuXPT,"City Of Mitchellville, IA",Iowa,Municipality,Ben Laddis,2514,,Tier 3,0.75,41.6667,-93.3572,04cb9b92-7048-4ed4-81f0-ef2038d2c1ae,,,,,,,,,,,,,,,,,
001cv00000AuXUe,"City Of West Branch, IA",Iowa,Municipality,Ben Laddis,2564,,Tier 3,0.75,41.6714,-91.3466,28b1bf64-a76c-45d6-aabc-f28eb6a240f8,,,,,,,,,,,,,,,,,
001cv00000AuXUw,"City Of Center Point, IA",Iowa,Municipality,Ben Laddis,2570,,Tier 3,0.75,42.1908,-91.7852,535c7ff9-4aa0-4f3b-8d09-d8ac9a045d5c,,,,,,,,,1,2025-07-09,,1,,,,,
001cv00000AuXhv,"City Of Clarion, IA",Iowa,Municipality,Ben Laddis,2783,,Tier 3,0.75,42.7316,-93.733,f041f1f1-6d89-4faa-8f52-d256ebfb1a8c,,,,,,,,,,,,,,,,,
001cv00000AuXia,"City Of Grundy Center, IA",Iowa,Municipality,Ben Laddis,2797,,Tier 3,0.75,42.3616,-92.7685,a93ef108-024e-42bf-a929-7851ca24dbbd,,,,,,,,,,,,,,,,,
001cv00000AuXiy,"City Of Madrid, IA",Iowa,Municipality,Ben Laddis,2808,,Tier 3,0.75,41.878,-93.8157,eb01b7aa-f176-4f3b-8fe7-10791e78feed,,,,,,,,,,,,,,,,,
001cv00000AuXjw,"City Of Sibley, IA",Iowa,Municipality,Ben Laddis,2841,,Tier 3,0.75,43.4,-95.7516,f7ee21e6-4058-438e-a0a4-1a1efec43789,,,,,,,,,,,,,,,,,
001cv00000AuXkN,"City Of Onawa, IA",Iowa,Municipality,Ben Laddis,2850,,Tier 3,0.75,42.0267,-96.0972,41089b3e-a5de-4eb6-aaaa-7644a2a0a21e,,,,,,,,,,,,,,,,,
001cv00000AuXkf,"City Of Fairfax, IA",Iowa,Municipality,Ben Laddis,2860,,Tier 3,0.75,41.9192,-91.7809,3e33854b-2618-4944-a5e3-45192956fca9,,,,,,,,,,,,,,,,,
001cv00000AuXls,"City Of Wilton, IA",Iowa,Municipality,Ben Laddis,2889,,Tier 3,0.75,41.5889,-91.0168,595bc5f0-8ee3-4ec1-9604-6c4660b59606,,,,,,,,,,,,,,,,,
001cv00000AuXzB,"City Of Tama, IA",Iowa,Municipality,Ben Laddis,3069,,Tier 3,0.75,41.9627,-92.5768,d021cf0f-928b-4178-a8ac-8a98f0b74676,,,,,,,,,,,,,,,,,
001cv00000AuYB4,"City Of Solon, IA",Iowa,Municipality,Ben Laddis,3086,,Tier 3,0.75,41.8072,-91.4941,96732e3a-b374-4a1d-9a45-e07879faf147,,,,,,,,,,,,,,,,,
001cv00000AuYC9,"City Of Tipton, IA",Iowa,Municipality,Ben Laddis,3120,,Tier 3,0.75,41.7697,-91.1279,a6631c70-1e74-439a-b9a7-d0818de94ab6,,,,,,,,,,,,,,,,,
001cv00000AuYGO,"City Of Garner, IA",Iowa,Municipality,Ben Laddis,3051,,Tier 3,0.75,43.1023,-93.6021,ee2f8d6b-1c4c-4501-95be-b901613d87b2,,,,,,,,,,,,,,,,,
001cv00000AuYIb,"City Of Robins, IA",Iowa,Municipality,Ben Laddis,3331,,Tier 3,0.75,42.0711,-91.6668,5c2d279b-b205-4eed-baf1-2d727b9d9eee,,,,,,,,,,,,,,,,,
001cv00000AuYIy,"City Of Milford, IA",Iowa,Municipality,Ben Laddis,3347,,Tier 3,0.75,43.3247,-95.15,26fa28ff-dc50-4fec-a823-b7a29f2e1e4a,,,,,,,,,,,,,,,,,
001cv00000AuYJL,"City Of Williamsburg, IA",Iowa,Municipality,Ben Laddis,3364,,Tier 3,0.75,41.6611,-92.0091,b7c49ac5-f8a8-497c-866f-f176af92ad99,,,,,,,,,,,,,,,,,
001cv00000AuYKm,"City Of Story City, IA",Iowa,Municipality,Ben Laddis,3411,,Tier 3,0.75,42.1872,-93.5956,1997aafd-9d97-49c9-a7a9-6abb1d8c8210,,,,,,,,,,,,,,,,,
001cv00000AuYKw,"City Of New Hampton, IA",Iowa,Municipality,Ben Laddis,3416,,Tier 3,0.75,43.0593,-92.3179,c0b37b53-a594-4584-a34f-a2c5c8af6be2,,,,,,,,,,,,,,,,,
001cv00000AuYNx,"City Of West Burlington, IA",Iowa,Municipality,Ben Laddis,3191,,Tier 3,0.75,40.825,-91.1565,79305435-9a3c-4d88-9dda-c56b51bce239,,,,,,,,,1,2025-06-09,,,1,,,,
001cv00000AuYRo,"City Of Osage, IA",Iowa,Municipality,Ben Laddis,3570,,Tier 3,0.75,43.2841,-92.8191,0647d934-f249-4c84-970f-096e5199dd30,,,,,,,,,,,,,,,,,
001cv00000AuYRs,"City Of Eagle Grove, IA",Iowa,Municipality,Ben Laddis,3573,,Tier 3,0.75,42.6641,-93.9044,3a8b043e-c82c-4aac-9a43-d235ed0f854e,,,,,,,,,,,,,,,,,
001cv00000AuYT5,"City Of Emmetsburg, IA",Iowa,Municipality,Ben Laddis,3631,,Tier 3,0.75,43.1127,-94.683,0e729532-4de5-4add-8a87-da8b55d2e48f,,,,,,,,,,,,,,,,,
001cv00000AuYTK,"County Of Adams, IA",Iowa,County,Ben Laddis,3641,,Tier 3,0.75,41.0652,-94.6864,11c3cffb-b232-42ab-a0a2-a7d6cd635f65,,,,,,,,,,,,,,,,,
001cv00000AuYXH,"City Of Carter Lake, IA",Iowa,Municipality,Ben Laddis,3783,,Tier 3,0.75,41.2906,-95.9181,477068d8-6a61-4de3-9842-c8d2da4354e2,,,,,,,,,16,2026-05-13,14,2,,,,,
001cv00000AuYfS,"City Of Forest City, IA",Iowa,Municipality,Ben Laddis,4238,,Tier 3,0.75,43.2625,-93.6372,beea4708-ca49-4826-979c-89cc7fc4503a,,,,,,,,,,,,,,,,,
001cv00000AuYgG,"City Of West Liberty, IA",Iowa,Municipality,Ben Laddis,3826,,Tier 3,0.75,41.57,-91.2638,fea62f3e-02f4-40d5-bb91-50d0b87a1ace,,,,,,,,,,,,,,,,,
001cv00000AuYhv,"City Of Cresco, IA",Iowa,Municipality,Ben Laddis,3911,,Tier 3,0.75,43.3814,-92.1141,ac703edd-1fd0-4475-9dbe-9dd939ad92fd,,,,,,,,,,,,,,,,,
001cv00000AuYmd,"City Of Monticello, IA",Iowa,Municipality,Ben Laddis,4045,,Tier 3,0.75,42.2383,-91.1871,a15cbe56-e2b5-4046-bcc0-bf44260fefa0,,,,,,,,,,,,,,,,,
001cv00000AuYnj,"City Of Rock Valley, IA",Iowa,Municipality,Ben Laddis,4096,,Tier 3,0.75,43.2053,-96.295,a4446161-2f0e-497b-b515-817ac0abca67,,,,,,,,,,,,,,,,,
001cv00000AuYoR,"City Of Jefferson, IA",Iowa,Municipality,Ben Laddis,4136,,Tier 3,0.75,42.0172,-94.3774,3c72f73d-acf7-4836-9dd6-b15bb5ce9adb,,,,,,,,,,,,,,,,,
001cv00000AuYpT,"City Of Carlisle, IA",Iowa,Municipality,Ben Laddis,4201,,Tier 3,0.75,41.4945,-93.4871,3dbb5929-9c35-444d-91aa-cb6c2abdaf27,,,,,,,,,,,,,,,,,
001cv00000AuYpu,"City Of Chariton, IA",Iowa,Municipality,Ben Laddis,4220,,Tier 3,0.75,41.02,-93.3141,c1e1b6cc-f5ec-4f7b-a1de-db912ce4e9aa,,,,,,,,,2,2025-07-09,,2,,,,,
001cv00000AuYrv,"City Of Albia, IA",Iowa,Municipality,Ben Laddis,3712,,Tier 3,0.75,41.03,-92.8113,1dfb9b09-314a-4dc7-a87f-1f6853f61280,,,,,,,,,,,,,,,,,
001cv00000AuYsn,"City Of Waukon, IA",Iowa,Municipality,Ben Laddis,3760,,Tier 3,0.75,43.2694,-91.4757,794fd734-b614-4fe3-864c-b0bdef3db5fb,,,,,,,,,1,2025-07-09,,1,,,,,
001cv00000AuYvB,"City Of Hampton, IA",Iowa,Municipality,Ben Laddis,4307,,Tier 3,0.75,42.7425,-93.2103,7b7fe33c-87f9-495e-a4dc-0508b749ebc8,,,,,,,,,,,,,,,,,
001cv00000AuYyb,"City Of Mount Vernon, IA",Iowa,Municipality,Ben Laddis,4460,,Tier 3,0.75,41.922,-91.4168,e112e9cc-7692-4016-82a1-a873a32c8621,,,,,,,,,,,,,,,,,
001cv00000AuYzE,"City Of Dyersville, IA",Iowa,Municipality,Ben Laddis,4509,,Tier 3,0.75,42.4821,-91.1118,e46a8fe9-ec39-42e8-af83-d0bd0d09ec14,,,,,,,,,,,,,,,,,
001cv00000AuYzP,"City Of Huxley, IA",Iowa,Municipality,Ben Laddis,4514,,Tier 3,0.75,41.8953,-93.6008,db69ca28-bf8e-47e5-a4ac-9693b304d726,,,,,,,,,2,2026-04-15,,,,2,,,
001cv00000AuYzZ,"City Of Evansdale, IA",Iowa,Municipality,Ben Laddis,4528,,Tier 3,0.75,42.4692,-92.281,aa8ac7af-0784-4362-83dc-834be921da48,,,,,,,,,,,,,,,,,
001cv00000AuZ7V,"City Of Tiffin, IA",Iowa,Municipality,Ben Laddis,5282,Nurture,Tier 3,0.75,41.7073,-91.6667,3586ba7a-85c5-4a1e-9c82-f84e96a8624a,,,,,,,,,24,2026-04-22,24,,,,,,
001cv00000AuZA3,"City Of Humboldt, IA",Iowa,Municipality,Ben Laddis,4773,,Tier 3,0.75,42.7208,-94.2152,2c4dc5d7-3fa0-429e-b85e-d8a4a7dd7079,,,,,,,,,2,2026-05-18,,,,,,2,
001cv00000AuZAY,"County Of Taylor, IA",Iowa,County,Ben Laddis,5868,,Tier 3,0.75,40.7846,-94.645,c2030f89-8cea-4147-9f08-f52e96aadf1e,,,,,,,,,,,,,,,,,
001cv00000AuZBR,"County Of Osceola, IA",Iowa,County,Ben Laddis,6159,,Tier 3,0.75,41.0343,-93.7668,52896215-66b5-49a7-863c-2f11a6f435d4,,,,,,,,,1,2025-07-29,,1,,,,,
001cv00000AuZBn,"City Of Adel, IA",Iowa,Municipality,Ben Laddis,6276,,Tier 3,0.75,41.6143,-94.0175,1ecae216-e987-4b9c-af85-af2347d32f78,,,,,,,,,3,2026-01-21,,1,,2,,,
001cv00000AuZC4,"County Of Wayne, IA",Iowa,County,Ben Laddis,6508,,Tier 3,0.75,40.6677,-93.3389,ff4379ea-38b0-4af8-9e57-3188c9d86713,,,,,,,,,,,,,,,,,
001cv00000AuZCD,"County Of Fremont, IA",Iowa,County,Ben Laddis,6567,,Tier 3,0.75,40.74,-95.6458,dcaa0461-58c9-4869-97b1-873a95a7cd3b,,,,,,,,,,,,,,,,,
001cv00000AuZCx,"County Of Ida, IA",Iowa,County,Ben Laddis,6956,,Tier 3,0.75,42.3419,-95.4778,bbc6241a-be49-4905-a706-6a8b8e660f40,,,,,,,,,,,,,,,,,
001cv00000AuZDC,"County Of Pocahontas, IA",Iowa,County,Ben Laddis,7074,,Tier 3,0.75,42.7355,-94.6691,1ceb4c0c-90e5-4977-94c5-039dd386ad8e,,,,,,,,,2,2025-07-29,,2,,,,,
001cv00000AuZK6,"County Of Audubon, IA",Iowa,County,Ben Laddis,5635,,Tier 3,0.75,41.718,-94.9325,dfd1bbc3-1cbf-40df-9b64-e9f55c28bf12,,,,,,,,,,,,,,,,,
001cv00000AuZKR,"City Of Polk City, IA",Iowa,Municipality,Ben Laddis,5751,,Tier 3,0.75,41.7714,-93.713,64a00b54-3153-456c-9c46-7a4bde172145,,,,,,,,,15,2026-05-13,10,5,,,,,
001cv00000AuZMp,"City Of Shenandoah, IA",Iowa,Municipality,Ben Laddis,4861,,Tier 3,0.75,40.7667,-95.3762,a663443e-b50c-4af6-aea5-b37a8da5855e,,,,,,,,,1,2026-05-18,,,,,,1,
001cv00000AuZNZ,"City Of Harlan, IA",Iowa,Municipality,Ben Laddis,4912,,Tier 3,0.75,41.653,-95.3256,5176dd0f-9826-4de0-b396-78b334504468,,,,,,,,,,,,,,,,,
001cv00000AuZQg,"County Of Van Buren, IA",Iowa,County,Ben Laddis,7243,,Tier 3,0.75,40.7001,-91.9099,e9d553b3-3f84-4cc8-945a-ae3223489764,,,,,,,,,,,,,,,,,
001cv00000AuZR1,"County Of Worth, IA",Iowa,County,Ben Laddis,7385,,Tier 3,0.75,43.3581,-93.3389,7139122a-bef7-4a93-bcdc-c8f8f5aa4d2b,,,,,,,,,9,2025-08-12,,9,,,,,
001cv00000AuZRO,"County Of Adair, IA",Iowa,County,Ben Laddis,7541,,Tier 3,0.75,41.5004,-94.6433,bf35ca73-f571-4d06-a660-5932f815df77,,,,,,,,,,,,,,,,,
001cv00000AuZRa,"County Of Monroe, IA",Iowa,County,Ben Laddis,7610,,Tier 3,0.75,41.0041,-92.8577,3090e38d-c94c-48a2-9c3c-e1d89961bee1,,,,,,,,,,,,,,,,,
001cv00000AuZRg,"County Of Decatur, IA",Iowa,County,Ben Laddis,7659,,Tier 3,0.75,40.8146,-93.8248,1b267c0b-903a-42b0-8b98-c914fdc458ad,,,,,,,,,,,,,,,,,
001cv00000AuZSE,"City Of Sergeant Bluff, IA",Iowa,Municipality,Ben Laddis,5000,,Tier 3,0.75,42.403,-96.3588,834c0fda-9e5f-4b9c-9f32-8c1be58b9c70,,,,,,,,,1,2026-03-04,1,,,,,,
001cv00000AuZT5,"City Of Cherokee, IA",Iowa,Municipality,Ben Laddis,5099,,Tier 3,0.75,42.7496,-95.5515,ec828eae-84e5-4f12-a223-e4c23354d6c0,,,,,,,,,3,2026-02-17,2,1,,,,,
001cv00000AuZTd,"City Of Windsor Heights, IA",Iowa,Municipality,Ben Laddis,5170,,Tier 3,0.75,41.6004,-93.7131,a82ffa01-ca16-4b8b-af4f-dcc650eff9f9,,,,,,,,,9,2026-04-10,7,2,,,,,
001cv00000AuZY7,"County Of Monona, IA",Iowa,County,Ben Laddis,8574,,Tier 3,0.75,43.0516,-91.3893,a1c9f571-7bcb-4eeb-b951-4bb2c29d1bf3,,,,,,,,,,,,,,,,,
001cv00000AuZZB,"County Of Davis, IA",Iowa,County,Ben Laddis,9138,,Tier 3,0.75,40.6914,-92.3814,3b6b0da3-d5e6-40af-8b6e-5689ddb0ffff,,,,,,,,,2,2025-08-05,,2,,,,,
001cv00000AuZZX,"County Of Emmet, IA",Iowa,County,Ben Laddis,9321,,Tier 3,0.75,43.3494,-94.6864,efc18f6f-a368-481a-aaec-8f40f74ce5d8,,,,,,,,,2,2025-07-24,,2,,,,,
001cv00000AuZZq,"County Of Howard, IA",Iowa,County,Ben Laddis,9478,,Tier 3,0.75,43.382,-92.3814,ad3ec005-b73c-46c5-b1a0-84b851609125,,,,,,,,,3,2025-07-29,,3,,,,,
001cv00000AuZai,"County Of Cherokee, IA",Iowa,County,Ben Laddis,11503,,Tier 2,1.0,42.7496,-95.5515,d78df8c1-77fe-4e2c-b699-a3a6f6e8b485,,,,,,,,,,,,,,,,,
001cv00000AuZb1,"County Of Shelby, IA",Iowa,County,Ben Laddis,11770,,Tier 2,1.0,41.7178,-95.3102,1b855f97-2eeb-403a-98f6-bb451782ece7,,,,,,,,,,,,,,,,,
001cv00000AuZb9,"County Of Chickasaw, IA",Iowa,County,Ben Laddis,11887,,Tier 2,1.0,43.0725,-92.3814,7d978201-e4fd-4f29-a1a5-19c650c56059,,,,,,,,,,,,,,,,,
001cv00000AuZbJ,"County Of Lyon, IA",Iowa,County,Ben Laddis,12011,,Tier 2,1.0,43.3954,-96.1527,dda76056-ba55-4181-aa2a-4f628a861096,,,,,,,,,,,,,,,,,
001cv00000AuZbL,"County Of Union, IA",Iowa,County,Ben Laddis,12018,,Tier 2,1.0,41.0007,-94.2744,96a62069-c8a0-4b5e-a4c9-37fc7087d381,,,,,,,,,,,,,,,,,
001cv00000AuZch,"County Of Montgomery, IA",Iowa,County,Ben Laddis,10322,,Tier 2,1.0,41.0439,-95.1849,6530205f-90b1-48a7-89d7-01a468df74ee,,,,,,,,,1,2025-07-22,,1,,,,,
001cv00000AuZd2,"County Of Mitchell, IA",Iowa,County,Ben Laddis,10555,,Tier 2,1.0,43.3216,-92.8669,7ebe95ef-a553-46f0-bbd7-02d202e2b490,,,,,,,,,,,,,,,,,
001cv00000AuZd4,"County Of Guthrie, IA",Iowa,County,Ben Laddis,10567,,Tier 2,1.0,41.7531,-94.48,053f3365-c614-49fb-991c-583ac380de1d,,,,,,,,,1,2026-05-18,,,,,,1,
001cv00000AuZdC,"County Of Winnebago, IA",Iowa,County,Ben Laddis,10656,,Tier 2,1.0,43.3482,-93.6623,547e1b0d-5dab-4a16-b21c-d24be85fc17b,,,,,,,,,,,,,,,,,
001cv00000AuZdD,"County Of Hancock, IA",Iowa,County,Ben Laddis,10663,,Tier 2,1.0,41.3902,-95.3634,eeb6d610-79cc-4fa7-864d-4f49fbb63fa3,,,,,,,,,,,,,,,,,
001cv00000AuZdJ,"County Of Lucas, IA",Iowa,County,Ben Laddis,8710,,Tier 3,0.75,41.0275,-93.4599,f84469dd-811a-4bd0-b2ca-87094c64bf7e,,,,,,,,,,,,,,,,,
001cv00000AuZdO,"County Of Greene, IA",Iowa,County,Ben Laddis,8717,,Tier 3,0.75,42.0701,-94.48,99bd825c-dc5b-4eee-8c9a-d2452663bf3d,,,,,,,,,,,,,,,,,
001cv00000AuZdk,"County Of Palo Alto, IA",Iowa,County,Ben Laddis,8906,,Tier 3,0.75,43.1581,-94.645,ae9ec1dc-e0dd-434c-beab-79418950ddb7,,,,,,,,,1,2025-07-14,,1,,,,,
001cv00000AuZfc,"County Of Wright, IA",Iowa,County,Ben Laddis,12785,,Tier 2,1.0,42.7274,-93.6623,e99609b8-8b04-4599-9532-a69720235094,,,,,,,,,,,,,,,,,
001cv00000AuZft,"County Of Cass, IA",Iowa,County,Ben Laddis,13050,,Tier 2,1.0,41.2538,-94.9767,37080b53-d0e5-4a50-97ef-6a8b6c46ee98,,,,,,,,,1,2026-04-22,1,,,,,,
001cv00000AuZgw,"County Of Mills, IA",Iowa,County,Ben Laddis,14465,,Tier 2,1.0,41.0624,-95.6458,dab6a0c6-a5ca-48ac-b2b1-81954b95e402,,,,,,,,,4,2025-11-05,,4,,,,,
001cv00000AuZh5,"County Of Kossuth, IA",Iowa,County,Ben Laddis,14529,,Tier 2,1.0,43.2513,-94.2333,f9f73bb7-977b-4e72-980a-e55be8fce5cb,,,,,,,,,9,2025-10-24,,9,,,,,
001cv00000AuZhG,"County Of Harrison, IA",Iowa,County,Ben Laddis,14669,,Tier 2,1.0,41.6934,-95.8143,069b6d73-4508-44b8-9710-b9b43594e156,,,,,,,,,5,2025-10-15,,5,,,,,
001cv00000AuZhV,"County Of Hamilton, IA",Iowa,County,Ben Laddis,14887,,Tier 2,1.0,41.1699,-92.9035,ea84515a-66eb-44ca-8f1c-e9c75c7cb04a,,,,,,,,,,,,,,,,,
001cv00000AuZhl,"County Of Page, IA",Iowa,County,Ben Laddis,15197,,Tier 2,1.0,40.7635,-95.1432,72fb4f05-394f-4900-b93f-b3afc793f043,,,,,,,,,1,2025-08-25,,1,,,,,
001cv00000AuZi1,"County Of Floyd, IA",Iowa,County,Ben Laddis,15413,,Tier 2,1.0,43.1277,-92.7363,01921e0c-f03e-4fa8-96ff-a98de0b0001f,,,,,,,,,5,2026-05-04,2,3,,,,,
001cv00000AuZi9,"County Of Appanoose, IA",Iowa,County,Ben Laddis,12257,,Tier 2,1.0,40.6806,-92.8577,e118c4c6-9141-4112-82dd-373da8c0e33b,,,,,,,,,1,2025-07-22,,1,,,,,
001cv00000AuZiN,"County Of Grundy, IA",Iowa,County,Ben Laddis,12347,,Tier 2,1.0,42.437,-92.8577,868780b6-1482-4637-aafe-03bbe54aadee,,,,,,,,,10,2025-08-18,,10,,,,,
001cv00000AuZjm,"County Of Humboldt, IA",Iowa,County,Ben Laddis,9634,,Tier 3,0.75,42.7208,-94.2152,f0bae02e-7eb2-491a-a47d-b225523bd69c,,,,,,,,,,,,,,,,,
001cv00000AuZk4,"County Of Sac, IA",Iowa,County,Ben Laddis,9752,,Tier 3,0.75,42.3574,-95.1432,0ac014e0-dbfd-4535-9a5c-92708002382a,,,,,,,,,1,2025-07-25,,1,,,,,
001cv00000AuZk9,"County Of Clarke, IA",Iowa,County,Ben Laddis,9785,,Tier 3,0.75,41.0178,-93.7841,d19d6e9c-3c62-45e4-a6f5-f08059c24b7c,,,,,,,,,,,,,,,,,
001cv00000AuZkK,"County Of Keokuk, IA",Iowa,County,Ben Laddis,9914,,Tier 3,0.75,40.4045,-91.3964,8d1cdb47-7f54-443c-a6a2-20954c0b2dfc,,,,,,,,,,,,,,,,,
001cv00000AuZkL,"County Of Calhoun, IA",Iowa,County,Ben Laddis,9915,,Tier 3,0.75,42.3786,-94.645,40b6ebf3-be63-4b8c-9dde-d5db37a2ea9a,,,,,,,,,1,2025-07-25,,1,,,,,
001cv00000AuZkQ,"County Of Franklin, IA",Iowa,County,Ben Laddis,9952,,Tier 3,0.75,42.7372,-93.3389,da507194-52d4-453d-81eb-4db3f0abc4fd,,,,,,,,,1,2025-07-29,,1,,,,,
001cv00000AuZlM,"County Of Louisa, IA",Iowa,County,Ben Laddis,10749,,Tier 2,1.0,41.1933,-91.2891,ec92d89f-ce07-45eb-abc9-85163aebad73,,,,,,,,,1,2025-07-22,,1,,,,,
001cv00000AuZnO,"County Of Allamakee, IA",Iowa,County,Ben Laddis,13926,,Tier 2,1.0,43.2431,-91.4435,50a5761f-5820-414d-b87d-e1dca719e540,,,,,,,,,1,2025-07-22,,1,,,,,
001cv00000AuZnx,"County Of Butler, IA",Iowa,County,Ben Laddis,14332,,Tier 2,1.0,42.7502,-92.8577,93faa4d4-7e67-4e86-aed1-7719eea01ff1,,,,,,,,,1,2025-07-15,,1,,,,,
001cv00000AuZol,"County Of Jefferson, IA",Iowa,County,Ben Laddis,15647,,Tier 2,1.0,42.0172,-94.3774,fd1694c6-1c81-44fe-92b5-08e9a75076f0,,,,,,,,,3,2026-05-08,3,,,,,,
001cv00000AuZpI,"County Of Crawford, IA",Iowa,County,Ben Laddis,16193,,Tier 2,1.0,42.0347,-95.3102,026d0c85-9fe9-4e13-8a21-42eacb6f89d5,,,,,,,,,1,2026-05-18,,,,,,1,
001cv00000AuZqw,"County Of Clay, IA",Iowa,County,Ben Laddis,16440,,Tier 2,1.0,43.1368,-95.1432,42bb4fba-c6da-4cbe-91df-aa5d96a4ea02,,,,,,,,,2,2026-05-04,1,1,,,,,
001cv00000AuZr5,"County Of Iowa, IA",Iowa,County,Ben Laddis,16568,,Tier 2,1.0,41.6625,-92.0665,3ae677b3-098e-49e9-9b3b-1f50fb98681b,,,,,,,,,2,2026-05-01,2,,,,,,
001cv00000AuZr8,"County Of Hardin, IA",Iowa,County,Ben Laddis,16708,,Tier 2,1.0,42.4285,-93.178,bc031663-1f32-421e-8b58-06bf3e92b8a5,,,,,,,,,6,2026-05-26,5,1,,,,,
001cv00000AuZrE,"County Of Madison, IA",Iowa,County,Ben Laddis,16773,,Tier 2,1.0,41.2922,-93.9878,19600637-2d22-40b5-82f9-bc68779c8d7d,,,,,,,,,4,2026-05-11,3,1,,,,,
001cv00000AuZrJ,"County Of Tama, IA",Iowa,County,Ben Laddis,16867,,Tier 2,1.0,41.9627,-92.5768,389d0581-2738-420a-8f26-1246c224020f,,,,,,,,,6,2026-05-20,5,1,,,,,
001cv00000AuZrV,"County Of Clayton, IA",Iowa,County,Ben Laddis,16998,,Tier 2,1.0,42.7785,-91.2891,2102606d-0674-4fe8-abe8-b7c2527257df,,,,,,,,,3,2026-05-13,2,1,,,,,
001cv00000AuZsT,"County Of Poweshiek, IA",Iowa,County,Ben Laddis,18586,,Tier 2,1.0,41.653,-92.5396,5b18bab9-9dc1-410a-849f-aa77d3dcf2a9,,,,,,,,,1,2025-11-05,,1,,,,,
001cv00000AuZsz,"County Of Fayette, IA",Iowa,County,Ben Laddis,19258,Open Opportunity,Tier 2,1.0,42.8419,-91.8021,f4cf18a3-fa18-4da8-b02f-add5ca457b0d,Open,Meeting Booked,Top of Funnel,Ben Laddis,6/4/2026,5/13/2026,,,6,2026-05-13,5,1,,,,,
001cv00000AuZt5,"County Of Jackson, IA",Iowa,County,Ben Laddis,19368,Nurture,Tier 2,1.0,42.1561,-90.5258,c0ae6fea-8689-4cee-bbfd-77c4145800f8,Closed Lost,,,Joe del Rosario,8/27/2025,8/12/2025,"$33,000",,1,2025-08-12,,1,,,,,
001cv00000AuZtk,"County Of Delaware, IA",Iowa,County,Ben Laddis,17510,,Tier 2,1.0,42.4753,-91.3454,f371cd8f-0ec8-4465-b033-a09a278a04a8,,,,,,,,,3,2025-08-14,,3,,,,,
001cv00000AuZu1,"County Of Dickinson, IA",Iowa,County,Ben Laddis,17851,,Tier 2,1.0,43.4049,-95.1849,17f0f330-6287-4506-8684-8c3f1253cbd6,,,,,,,,,3,2026-05-11,2,1,,,,,
001cv00000AuZuU,"County Of Cedar, IA",Iowa,County,Ben Laddis,18410,,Tier 2,1.0,41.2122,-92.5257,3d5cd26d-30a4-4196-b3dc-433fe224b803,,,,,,,,,1,2026-05-08,1,,,,,,
001cv00000Aua2W,"County Of Bremer, IA",Iowa,County,Ben Laddis,25081,Open Opportunity,Tier 1,1.5,42.7733,-92.3949,2c6632b3-4870-48de-a649-acefc36d42c9,Open,Meeting Booked,Top of Funnel,Ben Laddis,7/14/2026,5/7/2026,,,7,2026-05-07,3,4,,,,,
001cv00000Aua2t,"County Of Plymouth, IA",Iowa,County,Ben Laddis,25650,,Tier 1,1.5,42.7767,-96.1527,da9a6eaa-b6f9-4546-852d-1a1b9130ced8,,,,,,,,,3,2026-04-30,1,2,,,,,
001cv00000Aua2u,"County Of Benton, IA",Iowa,County,Ben Laddis,25691,,Tier 1,1.5,40.7033,-94.3583,bcc0168e-5b81-433b-84d0-d4d10c4a0c13,,,,,,,,,2,2026-04-09,1,1,,,,,
001cv00000Aua3H,"County Of Winneshiek, IA",Iowa,County,Ben Laddis,19892,,Tier 2,1.0,43.2363,-91.9099,25b9611a-545e-4533-bf20-82574d5c1556,,,,,,,,,2,2026-05-04,1,1,,,,,
001cv00000Aua3g,"County Of Henry, IA",Iowa,County,Ben Laddis,20387,,Tier 2,1.0,41.0284,-91.5984,1e07b224-6f2e-4653-a239-0524658a7809,,,,,,,,,9,2026-05-19,6,3,,,,,
001cv00000Aua3z,"County Of Buchanan, IA",Iowa,County,Ben Laddis,20657,Open Opportunity,Tier 2,1.0,42.4566,-91.9099,6355a719-de02-4db8-bf7d-b8ed96892201,Open,Meeting Booked,Top of Funnel,Ben Laddis,11/6/2026,5/1/2026,,,2,2026-05-01,1,1,,,,,
001cv00000Aua42,"County Of Carroll, IA",Iowa,County,Ben Laddis,20692,,Tier 2,1.0,42.0567,-94.8106,1ef8649a-c1ca-44e4-89e2-bf42a18b5ceb,,,,,,,,,5,2026-05-18,4,1,,,,,
001cv00000Aua46,"County Of Buena Vista, IA",Iowa,County,Ben Laddis,20771,,Tier 2,1.0,42.6705,-95.1432,78735c1e-fbb7-4742-96d0-3f72c4ad572f,,,,,,,,,4,2026-05-04,2,2,,,,,
001cv00000Aua4A,"County Of Jones, IA",Iowa,County,Ben Laddis,20805,,Tier 2,1.0,42.1517,-91.1353,258b9179-9e50-4866-96e0-9168c254809f,,,,,,,,,2,2026-05-01,2,,,,,,
001cv00000Aua5b,"County Of Lee, IA",Iowa,County,Ben Laddis,33215,Open Opportunity,Tier 1,1.5,40.7069,-91.4435,eedd2cd3-add7-4997-b315-8a26bf87ff0c,Open,Proposal,Mid Funnel,Jason Ginsberg,2/9/2026,2/8/2026,"$12,000",,2,2026-02-02,2,,,,,,
001cv00000Aua5e,"County Of Marion, IA",Iowa,County,Ben Laddis,33380,,Tier 1,1.5,42.0333,-91.5969,7692c7e1-4a03-4128-91a0-3b1a8cbd1d37,,,,,,,,,,,,,,,,,
001cv00000Aua9X,"County Of Mahaska, IA",Iowa,County,Ben Laddis,21984,Nurture,Tier 2,1.0,41.3296,-92.6984,d1564278-4dc7-4659-aaa8-af69d849b317,Closed Lost,,,Ben Laddis,5/26/2026,5/7/2026,,,12,2026-05-26,12,,,,,,
001cv00000Aua9p,"County Of Washington, IA",Iowa,County,Ben Laddis,22491,,Tier 2,1.0,41.3478,-91.7539,6a248789-c9db-410d-b2d1-d96f6823664a,,,,,,,,,3,2026-05-11,2,1,,,,,
001cv00000AuaBa,"County Of Boone, IA",Iowa,County,Ben Laddis,26723,,Tier 1,1.5,42.0597,-93.8802,66a92abf-9d49-4457-8afa-087ac7a73cfc,,,,,,,,,5,2026-05-04,4,1,,,,,
001cv00000AuaDB,"County Of Sioux, IA",Iowa,County,Ben Laddis,35893,,Tier 1,1.5,42.4963,-96.4049,313153ba-fb29-4c60-8afb-22127689b177,,,,,,,,,8,2026-03-18,7,1,,,,,
001cv00000AuaEP,"County Of Des Moines, IA",Iowa,County,Ben Laddis,38491,,Tier 1,1.5,40.9123,-91.1737,4f5c90ed-6f3c-4a19-997f-f4570ab18b53,,,,,,,,,1,2026-02-26,1,,,,,,
001cv00000AuaGW,"County Of Muscatine, IA",Iowa,County,Ben Laddis,42688,,Tier 1,1.5,41.5157,-91.1353,66d38a24-15d0-46a8-9f42-deb8aa7e1871,,,,,,,,,4,2026-02-27,4,,,,,,
001cv00000AuaJw,"County Of Clinton, IA",Iowa,County,Ben Laddis,46463,,Tier 1,1.5,41.8445,-90.1887,caf197ee-438e-4f74-8953-c9e137c4a26b,,,,,,,,,5,2026-03-12,4,1,,,,,
001cv00000AuaLc,"County Of Warren, IA",Iowa,County,Ben Laddis,53402,,Tier S,2.0,41.3081,-93.5003,2296c48b-4f3d-4c7b-978f-19eea6cb7ce9,,,,,,,,,7,2026-03-16,5,2,,,,,
001cv00000B21qF,"City Of Cascade, IA",Iowa,Municipality,Ben Laddis,2397,,Tier 3,0.75,42.2981,-91.0161,37535448-306f-40e2-a579-14ce26230db2,,,,,,,,,,,,,,,,,
001cv00000B21qx,"City Of Hull, IA",Iowa,Municipality,Ben Laddis,2417,,Tier 3,0.75,43.1886,-96.1336,c07e7b8e-346b-4eed-862b-630e8137e27f,,,,,,,,,,,,,,,,,
001cv00000B21rJ,"City Of Marengo, IA",Iowa,Municipality,Ben Laddis,2423,,Tier 3,0.75,41.7928,-92.0696,cf4bf46b-172d-45f2-842e-6534e591a257,,,,,,,,,,,,,,,,,
001cv00000B21ro,"City Of Belmond, IA",Iowa,Municipality,Ben Laddis,2436,,Tier 3,0.75,42.8461,-93.6141,30be77ac-481b-4f26-ba78-f545741f98d1,,,,,,,,,,,,,,,,,
001cv00000B21sA,"City Of West Union, IA",Iowa,Municipality,Ben Laddis,2442,,Tier 3,0.75,42.9628,-91.8082,26a76a69-c646-4012-b22c-ac35e7246d9e,,,,,,,,,,,,,,,,,
001cv00000B21wE,"City Of Hudson, IA",Iowa,Municipality,Ben Laddis,2615,,Tier 3,0.75,42.4067,-92.4555,c4583f39-7fe9-465a-b9df-7147107d9055,,,,,,,,,,,,,,,,,
001cv00000B21wM,"City Of Rock Rapids, IA",Iowa,Municipality,Ben Laddis,2617,,Tier 3,0.75,43.4272,-96.1759,3be804c7-ce0a-4e70-9de0-1977b276dc58,,,,,,,,,,,,,,,,,
001cv00000B21x6,"City Of Eldora, IA",Iowa,Municipality,Ben Laddis,2639,,Tier 3,0.75,42.368,-93.1058,6ea56b01-96c1-45f4-9cf7-a07583c2757a,,,,,,,,,,,,,,,,,
001cv00000B21y4,"City Of Kalona, IA",Iowa,Municipality,Ben Laddis,2663,,Tier 3,0.75,41.4831,-91.706,a65cda92-5933-4d8e-9ef7-39ffca224a7f,,,,,,,,,,,,,,,,,
001cv00000B21yo,"City Of Bloomfield, IA",Iowa,Municipality,Ben Laddis,2684,,Tier 3,0.75,40.7517,-92.4149,d5ef4c7f-d5a6-492c-927a-bc596cb7623f,,,,,,,,,,,,,,,,,
001cv00000B21yp,"City Of Missouri Valley, IA",Iowa,Municipality,Ben Laddis,2684,,Tier 3,0.75,41.5564,-95.8877,520c0ddd-2ac3-48c2-9686-bd75159d491a,,,,,,,,,,,,,,,,,
001cv00000B21yq,"City Of Hawarden, IA",Iowa,Municipality,Ben Laddis,2684,,Tier 3,0.75,42.9964,-96.4892,460638f9-d83f-48f9-b1df-36102a8922cc,,,,,,,,,,,,,,,,,
001cv00000B21zB,"City Of Camanche, IA",Iowa,Municipality,Ben Laddis,4579,,Tier 3,0.75,41.7853,-90.2529,11b22c07-f55c-4ca5-8383-d14dc7ee9a93,,,,,,,,,,,,,,,,,
001cv00000B2212,"County Of Ringgold, IA",Iowa,County,Ben Laddis,4639,,Tier 3,0.75,40.7974,-94.3154,dd146410-8edc-41c5-83db-ab410e38b763,,,,,,,,,,,,,,,,,
001cv00000B221u,"City Of Le Claire, IA",Iowa,Municipality,Ben Laddis,4708,,Tier 3,0.75,41.5975,-90.3462,803241a7-ec28-44db-815f-61a23ca6ef3f,,,,,,,,,1,2026-01-22,,,,1,,,
001cv00000bB8Pn,City of Corning,Iowa,Municipality,Asher Rosenfeld,1509,,Tier 3,0.75,40.9869,-94.7336,8db444be-17e5-43bf-bf6c-50816c0c87d7,,,,,,,,,,,,,,,,,
001cv00000bBVeW,City of Hedrick,Iowa,Municipality,Asher Rosenfeld,717,,Tier 3,0.75,41.1725,-92.3088,9d48580b-8123-47bb-a698-acc1ac3e24e2,,,,,,,,,,,,,,,,,
001cv00000bBVeb,City of Essex,Iowa,Municipality,Asher Rosenfeld,721,,Tier 3,0.75,40.8344,-95.3073,de40f46c-36f0-49db-964d-a9248fc626bc,,,,,,,,,,,,,,,,,
001cv00000bBVf5,City of Milo,Iowa,Municipality,Asher Rosenfeld,762,,Tier 3,0.75,41.2913,-93.4426,a00bdf73-1d04-4b9c-bd13-ef5636e99677,,,,,,,,,,,,,,,,,
001cv00000bBVfL,City of Eldon,Iowa,Municipality,Asher Rosenfeld,788,,Tier 3,0.75,40.9186,-92.223,f56f8a0a-744d-49e9-9a16-ea899fc3b761,,,,,,,,,,,,,,,,,
001cv00000bBVfP,City of Adair,Iowa,Municipality,Asher Rosenfeld,792,,Tier 3,0.75,41.5004,-94.6433,d4e77111-cb4b-49a7-8254-bdbb0292f7d6,,,,,,,,,,,,,,,,,
001cv00000bBVhf,City of Dunkerton,Iowa,Municipality,Asher Rosenfeld,840,,Tier 3,0.75,42.57,-92.1609,d9aaaa17-b64e-4156-bdb3-e8ceeae54176,,,,,,,,,,,,,,,,,
001cv00000bBViT,City of West Point,Iowa,Municipality,Asher Rosenfeld,903,,Tier 3,0.75,40.7167,-91.4502,80165eb7-bdcd-453c-9eeb-0761f8c11d8d,,,,,,,,,,,,,,,,,
001cv00000bBVib,City of Danville,Iowa,Municipality,Asher Rosenfeld,910,,Tier 3,0.75,40.8643,-91.3146,c0e9b2f9-366a-4c52-b5d7-418aca329a1f,,,,,,,,,,,,,,,,,
001cv00000bBVkl,City of Allison,Iowa,Municipality,Asher Rosenfeld,937,,Tier 3,0.75,42.7536,-92.7952,cbcbe723-5732-4c8a-bd74-d644155c22e9,,,,,,,,,,,,,,,,,
001cv00000bBVkq,City of Preston,Iowa,Municipality,Asher Rosenfeld,940,,Tier 3,0.75,42.0503,-90.396,2aa35629-086f-420f-9632-6bfd1e9843d0,,,,,,,,,,,,,,,,,
001cv00000bBVkx,City of Gowrie,Iowa,Municipality,Asher Rosenfeld,943,,Tier 3,0.75,42.2806,-94.2908,ee1d5257-651e-4817-b820-5c07b77d8271,,,,,,,,,,,,,,,,,
001cv00000bBVl1,City of Keosauqua,Iowa,Municipality,Asher Rosenfeld,944,,Tier 3,0.75,40.7303,-91.9624,eb0f056c-4942-4405-973f-54381908395a,,,,,,,,,,,,,,,,,
001cv00000bBVlC,City of Hinton,Iowa,Municipality,Asher Rosenfeld,959,,Tier 3,0.75,42.6266,-96.2925,a937701e-7e50-4fc9-981f-4c2295d7d172,,,,,,,,,,,,,,,,,
001cv00000bBVlQ,City of Greene,Iowa,Municipality,Asher Rosenfeld,971,,Tier 3,0.75,42.8958,-92.8024,8a4bc3ed-d852-4f8b-a0a1-cb0b0b064c40,,,,,,,,,,,,,,,,,
001cv00000bBVoB,City of Sidney,Iowa,Municipality,Asher Rosenfeld,1048,,Tier 3,0.75,40.7483,-95.6475,2f0ccb2a-d995-498e-a339-d0ce18bccd58,,,,,,,,,,,,,,,,,
001cv00000bBVoK,City of Malvern,Iowa,Municipality,Asher Rosenfeld,1056,,Tier 3,0.75,41.0063,-95.5851,0f9a47be-642d-4a0b-a426-7dcbbfeb61a5,,,,,,,,,,,,,,,,,
001cv00000bBVoP,City of Elk Run Heights,Iowa,Municipality,Asher Rosenfeld,1061,,Tier 3,0.75,42.4669,-92.2566,5c5eefb1-e527-414f-b2a2-604ab99f5eb0,,,,,,,,,,,,,,,,,
001cv00000bBVpJ,City of Lake View,Iowa,Municipality,Asher Rosenfeld,1120,,Tier 3,0.75,42.3117,-95.0533,04c0d4b4-c740-4d74-8e9b-8b2f0bedd970,,,,,,,,,,,,,,,,,
001cv00000bBVsm,City of Buffalo,Iowa,Municipality,Asher Rosenfeld,1163,,Tier 3,0.75,41.4554,-90.7233,fc5a3819-589f-424a-840f-d4ed08aae2a3,,,,,,,,,,,,,,,,,
001cv00000bBVw6,City of Saint Ansgar,Iowa,Municipality,Asher Rosenfeld,1172,,Tier 3,0.75,43.3785,-92.9204,b27ce6b1-b25e-4d04-a0a9-a12f142be623,,,,,,,,,,,,,,,,,
001cv00000bBVwX,City of University Heights,Iowa,Municipality,Asher Rosenfeld,1188,,Tier 3,0.75,41.6557,-91.5597,12f81103-b622-4798-92d0-037117c7b699,,,,,,,,,,,,,,,,,
001cv00000bBVwb,City of Elkader,Iowa,Municipality,Asher Rosenfeld,1192,,Tier 3,0.75,42.8539,-91.4054,bd7b93fe-55d6-4975-8e70-bdfbe57c3793,,,,,,,,,,,,,,,,,
001cv00000bBVwd,City of Fayette,Iowa,Municipality,Asher Rosenfeld,1193,,Tier 3,0.75,42.8419,-91.8021,92b456c0-161d-4c47-ae5c-e3e607d79ad5,,,,,,,,,,,,,,,,,
001cv00000bBVxQ,City of Laurens,Iowa,Municipality,Asher Rosenfeld,1253,,Tier 3,0.75,42.8466,-94.8519,96055517-c210-40a5-b0f2-cb4083c05b0c,,,,,,,,,,,,,,,,,
001cv00000bBVxW,City of Coon Rapids,Iowa,Municipality,Asher Rosenfeld,1258,,Tier 3,0.75,41.8708,-94.6775,6d68c9da-83d0-4905-b538-a8aefc98831a,,,,,,,,,,,,,,,,,
001cv00000bBVxc,City of Shell Rock,Iowa,Municipality,Asher Rosenfeld,1265,,Tier 3,0.75,42.7102,-92.583,f16e854f-90dd-4140-b62b-77a3ff49ac62,,,,,,,,,,,,,,,,,
001cv00000bBVy4,City of Dike,Iowa,Municipality,Asher Rosenfeld,1293,,Tier 3,0.75,42.4641,-92.6282,4cd96817-9413-4608-972d-818f35ec6068,,,,,,,,,,,,,,,,,
001cv00000bBWBb,City of Ackley,Iowa,Municipality,Asher Rosenfeld,1538,,Tier 3,0.75,42.5555,-93.053,26229b7e-37e8-4d0d-a678-bb83e5465697,,,,,,,,,,,,,,,,,
001cv00000bBWBi,City of Akron,Iowa,Municipality,Asher Rosenfeld,1545,,Tier 3,0.75,42.8287,-96.5606,16c6f4f1-47af-4553-aecc-7bde44623d00,,,,,,,,,,,,,,,,,
001cv00000bBWBj,City of Traer,Iowa,Municipality,Asher Rosenfeld,1547,,Tier 3,0.75,42.1936,-92.4655,1dfa75eb-c8bf-4dcd-89cb-07f053fa485d,,,,,,,,,,,,,,,,,
001cv00000bBWC2,City of Guthrie Center,Iowa,Municipality,Asher Rosenfeld,1579,,Tier 3,0.75,41.6772,-94.5033,feb00ff2-1bee-433c-87fb-d6a4c07c1182,,,,,,,,,,,,,,,,,
001cv00000bBWC6,City of Hartley,Iowa,Municipality,Asher Rosenfeld,1584,,Tier 3,0.75,43.1803,-95.4771,a38213ec-397f-4efc-8a36-035d671d3b6a,,,,,,,,,,,,,,,,,
001cv00000bBWDL,City of Denver,Iowa,Municipality,Asher Rosenfeld,1955,,Tier 3,0.75,42.6714,-92.3374,0b2c42fe-b816-4e9b-88aa-938a0d47c0ef,,,,,,,,,,,,,,,,,
001cv00000bBWDZ,City of Sigourney,Iowa,Municipality,Asher Rosenfeld,1974,,Tier 3,0.75,41.3333,-92.2046,ed6ce852-b878-4056-beb0-6153cd825f16,,,,,,,,,,,,,,,,,
001cv00000bBWEn,Woodbury County,Iowa,County,Asher Rosenfeld,107257,,Tier S,2.0,42.3166,-95.9833,ad101fdc-2d67-4b0f-be99-09d0de268af4,,,,,,,,,,,,,,,,,
001cv00000bBWIv,City of Leon,Iowa,Municipality,Asher Rosenfeld,1779,,Tier 3,0.75,40.7397,-93.7477,7e9d134f-9fc4-4d22-852e-4f792ae12d53,,,,,,,,,,,,,,,,,
001cv00000bBWJ9,City of Durant,Iowa,Municipality,Asher Rosenfeld,1798,,Tier 3,0.75,41.5998,-90.9107,6ca21b63-9d08-45b7-bef1-7f6d8f83bcb0,,,,,,,,,,,,,,,,,
001cv00000bBWJk,City of Van Meter,Iowa,Municipality,Asher Rosenfeld,1840,,Tier 3,0.75,41.5333,-93.9544,68a06790-c14a-4739-bbe1-957854f70a41,,,,,,,,,,,,,,,,,
001cv00000bBWJv,City of Pocahontas,Iowa,Municipality,Asher Rosenfeld,1848,,Tier 3,0.75,42.7355,-94.6691,0ae123e3-04c8-45bd-9dab-a95f275d5044,,,,,,,,,,,,,,,,,
001cv00000bBWJz,City of New London,Iowa,Municipality,Asher Rosenfeld,1853,,Tier 3,0.75,40.927,-91.3996,1da7cb04-7201-4376-b022-84d8e29f1fbd,,,,,,,,,,,,,,,,,
001cv00000bBWKO,City of Stuart,Iowa,Municipality,Asher Rosenfeld,1887,,Tier 3,0.75,41.5034,-94.3184,53ce24d7-c83e-41fc-863b-028e1cda4113,,,,,,,,,,,,,,,,,
001cv00000bBWMz,"City of Davenport, IA",Iowa,Municipality,Asher Rosenfeld,100938,,Tier S,2.0,41.5238,-90.5766,1295079f-3631-4838-86f0-137056a8f5b3,,,,,,,,,12,2026-05-18,12,,,,,,
001cv00000bBWNx,City of Slater,Iowa,Municipality,Asher Rosenfeld,1626,,Tier 3,0.75,41.8778,-93.6821,fe6c0c8e-355e-4a26-878f-8f94c498dea9,,,,,,,,,,,,,,,,,
001cv00000bBWO3,City of Urbana,Iowa,Municipality,Asher Rosenfeld,1635,,Tier 3,0.75,42.2242,-91.8743,1cda5739-d9ca-4f9d-99d6-745fea2f7e3a,,,,,,,,,,,,,,,,,
001cv00000bBWOE,City of Manson,Iowa,Municipality,Asher Rosenfeld,1646,,Tier 3,0.75,42.5291,-94.5341,bad0ae26-b09a-4ec2-9429-f0cc23473f54,,,,,,,,,,,,,,,,,
001cv00000bBWOd,City of Mediapolis,Iowa,Municipality,Asher Rosenfeld,1679,,Tier 3,0.75,41.0081,-91.164,1dff884b-408f-4840-b8de-65110d59470b,,,,,,,,,,,,,,,,,
001cv00000bBWOl,City of Avoca,Iowa,Municipality,Asher Rosenfeld,1685,,Tier 3,0.75,41.4767,-95.3381,e324769d-b61c-4c83-8d52-22d5afc751fd,,,,,,,,,,,,,,,,,
001cv00000bBWP7,City of Woodbine,Iowa,Municipality,Asher Rosenfeld,1707,,Tier 3,0.75,41.737,-95.7021,00a5d5dd-505d-4ff1-8c3c-dfc7e3885b97,,,,,,,,,,,,,,,,,
001cv00000bBWP8,City of Blue Grass,Iowa,Municipality,Asher Rosenfeld,1707,,Tier 3,0.75,41.5089,-90.766,68207f47-747e-4a5a-9faf-2b18349f22aa,,,,,,,,,,,,,,,,,
001cv00000bBWPB,City of Moville,Iowa,Municipality,Asher Rosenfeld,1707,,Tier 3,0.75,42.4889,-96.0725,8b88d4f8-de96-4bb2-87ef-d936051b0b90,,,,,,,,,,,,,,,,,
001cv00000bBWPW,City of Farley,Iowa,Municipality,Asher Rosenfeld,1723,,Tier 3,0.75,42.4451,-91.0062,2efbc5f1-19fb-45bb-ae22-94157c008f83,,,,,,,,,,,,,,,,,
001cv00000bBWQh,City of Dallas Center,Iowa,Municipality,Asher Rosenfeld,1993,,Tier 3,0.75,41.6843,-93.9612,22a7a8ca-9446-4f32-b6fb-14a91fc348a1,,,,,,,,,,,,,,,,,
001cv00000bBWRD,City of Granger,Iowa,Municipality,Asher Rosenfeld,2095,,Tier 3,0.75,41.7611,-93.8244,b39c8353-2ce0-4ae9-aaae-516e5d38239f,,,,,,,,,,,,,,,,,
001cv00000bBWRM,City of Peosta,Iowa,Municipality,Asher Rosenfeld,2195,,Tier 3,0.75,42.4458,-90.8504,ee0eaf42-5107-44d7-8269-0abb1c328993,,,,,,,,,,,,,,,,,
001cv00000bBWT6,"City of Cedar Rapids, IA",Iowa,Municipality,Asher Rosenfeld,137904,,Tier S,2.0,41.9779,-91.6656,cc5d1235-8b39-4294-ad00-833f50d23c3c,,,,,,,,,5,2026-04-22,5,,,,,,
001cv00000bBWXi,Polk County,Iowa,County,Asher Rosenfeld,516185,,Tier S,2.0,41.6278,-93.5003,d6151365-8721-4fdb-a753-43242af00fce,,,,,,,,,,,,,,,,,
001cv00000bBWtN,City of Roland,Iowa,Municipality,Asher Rosenfeld,1376,,Tier 3,0.75,42.1664,-93.5019,24e86119-3214-4b40-8bdc-f71177a06354,,,,,,,,,,,,,,,,,
001cv00000bBWtb,City of Manning,Iowa,Municipality,Asher Rosenfeld,1390,,Tier 3,0.75,41.9091,-95.0651,61af1e0b-0e16-41ea-bac7-73fd3844bd98,,,,,,,,,,,,,,,,,
001cv00000bBWtf,City of Gilbert,Iowa,Municipality,Asher Rosenfeld,1397,,Tier 3,0.75,42.1069,-93.6497,589c4de3-74a5-482c-8617-a46e39d2e4fb,,,,,,,,,,,,,,,,,
001cv00000bBWtk,City of State Center,Iowa,Municipality,Asher Rosenfeld,1403,,Tier 3,0.75,42.0167,-93.1635,f0e410e7-03b1-4da3-92d3-7b94fa6666e6,,,,,,,,,,,,,,,,,
001cv00000bBWuM,City of Monona,Iowa,Municipality,Asher Rosenfeld,1462,,Tier 3,0.75,43.0516,-91.3893,4379f109-48c3-41a4-904d-e8b5ccb8bd93,,,,,,,,,,,,,,,,,
001cv00000bBWuV,City of Brooklyn,Iowa,Municipality,Asher Rosenfeld,1474,,Tier 3,0.75,41.7316,-92.4454,d6d49204-84f5-43be-bdc3-9ed945651b51,,,,,,,,,,,,,,,,,
001cv00000bBWyX,"City of Des Moines, IA",Iowa,Municipality,Asher Rosenfeld,213096,,Tier S,2.0,41.5896,-93.6164,9cdfd35e-6579-4225-91a1-4f2badec9e0c,,,,,,,,,2,2026-04-16,2,,,,,,
001cv00000bBWyl,Linn County,Iowa,County,Asher Rosenfeld,231762,,Tier S,2.0,42.066,-91.6761,7d213bf6-b673-4059-a025-4f553a1d31f1,,,,,,,,,,,,,,,,,
